-- MySQL dump 10.13  Distrib 8.1.0, for Win64 (x86_64)
--
-- Host: localhost    Database: market
-- ------------------------------------------------------
-- Server version	8.1.0

/*!40101 SET @OLD_CHARACTER_SET_CLIENT=@@CHARACTER_SET_CLIENT */;
/*!40101 SET @OLD_CHARACTER_SET_RESULTS=@@CHARACTER_SET_RESULTS */;
/*!40101 SET @OLD_COLLATION_CONNECTION=@@COLLATION_CONNECTION */;
/*!50503 SET NAMES utf8mb4 */;
/*!40103 SET @OLD_TIME_ZONE=@@TIME_ZONE */;
/*!40103 SET TIME_ZONE='+00:00' */;
/*!40014 SET @OLD_UNIQUE_CHECKS=@@UNIQUE_CHECKS, UNIQUE_CHECKS=0 */;
/*!40014 SET @OLD_FOREIGN_KEY_CHECKS=@@FOREIGN_KEY_CHECKS, FOREIGN_KEY_CHECKS=0 */;
/*!40101 SET @OLD_SQL_MODE=@@SQL_MODE, SQL_MODE='NO_AUTO_VALUE_ON_ZERO' */;
/*!40111 SET @OLD_SQL_NOTES=@@SQL_NOTES, SQL_NOTES=0 */;

--
-- Table structure for table `activities`
--

DROP TABLE IF EXISTS `activities`;
/*!40101 SET @saved_cs_client     = @@character_set_client */;
/*!50503 SET character_set_client = utf8mb4 */;
CREATE TABLE `activities` (
  `id` int NOT NULL AUTO_INCREMENT,
  `type` varchar(20) NOT NULL,
  `_date` datetime NOT NULL,
  `username` int NOT NULL,
  `description` text,
  PRIMARY KEY (`id`),
  KEY `activities_ibfk_1` (`username`),
  CONSTRAINT `activities_ibfk_1` FOREIGN KEY (`username`) REFERENCES `users` (`id`) ON DELETE CASCADE ON UPDATE CASCADE
) ENGINE=InnoDB AUTO_INCREMENT=4386 DEFAULT CHARSET=utf8mb4 COLLATE=utf8mb4_0900_ai_ci;
/*!40101 SET character_set_client = @saved_cs_client */;

--
-- Dumping data for table `activities`
--

LOCK TABLES `activities` WRITE;
/*!40000 ALTER TABLE `activities` DISABLE KEYS */;
INSERT INTO `activities` VALUES (4305,'فاتورة جديدة','2021-01-30 16:34:17',1,'Code: 6, Price: 27'),(4306,'اضافة','2021-02-01 16:03:46',1,''),(4307,'فاتورة جديدة','2021-02-01 16:11:24',1,'Code: 1, Price: 26'),(4308,'تعديل','2021-02-01 16:15:14',1,'شادي'),(4309,'تعديل فاتورة','2021-02-01 17:00:32',1,'Code: 1918, Price: 15'),(4310,'اضافة','2021-02-01 17:00:58',1,'9662945738: ام اند ام كرسبي برطمان 200جم'),(4311,'فاتورة جديدة','2021-02-02 17:00:25',1,'Code: 1, Price: 15'),(4312,'فاتورة جديدة','2021-02-04 14:20:29',1,'Code: 1, Price: 10'),(4313,'فاتورة جديدة','2021-02-04 14:22:21',1,'Code: 1, Price: 400'),(4314,'تعديل فاتورة','2021-02-04 14:22:29',1,'Code: 2309, Price: 400'),(4315,'فاتورة جديدة','2021-02-04 23:57:09',1,'Code: 2, Price: 20'),(4316,'فاتورة جديدة','2021-02-04 23:57:41',1,'Code: 3, Price: 30'),(4317,'فاتورة جديدة','2021-02-04 23:57:53',1,'Code: 4, Price: 20'),(4318,'فاتورة جديدة','2021-02-04 23:58:09',1,'Code: 5, Price: 17'),(4319,'فاتورة جديدة','2021-02-05 00:04:58',1,'Code: 1, Price: 15'),(4320,'فاتورة جديدة','2021-02-05 20:53:58',1,'Code: 2, Price: 10'),(4321,'فاتورة جديدة','2021-02-05 20:54:23',1,'Code: 3, Price: 5'),(4322,'فاتورة جديدة','2021-02-05 20:54:39',1,'Code: 4, Price: 8'),(4323,'تعديل فاتورة','2021-02-05 20:56:01',1,'Code: 2317, Price: 8'),(4324,'فاتورة جديدة','2021-02-05 21:01:33',1,'Code: 5, Price: 15'),(4325,'فاتورة جديدة','2021-02-05 21:01:41',1,'Code: 6, Price: 10'),(4326,'فاتورة جديدة','2021-02-13 21:05:25',1,'Code: 1, Price: 975'),(4327,'فاتورة جديدة','2021-02-13 21:05:40',1,'Code: 2, Price: 77'),(4328,'فاتورة جديدة','2021-02-13 21:05:50',1,'Code: 3, Price: 61'),(4329,'فاتورة جديدة','2021-02-13 21:08:21',1,'Code: 1, Price: 7860'),(4330,'تعديل فاتورة','2021-02-13 21:10:21',1,'Code: 2323, Price: 7860'),(4331,'تعديل فاتورة','2021-02-13 21:10:29',1,'Code: 2323, Price: 7860'),(4332,'تعديل فاتورة','2021-02-13 21:11:23',1,'Code: 2321, Price: 77'),(4333,'تعديل فاتورة','2021-02-13 21:11:29',1,'Code: 2321, Price: 77'),(4334,'تعديل','2021-02-13 21:32:39',1,'تسوية الاصناف'),(4335,'اضافة','2021-02-13 21:32:39',1,' Name: لوتس سبيكلوس 250 جم,exp: 2021-02-25,quantity: 3'),(4336,'فاتورة جديدة','2021-02-13 21:34:19',1,'Code: 4, Price: 107'),(4337,'فاتورة جديدة','2021-02-15 15:01:28',1,'Code: 1, Price: 5232'),(4338,'تعديل فاتورة','2021-02-15 15:02:04',1,'Code: 2325, Price: 5232'),(4339,'فاتورة جديدة','2021-04-01 20:46:38',1,'Code: 1, Price: 145'),(4340,'تعديل فاتورة','2021-04-01 20:56:00',1,'Code: 2040, Price: 20'),(4341,'تعديل فاتورة','2021-04-01 21:14:07',1,'Code: 2046, Price: 90'),(4342,'تعديل فاتورة','2021-04-01 21:15:13',1,'Code: 2320, Price: 675'),(4343,'اضافة','2021-04-11 08:56:41',1,'محمود'),(4344,'اضافة','2021-04-11 08:56:48',1,'ايمن'),(4345,'اضافة','2021-04-11 08:56:57',1,'مصطفى'),(4346,'اضافة','2021-04-11 08:57:07',1,'سعيد'),(4347,'اضافة','2021-04-11 08:57:14',1,'تامر'),(4348,'تعديل فاتورة','2021-04-11 08:58:31',1,'Code: 2284, Price: 570'),(4349,'تعديل فاتورة','2021-04-11 09:23:29',1,'Code: 2309, Price: 400'),(4350,'تعديل','2021-04-11 09:23:52',1,'5410126256017: : 2021-06-11: 9'),(4351,'تعديل','2021-04-11 09:24:00',1,'5410126256017: : 2021-06-11: 9'),(4352,'تعديل فاتورة','2021-04-11 09:24:23',1,'Code: 2309, Price: 400'),(4353,'تعديل فاتورة','2021-04-11 09:26:23',1,'Code: 2309, Price: 400'),(4354,'تعديل فاتورة','2021-04-18 20:20:39',1,'Code: 2309, Price: 400'),(4355,'تعديل فاتورة','2021-04-18 20:22:19',1,'Code: 2323, Price: 7860'),(4356,'تعديل فاتورة','2021-04-18 20:29:29',1,'Code: 2309, Price: 400'),(4357,'تعديل فاتورة','2021-04-18 20:29:48',1,'Code: 2309, Price: 400'),(4358,'تعديل فاتورة','2021-04-18 20:31:32',1,'Code: 2309, Price: 400'),(4359,'تعديل فاتورة','2021-04-18 20:31:57',1,'Code: 2309, Price: 400'),(4360,'تعديل فاتورة','2021-04-18 20:32:25',1,'Code: 2309, Price: 400'),(4361,'تعديل فاتورة','2021-04-18 20:32:57',1,'Code: 2309, Price: 400'),(4362,'تعديل فاتورة','2021-04-18 20:33:13',1,'Code: 2309, Price: 400'),(4363,'تعديل','2021-05-14 22:51:59',1,'40111490: : 2021-01-29: 0'),(4364,'تعديل','2021-05-14 22:52:33',1,'40111490: : 2021-01-29: 0'),(4365,'فاتورة جديدة','2021-05-23 22:12:14',1,'Code: 1, Price: 40'),(4366,'تعديل فاتورة','2021-05-23 22:12:47',1,'Code: 2327, Price: 30'),(4367,'تعديل فاتورة','2021-05-23 22:13:25',1,'Code: 2327, Price: 40'),(4368,'تعديل فاتورة','2021-05-23 22:13:52',1,'Code: 2327, Price: 30'),(4369,'فاتورة جديدة','2021-05-23 22:42:33',1,'Code: 1, Price: 115'),(4370,'تعديل فاتورة','2021-05-23 22:43:22',1,'Code: 2328, Price: 100'),(4371,'تعديل فاتورة','2021-05-23 22:43:48',1,'Code: 2328, Price: 100'),(4372,'فاتورة جديدة','2021-05-23 22:44:23',1,'Code: 2, Price: 35'),(4373,'فاتورة جديدة','2021-06-10 17:27:21',1,'Code: 1, Price: 560'),(4374,'تعديل','2021-06-29 16:49:07',1,'5000159376792: : 2021-11-01: 3'),(4375,'تعديل','2021-06-29 16:49:15',1,'5000159376792: : 2021-11-01: 1'),(4376,'فاتورة جديدة','2021-06-29 16:50:04',1,'Code: 1, Price: 130'),(4377,'تعديل فاتورة','2021-06-29 16:50:51',1,'Code: 2331, Price: 132'),(4378,'تعديل','2021-12-24 19:25:01',1,'تسوية الاصناف'),(4379,'اضافة','2021-12-24 19:25:01',1,' Name: شيبسي,exp: 2022-02-24,quantity: 3'),(4380,'تعديل','2023-06-24 18:47:21',1,'تسوية الاصناف'),(4381,'اضافة','2023-06-24 18:47:21',1,' Name: كتكات دارك 4 صابع,exp: 12/29/2023,quantity: 10'),(4382,'فاتورة جديدة','2023-06-24 18:56:25',1,'Code: 1, Price: 145'),(4383,'فاتورة جديدة','2023-06-24 19:16:13',1,'Code: 2, Price: 15'),(4384,'تعديل فاتورة','2023-06-24 19:17:09',1,'Code: 2333, Price: 150'),(4385,'فاتورة جديدة','2023-06-24 19:19:11',1,'Code: 1, Price: 35');
/*!40000 ALTER TABLE `activities` ENABLE KEYS */;
UNLOCK TABLES;

--
-- Table structure for table `bill`
--

DROP TABLE IF EXISTS `bill`;
/*!40101 SET @saved_cs_client     = @@character_set_client */;
/*!50503 SET character_set_client = utf8mb4 */;
CREATE TABLE `bill` (
  `id` int NOT NULL,
  `id_in_day` int NOT NULL,
  `_date` varchar(50) NOT NULL,
  `item_total_number` int NOT NULL,
  `person` int NOT NULL,
  `employee` int NOT NULL,
  `price` decimal(10,2) NOT NULL,
  `discount` int NOT NULL DEFAULT '0',
  `totalPrice` decimal(10,2) NOT NULL,
  `paid` decimal(10,2) NOT NULL,
  `rest` decimal(10,2) NOT NULL,
  `type` varchar(20) NOT NULL,
  `profit` decimal(10,0) NOT NULL DEFAULT '0',
  `account` varchar(50) NOT NULL DEFAULT 'المحل',
  PRIMARY KEY (`id`),
  KEY `employee` (`employee`),
  KEY `person` (`person`),
  CONSTRAINT `bill_ibfk_1` FOREIGN KEY (`person`) REFERENCES `person` (`id`),
  CONSTRAINT `bill_ibfk_2` FOREIGN KEY (`employee`) REFERENCES `users` (`id`)
) ENGINE=InnoDB DEFAULT CHARSET=utf8mb4 COLLATE=utf8mb4_0900_ai_ci;
/*!40101 SET character_set_client = @saved_cs_client */;

--
-- Dumping data for table `bill`
--

LOCK TABLES `bill` WRITE;
/*!40000 ALTER TABLE `bill` DISABLE KEYS */;
INSERT INTO `bill` VALUES (1,1,'2020-12-04 00:00:00',0,1,1,0.00,0,0.00,0.00,0.00,'شراء',0,'المحل'),(3,1,'2020-12-16 05:41',4,0,1,55.00,0,55.00,55.00,0.00,'بيع',55,'المحل'),(4,2,'2020-12-16 05:55',5,0,1,30.00,0,30.00,30.00,0.00,'بيع',30,'المحل'),(5,3,'2020-12-16 06:03',5,0,1,35.00,0,35.00,35.00,0.00,'بيع',35,'المحل'),(6,4,'2020-12-16 06:20',5,0,1,283.00,0,283.00,283.00,0.00,'بيع',283,'المحل'),(7,5,'2020-12-16 06:27',3,0,1,20.00,0,20.00,20.00,0.00,'بيع',20,'المحل'),(8,6,'2020-12-16 06:27',1,0,1,20.00,0,20.00,20.00,0.00,'بيع',20,'المحل'),(9,7,'2020-12-16 06:35',1,0,1,5.00,0,5.00,5.00,0.00,'بيع',5,'المحل'),(10,8,'2020-12-16 06:36',3,0,1,16.00,0,16.00,16.00,0.00,'بيع',16,'المحل'),(11,9,'2020-12-16 06:45',2,0,1,10.00,0,10.00,10.00,0.00,'بيع',2,'المحل'),(12,10,'2020-12-16 07:02',1,0,1,5.00,0,5.00,5.00,0.00,'بيع',5,'المحل'),(13,11,'2020-12-16 07:14',1,0,1,55.00,0,55.00,55.00,0.00,'بيع',55,'المحل'),(14,12,'2020-12-16 07:33',1,0,1,20.00,0,20.00,20.00,0.00,'بيع',20,'المحل'),(15,13,'2020-12-16 07:35',2,0,1,20.00,0,20.00,20.00,0.00,'بيع',20,'المحل'),(16,14,'2020-12-16 07:44',1,0,1,3.00,0,3.00,3.00,0.00,'بيع',3,'المحل'),(17,15,'2020-12-16 07:48',2,0,1,45.00,0,45.00,45.00,0.00,'بيع',20,'المحل'),(18,16,'2020-12-16 08:13',1,0,1,8.00,0,8.00,8.00,0.00,'بيع',8,'المحل'),(19,17,'2020-12-16 08:47',2,0,1,10.00,0,10.00,10.00,0.00,'بيع',10,'المحل'),(20,18,'2020-12-16 09:04',2,0,1,10.00,0,10.00,10.00,0.00,'بيع',10,'المحل'),(21,20,'2020-12-16 09:04',1,0,1,5.00,0,5.00,5.00,0.00,'بيع',5,'المحل'),(22,21,'2020-12-16 09:07',1,0,1,10.00,0,10.00,10.00,0.00,'بيع',10,'المحل'),(23,22,'2020-12-16 09:19',5,0,1,111.00,0,111.00,111.00,0.00,'بيع',111,'المحل'),(24,23,'2020-12-16 09:19',1,0,1,10.00,0,10.00,10.00,0.00,'بيع',10,'المحل'),(25,24,'2020-12-16 10:05',1,0,1,15.00,0,15.00,15.00,0.00,'بيع',15,'المحل'),(26,25,'2020-12-16 10:11',1,0,1,2.00,0,2.00,2.00,0.00,'بيع',2,'المحل'),(27,26,'2020-12-16 10:37',1,0,1,10.00,0,10.00,10.00,0.00,'بيع',10,'المحل'),(28,27,'2020-12-16 10:39',1,0,1,20.00,0,20.00,20.00,0.00,'بيع',20,'المحل'),(29,28,'2020-12-16 10:42',1,0,1,14.00,0,14.00,14.00,0.00,'بيع',14,'المحل'),(30,29,'2020-12-16 10:54',3,0,1,33.00,0,33.00,33.00,0.00,'بيع',33,'المحل'),(31,30,'2020-12-16 11:02',4,0,1,50.00,0,50.00,50.00,0.00,'بيع',50,'المحل'),(32,31,'2020-12-16 11:03',2,0,1,20.00,0,20.00,20.00,0.00,'بيع',20,'المحل'),(33,32,'2020-12-16 11:20',1,0,1,15.00,0,15.00,15.00,0.00,'بيع',15,'المحل'),(34,1,'2020-12-17 12:33',2,0,1,11.00,0,11.00,11.00,0.00,'بيع',11,'المحل'),(35,2,'2020-12-17 12:34',1,0,1,5.00,0,5.00,5.00,0.00,'بيع',5,'المحل'),(36,3,'2020-12-17 12:34',6,0,1,46.00,0,46.00,46.00,0.00,'بيع',46,'المحل'),(37,4,'2020-12-17 01:26',4,0,1,26.00,0,26.00,26.00,0.00,'بيع',26,'المحل'),(38,5,'2020-12-17 01:58',3,0,1,11.00,0,11.00,11.00,0.00,'بيع',11,'المحل'),(39,6,'2020-12-17 02:08',3,0,1,10.00,0,10.00,10.00,0.00,'بيع',10,'المحل'),(40,7,'2020-12-17 02:51',6,0,1,35.00,0,35.00,35.00,0.00,'بيع',35,'المحل'),(41,8,'2020-12-17 09:54',27,0,1,296.00,0,296.00,296.00,0.00,'بيع',296,'المحل'),(42,9,'2020-12-17 02:08',3,0,1,33.00,0,33.00,33.00,0.00,'بيع',33,'المحل'),(43,10,'2020-12-17 02:36',6,0,1,36.00,0,36.00,36.00,0.00,'بيع',36,'المحل'),(44,11,'2020-12-17 03:22',15,0,1,84.00,0,84.00,84.00,0.00,'بيع',84,'المحل'),(45,12,'2020-12-17 04:47',3,0,1,50.00,0,50.00,50.00,0.00,'بيع',50,'المحل'),(46,13,'2020-12-17 04:49',5,0,1,40.00,0,40.00,40.00,0.00,'بيع',40,'المحل'),(47,14,'2020-12-17 05:01',3,0,1,30.00,0,30.00,30.00,0.00,'بيع',30,'المحل'),(48,15,'2020-12-17 05:10',1,0,1,5.00,0,5.00,5.00,0.00,'بيع',5,'المحل'),(49,16,'2020-12-17 05:36',1,0,1,5.00,0,5.00,5.00,0.00,'بيع',5,'المحل'),(50,17,'2020-12-17 05:41',1,0,1,5.00,0,5.00,5.00,0.00,'بيع',5,'المحل'),(51,18,'2020-12-17 05:41',1,0,1,10.00,0,10.00,10.00,0.00,'بيع',10,'المحل'),(52,51,'2020-12-17 05:41',1,0,1,20.00,0,20.00,20.00,0.00,'بيع',20,'المحل'),(53,52,'2020-12-17 05:48',5,0,1,56.00,0,56.00,56.00,0.00,'بيع',56,'المحل'),(54,53,'2020-12-17 05:51',1,0,1,5.00,0,5.00,5.00,0.00,'بيع',5,'المحل'),(55,54,'2020-12-17 05:56',3,0,1,50.00,0,50.00,50.00,0.00,'بيع',50,'المحل'),(56,55,'2020-12-17 05:59',4,0,1,30.00,0,30.00,30.00,0.00,'بيع',30,'المحل'),(57,56,'2020-12-17 06:02',1,0,1,2.00,0,2.00,2.00,0.00,'بيع',2,'المحل'),(58,57,'2020-12-17 06:05',3,0,1,15.00,0,15.00,15.00,0.00,'بيع',15,'المحل'),(59,58,'2020-12-17 06:20',1,0,1,5.00,0,5.00,5.00,0.00,'بيع',5,'المحل'),(60,59,'2020-12-17 06:21',2,0,1,27.00,0,27.00,27.00,0.00,'بيع',27,'المحل'),(61,60,'2020-12-17 06:33',4,0,1,213.00,0,213.00,213.00,0.00,'بيع',213,'المحل'),(62,61,'2020-12-17 06:34',2,0,1,5.00,0,5.00,5.00,0.00,'بيع',5,'المحل'),(63,62,'2020-12-17 06:57',1,0,1,1.00,0,1.00,1.00,0.00,'بيع',1,'المحل'),(64,63,'2020-12-17 07:02',8,0,1,78.00,0,78.00,78.00,0.00,'بيع',78,'المحل'),(65,64,'2020-12-17 07:06',4,0,1,21.00,0,21.00,21.00,0.00,'بيع',21,'المحل'),(66,65,'2020-12-17 07:07',1,0,1,3.00,0,3.00,3.00,0.00,'بيع',3,'المحل'),(67,66,'2020-12-17 07:31',2,0,1,8.00,0,8.00,8.00,0.00,'بيع',8,'المحل'),(68,67,'2020-12-17 07:38',3,0,1,32.00,0,32.00,32.00,0.00,'بيع',32,'المحل'),(69,68,'2020-12-17 07:45',2,0,1,68.00,0,68.00,68.00,0.00,'بيع',68,'المحل'),(70,69,'2020-12-17 08:03',1,0,1,14.00,0,14.00,14.00,0.00,'بيع',14,'المحل'),(71,70,'2020-12-17 21:02:45',2,0,1,56.00,0,56.00,56.00,0.00,'بيع',56,'المحل'),(72,71,'2020-12-17 21:03:46',4,0,1,30.00,0,30.00,30.00,0.00,'بيع',13,'المحل'),(73,72,'2020-12-17 21:06:01',2,0,1,10.00,0,10.00,10.00,0.00,'بيع',10,'المحل'),(74,73,'2020-12-17 21:16:17',1,0,1,2.00,0,2.00,2.00,0.00,'بيع',2,'المحل'),(75,74,'2020-12-17 21:18:59',1,0,1,5.00,0,5.00,5.00,0.00,'بيع',5,'المحل'),(76,75,'2020-12-17 21:35:18',1,0,1,10.00,0,10.00,10.00,0.00,'بيع',10,'المحل'),(77,76,'2020-12-17 22:27:38',2,0,1,15.00,0,15.00,15.00,0.00,'بيع',15,'المحل'),(78,77,'2020-12-17 22:49:07',1,0,1,2.00,0,2.00,2.00,0.00,'بيع',2,'المحل'),(79,78,'2020-12-17 22:56:02',4,0,1,50.00,0,50.00,50.00,0.00,'بيع',50,'المحل'),(80,79,'2020-12-17 23:00:33',1,0,1,5.00,0,5.00,5.00,0.00,'بيع',5,'المحل'),(81,80,'2020-12-17 23:22:21',4,0,1,55.00,0,55.00,55.00,0.00,'بيع',55,'المحل'),(82,81,'2020-12-17 23:35:40',2,0,1,26.00,0,26.00,26.00,0.00,'بيع',26,'المحل'),(83,82,'2020-12-17 23:48:08',1,0,1,5.00,0,5.00,5.00,0.00,'بيع',5,'المحل'),(84,1,'2020-12-18 00:14:00',2,0,1,20.00,0,20.00,20.00,0.00,'بيع',20,'المحل'),(85,2,'2020-12-18 00:14:23',4,0,1,26.00,0,26.00,26.00,0.00,'بيع',26,'المحل'),(86,3,'2020-12-18 00:15:01',2,0,1,35.00,0,35.00,35.00,0.00,'بيع',35,'المحل'),(87,4,'2020-12-18 00:16:00',1,0,1,6.00,0,6.00,6.00,0.00,'بيع',6,'المحل'),(88,5,'2020-12-18 00:16:16',1,0,1,5.00,0,5.00,5.00,0.00,'بيع',5,'المحل'),(89,6,'2020-12-18 00:28:41',1,0,1,10.00,0,10.00,10.00,0.00,'بيع',10,'المحل'),(90,7,'2020-12-18 00:35:33',2,0,1,100.00,0,100.00,100.00,0.00,'بيع',100,'المحل'),(91,8,'2020-12-18 01:00:18',1,0,1,45.00,0,45.00,45.00,0.00,'بيع',45,'المحل'),(92,9,'2020-12-18 01:01:12',1,0,1,5.00,0,5.00,5.00,0.00,'بيع',5,'المحل'),(93,10,'2020-12-18 01:04:20',1,0,1,2.00,0,2.00,2.00,0.00,'بيع',1,'المحل'),(94,11,'2020-12-18 01:17:04',1,0,1,10.00,0,10.00,10.00,0.00,'بيع',10,'المحل'),(95,12,'2020-12-18 01:17:47',1,0,1,9.00,0,9.00,9.00,0.00,'بيع',9,'المحل'),(96,13,'2020-12-18 01:36:36',3,0,1,18.00,0,18.00,18.00,0.00,'بيع',18,'المحل'),(97,14,'2020-12-18 01:53:37',3,0,1,22.00,0,22.00,22.00,0.00,'بيع',22,'المحل'),(98,15,'2020-12-18 01:55:05',2,0,1,50.00,0,50.00,50.00,0.00,'بيع',50,'المحل'),(99,16,'2020-12-18 02:09:35',1,0,1,5.00,0,5.00,5.00,0.00,'بيع',5,'المحل'),(100,17,'2020-12-18 02:10:03',3,0,1,15.00,0,15.00,15.00,0.00,'بيع',15,'المحل'),(101,18,'2020-12-18 02:12:05',1,0,1,5.00,0,5.00,5.00,0.00,'بيع',5,'المحل'),(102,19,'2020-12-18 03:03:30',1,0,1,25.00,0,25.00,25.00,0.00,'بيع',25,'المحل'),(103,20,'2020-12-18 03:05:17',6,0,1,70.00,0,70.00,70.00,0.00,'بيع',70,'المحل'),(104,21,'2020-12-18 03:14:29',27,0,1,607.00,0,607.00,607.00,0.00,'بيع',607,'المحل'),(105,22,'2020-12-18 03:23:19',3,0,1,25.00,0,25.00,25.00,0.00,'بيع',25,'المحل'),(106,23,'2020-12-18 13:48:57',17,0,1,105.00,0,105.00,105.00,0.00,'بيع',30,'المحل'),(107,24,'2020-12-18 14:57:47',2,0,1,17.00,0,17.00,17.00,0.00,'بيع',17,'المحل'),(108,25,'2020-12-18 15:27:19',1,0,1,10.00,0,10.00,10.00,0.00,'بيع',10,'المحل'),(109,26,'2020-12-18 15:49:14',2,0,1,19.00,0,19.00,19.00,0.00,'بيع',19,'المحل'),(110,27,'2020-12-18 15:59:38',4,0,1,54.00,0,54.00,54.00,0.00,'بيع',54,'المحل'),(111,28,'2020-12-18 16:04:53',6,0,1,32.00,0,32.00,32.00,0.00,'بيع',32,'المحل'),(112,29,'2020-12-18 16:11:21',1,0,1,5.00,0,5.00,5.00,0.00,'بيع',5,'المحل'),(113,30,'2020-12-18 16:11:40',2,0,1,10.00,0,10.00,10.00,0.00,'بيع',10,'المحل'),(114,31,'2020-12-18 16:20:02',3,0,1,15.00,0,15.00,15.00,0.00,'بيع',15,'المحل'),(115,32,'2020-12-18 16:29:05',2,0,1,14.00,0,14.00,14.00,0.00,'بيع',14,'المحل'),(116,33,'2020-12-18 16:30:41',3,0,1,25.00,0,25.00,25.00,0.00,'بيع',25,'المحل'),(117,34,'2020-12-18 16:36:19',1,0,1,14.00,0,14.00,14.00,0.00,'بيع',14,'المحل'),(118,35,'2020-12-18 16:40:35',3,0,1,20.00,0,20.00,20.00,0.00,'بيع',20,'المحل'),(119,36,'2020-12-18 16:48:03',2,0,1,20.00,0,20.00,20.00,0.00,'بيع',20,'المحل'),(120,37,'2020-12-18 16:58:43',1,0,1,5.00,0,5.00,5.00,0.00,'بيع',5,'المحل'),(121,38,'2020-12-18 17:32:43',6,0,1,67.00,0,67.00,67.00,0.00,'بيع',67,'المحل'),(122,39,'2020-12-18 18:07:13',4,0,1,16.00,0,16.00,16.00,0.00,'بيع',16,'المحل'),(123,40,'2020-12-18 18:22:02',1,0,1,12.00,0,12.00,12.00,0.00,'بيع',12,'المحل'),(124,41,'2020-12-18 18:34:53',1,0,1,5.00,0,5.00,5.00,0.00,'بيع',5,'المحل'),(125,42,'2020-12-18 18:42:05',2,0,1,10.00,0,10.00,10.00,0.00,'بيع',10,'المحل'),(126,43,'2020-12-18 18:43:47',5,0,1,44.00,0,44.00,44.00,0.00,'بيع',44,'المحل'),(127,44,'2020-12-18 19:22:18',1,0,1,5.00,0,5.00,5.00,0.00,'بيع',5,'المحل'),(128,45,'2020-12-18 19:26:49',1,0,1,5.00,0,5.00,5.00,0.00,'بيع',5,'المحل'),(129,46,'2020-12-18 19:29:25',2,0,1,10.00,0,10.00,10.00,0.00,'بيع',10,'المحل'),(130,47,'2020-12-18 19:48:23',3,0,1,61.00,0,61.00,61.00,0.00,'بيع',61,'المحل'),(131,48,'2020-12-18 20:46:17',2,0,1,13.00,0,13.00,13.00,0.00,'بيع',13,'المحل'),(132,49,'2020-12-18 20:57:42',4,0,1,58.00,0,58.00,58.00,0.00,'بيع',58,'المحل'),(133,50,'2020-12-18 21:07:19',1,0,1,3.00,0,3.00,3.00,0.00,'بيع',3,'المحل'),(134,51,'2020-12-18 21:27:35',2,0,1,37.00,0,37.00,37.00,0.00,'بيع',37,'المحل'),(135,52,'2020-12-18 21:39:59',2,0,1,50.00,0,50.00,50.00,0.00,'بيع',50,'المحل'),(136,53,'2020-12-18 21:44:32',1,0,1,10.00,0,10.00,10.00,0.00,'بيع',10,'المحل'),(137,54,'2020-12-18 21:44:37',1,0,1,60.00,0,60.00,60.00,0.00,'بيع',60,'المحل'),(138,55,'2020-12-18 21:53:22',2,0,1,15.00,0,15.00,15.00,0.00,'بيع',15,'المحل'),(139,56,'2020-12-18 21:56:41',6,0,1,95.00,0,95.00,95.00,0.00,'بيع',95,'المحل'),(140,57,'2020-12-18 22:03:20',1,0,1,30.00,0,30.00,30.00,0.00,'بيع',30,'المحل'),(141,58,'2020-12-18 22:04:05',2,0,1,7.00,0,7.00,7.00,0.00,'بيع',7,'المحل'),(142,59,'2020-12-18 22:04:17',2,0,1,8.00,0,8.00,8.00,0.00,'بيع',8,'المحل'),(143,60,'2020-12-18 22:05:45',2,0,1,40.00,0,40.00,40.00,0.00,'بيع',40,'المحل'),(144,61,'2020-12-18 22:29:02',3,0,1,10.00,0,10.00,10.00,0.00,'بيع',10,'المحل'),(145,62,'2020-12-18 22:33:57',1,0,1,20.00,0,20.00,20.00,0.00,'بيع',20,'المحل'),(146,63,'2020-12-18 22:34:01',3,0,1,10.00,0,10.00,10.00,0.00,'بيع',5,'المحل'),(147,64,'2020-12-18 22:40:04',2,0,1,5.00,0,5.00,5.00,0.00,'بيع',2,'المحل'),(148,65,'2020-12-18 22:50:01',1,0,1,90.00,0,90.00,90.00,0.00,'بيع',90,'المحل'),(149,66,'2020-12-18 22:53:44',1,0,1,5.00,0,5.00,5.00,0.00,'بيع',5,'المحل'),(150,67,'2020-12-18 22:53:59',1,0,1,5.00,0,5.00,5.00,0.00,'بيع',5,'المحل'),(151,68,'2020-12-18 23:25:25',1,0,1,15.00,0,15.00,15.00,0.00,'بيع',15,'المحل'),(152,1,'2020-12-19 00:18:00',5,0,1,80.00,0,80.00,80.00,0.00,'بيع',80,'المحل'),(153,2,'2020-12-19 00:21:16',1,0,1,3.00,0,3.00,3.00,0.00,'بيع',3,'المحل'),(154,3,'2020-12-19 00:32:44',2,0,1,30.00,0,30.00,30.00,0.00,'بيع',30,'المحل'),(155,4,'2020-12-19 00:54:53',2,0,1,10.00,0,10.00,10.00,0.00,'بيع',10,'المحل'),(156,5,'2020-12-19 00:57:33',1,0,1,4.00,0,4.00,4.00,0.00,'بيع',4,'المحل'),(157,6,'2020-12-19 01:15:38',1,0,1,1.00,0,1.00,1.00,0.00,'بيع',1,'المحل'),(158,7,'2020-12-19 01:16:03',2,0,1,10.00,0,10.00,10.00,0.00,'بيع',10,'المحل'),(159,8,'2020-12-19 01:47:40',1,0,1,5.00,0,5.00,5.00,0.00,'بيع',5,'المحل'),(160,9,'2020-12-19 01:53:34',2,0,1,5.00,0,5.00,5.00,0.00,'بيع',5,'المحل'),(161,10,'2020-12-19 01:57:18',1,0,1,15.00,0,15.00,15.00,0.00,'بيع',15,'المحل'),(162,11,'2020-12-19 02:20:46',2,0,1,30.00,0,30.00,30.00,0.00,'بيع',30,'المحل'),(163,12,'2020-12-19 02:24:42',2,0,1,15.00,0,15.00,15.00,0.00,'بيع',15,'المحل'),(164,13,'2020-12-19 02:33:31',1,0,1,5.00,0,5.00,5.00,0.00,'بيع',5,'المحل'),(165,14,'2020-12-19 02:36:03',1,0,1,30.00,0,30.00,30.00,0.00,'بيع',30,'المحل'),(166,15,'2020-12-19 02:50:23',9,0,1,120.00,0,120.00,120.00,0.00,'بيع',120,'المحل'),(167,16,'2020-12-19 02:54:04',1,0,1,5.00,0,5.00,5.00,0.00,'بيع',5,'المحل'),(168,17,'2020-12-19 02:55:06',1,0,1,6.00,0,6.00,6.00,0.00,'بيع',6,'المحل'),(169,18,'2020-12-19 08:52:08',32,0,1,331.00,0,331.00,331.00,0.00,'بيع',331,'المحل'),(170,19,'2020-12-19 12:09:41',12,0,1,108.00,0,108.00,108.00,0.00,'بيع',108,'المحل'),(171,20,'2020-12-19 12:36:11',5,0,1,50.00,0,50.00,50.00,0.00,'بيع',50,'المحل'),(172,21,'2020-12-19 13:40:24',1,0,1,10.00,0,10.00,10.00,0.00,'بيع',10,'المحل'),(173,22,'2020-12-19 13:52:06',3,0,1,15.00,0,15.00,15.00,0.00,'بيع',15,'المحل'),(174,23,'2020-12-19 13:56:15',2,0,1,13.00,0,13.00,13.00,0.00,'بيع',13,'المحل'),(175,24,'2020-12-19 13:56:31',1,0,1,2.00,0,2.00,2.00,0.00,'بيع',2,'المحل'),(176,25,'2020-12-19 14:06:38',14,0,1,102.00,0,102.00,102.00,0.00,'بيع',102,'المحل'),(177,26,'2020-12-19 14:14:34',3,0,1,45.00,0,45.00,45.00,0.00,'بيع',45,'المحل'),(178,27,'2020-12-19 14:42:55',11,0,1,80.00,0,80.00,80.00,0.00,'بيع',80,'المحل'),(179,28,'2020-12-19 15:09:33',4,0,1,46.00,0,46.00,46.00,0.00,'بيع',46,'المحل'),(180,29,'2020-12-19 15:18:20',2,0,1,10.00,0,10.00,10.00,0.00,'بيع',10,'المحل'),(181,30,'2020-12-19 15:27:40',1,0,1,5.00,0,5.00,5.00,0.00,'بيع',5,'المحل'),(182,31,'2020-12-19 15:34:10',1,0,1,1.00,0,1.00,1.00,0.00,'بيع',1,'المحل'),(183,32,'2020-12-19 15:35:34',2,0,1,8.00,0,8.00,8.00,0.00,'بيع',8,'المحل'),(184,33,'2020-12-19 15:39:46',1,0,1,5.00,0,5.00,5.00,0.00,'بيع',5,'المحل'),(185,34,'2020-12-19 15:51:46',2,0,1,20.00,0,20.00,20.00,0.00,'بيع',20,'المحل'),(186,35,'2020-12-19 16:12:32',1,0,1,5.00,0,5.00,5.00,0.00,'بيع',5,'المحل'),(187,36,'2020-12-19 16:23:51',6,0,1,55.00,0,55.00,55.00,0.00,'بيع',55,'المحل'),(188,37,'2020-12-19 16:43:53',3,0,1,9.00,0,9.00,9.00,0.00,'بيع',9,'المحل'),(189,38,'2020-12-19 16:58:40',1,0,1,5.00,0,5.00,5.00,0.00,'بيع',5,'المحل'),(190,39,'2020-12-19 17:10:55',2,0,1,6.00,0,6.00,6.00,0.00,'بيع',6,'المحل'),(191,40,'2020-12-19 17:38:06',1,0,1,15.00,0,15.00,15.00,0.00,'بيع',15,'المحل'),(192,41,'2020-12-19 17:57:55',1,0,1,15.00,0,15.00,15.00,0.00,'بيع',15,'المحل'),(193,42,'2020-12-19 17:59:30',1,0,1,5.00,0,5.00,5.00,0.00,'بيع',5,'المحل'),(194,43,'2020-12-19 18:39:23',2,0,1,10.00,0,10.00,10.00,0.00,'بيع',10,'المحل'),(195,44,'2020-12-19 18:48:33',1,0,1,5.00,0,5.00,5.00,0.00,'بيع',5,'المحل'),(196,45,'2020-12-19 18:54:06',1,0,1,3.00,0,3.00,3.00,0.00,'بيع',3,'المحل'),(197,46,'2020-12-19 19:00:22',1,0,1,5.00,0,5.00,5.00,0.00,'بيع',5,'المحل'),(198,47,'2020-12-19 19:47:05',3,0,1,10.00,0,10.00,10.00,0.00,'بيع',10,'المحل'),(199,48,'2020-12-19 19:47:31',7,0,1,65.00,0,65.00,65.00,0.00,'بيع',65,'المحل'),(200,49,'2020-12-19 19:59:52',1,0,1,5.00,0,5.00,5.00,0.00,'بيع',5,'المحل'),(201,50,'2020-12-19 20:06:23',1,0,1,20.00,0,20.00,20.00,0.00,'بيع',20,'المحل'),(202,51,'2020-12-19 20:26:32',4,0,1,65.00,0,65.00,65.00,0.00,'بيع',65,'المحل'),(203,52,'2020-12-19 20:28:07',1,0,1,45.00,0,45.00,45.00,0.00,'بيع',9,'المحل'),(204,53,'2020-12-19 20:40:07',1,0,1,6.00,0,6.00,6.00,0.00,'بيع',6,'المحل'),(205,54,'2020-12-19 20:51:37',2,0,1,35.00,0,35.00,35.00,0.00,'بيع',35,'المحل'),(206,55,'2020-12-19 21:15:39',3,0,1,52.00,0,52.00,52.00,0.00,'بيع',52,'المحل'),(207,56,'2020-12-19 21:24:01',2,0,1,10.00,0,10.00,10.00,0.00,'بيع',10,'المحل'),(208,57,'2020-12-19 21:59:17',2,0,1,8.00,0,8.00,8.00,0.00,'بيع',8,'المحل'),(209,58,'2020-12-19 22:41:32',1,0,1,5.00,0,5.00,5.00,0.00,'بيع',5,'المحل'),(210,59,'2020-12-19 22:43:08',1,0,1,10.00,0,10.00,10.00,0.00,'بيع',10,'المحل'),(211,60,'2020-12-19 22:46:52',5,0,1,56.00,0,56.00,56.00,0.00,'بيع',56,'المحل'),(212,61,'2020-12-19 23:16:50',1,0,1,3.00,0,3.00,3.00,0.00,'بيع',3,'المحل'),(213,62,'2020-12-19 23:37:59',1,55156,1,5.00,0,5.00,5.00,0.00,'بيع',5,'المحل'),(214,63,'2020-12-19 23:40:30',7,0,1,80.00,0,80.00,80.00,0.00,'بيع',21,'المحل'),(215,64,'2020-12-19 23:52:41',1,0,1,5.00,0,5.00,5.00,0.00,'بيع',5,'المحل'),(216,65,'2020-12-19 23:55:32',3,0,1,34.00,0,34.00,34.00,0.00,'بيع',34,'المحل'),(217,66,'2020-12-19 23:59:12',1,0,1,5.00,0,5.00,5.00,0.00,'بيع',5,'المحل'),(218,1,'2020-12-20 00:04:08',1,0,1,6.00,0,6.00,6.00,0.00,'بيع',6,'المحل'),(219,2,'2020-12-20 00:20:21',1,0,1,20.00,0,20.00,20.00,0.00,'بيع',20,'المحل'),(220,3,'2020-12-20 00:22:25',1,0,1,30.00,0,30.00,30.00,0.00,'بيع',30,'المحل'),(221,4,'2020-12-20 01:10:37',1,0,1,12.00,0,12.00,12.00,0.00,'بيع',12,'المحل'),(222,5,'2020-12-20 01:48:28',7,0,1,100.00,0,100.00,100.00,0.00,'بيع',100,'المحل'),(223,6,'2020-12-20 01:49:30',1,0,1,5.00,0,5.00,5.00,0.00,'بيع',5,'المحل'),(224,7,'2020-12-20 01:56:41',2,0,1,10.00,0,10.00,10.00,0.00,'بيع',10,'المحل'),(225,8,'2020-12-20 01:58:29',1,0,1,5.00,0,5.00,5.00,0.00,'بيع',5,'المحل'),(226,9,'2020-12-20 02:54:23',6,0,1,41.00,0,41.00,41.00,0.00,'بيع',41,'المحل'),(227,10,'2020-12-20 03:53:32',3,0,1,15.00,0,15.00,15.00,0.00,'بيع',15,'المحل'),(228,11,'2020-12-20 09:59:13',24,55156,1,288.00,0,288.00,288.00,0.00,'بيع',288,'المحل'),(229,12,'2020-12-20 14:17:29',4,0,1,40.00,0,40.00,40.00,0.00,'بيع',40,'المحل'),(230,13,'2020-12-20 14:27:12',4,0,1,19.00,0,19.00,19.00,0.00,'بيع',5,'المحل'),(231,14,'2020-12-20 14:54:47',6,0,1,345.00,15,330.00,330.00,0.00,'بيع',87,'المحل'),(232,15,'2020-12-20 15:10:10',4,0,1,85.00,5,80.00,80.00,0.00,'بيع',85,'المحل'),(233,16,'2020-12-20 15:14:31',3,0,1,20.00,0,20.00,20.00,0.00,'بيع',20,'المحل'),(234,17,'2020-12-20 15:32:01',4,0,1,36.00,0,36.00,36.00,0.00,'بيع',36,'المحل'),(235,18,'2020-12-20 15:59:30',9,0,1,91.00,0,91.00,91.00,0.00,'بيع',91,'المحل'),(236,19,'2020-12-20 16:18:17',3,0,1,34.00,0,34.00,34.00,0.00,'بيع',34,'المحل'),(237,20,'2020-12-20 17:02:48',2,0,1,21.00,0,21.00,21.00,0.00,'بيع',21,'المحل'),(238,21,'2020-12-20 17:03:20',1,0,1,8.00,0,8.00,8.00,0.00,'بيع',8,'المحل'),(239,22,'2020-12-20 17:30:18',2,0,1,10.00,0,10.00,10.00,0.00,'بيع',10,'المحل'),(240,23,'2020-12-20 17:32:39',1,0,1,20.00,0,20.00,20.00,0.00,'بيع',20,'المحل'),(241,24,'2020-12-20 17:33:30',1,0,1,10.00,0,10.00,10.00,0.00,'بيع',10,'المحل'),(242,25,'2020-12-20 17:45:31',1,0,1,1.00,0,1.00,1.00,0.00,'بيع',1,'المحل'),(243,26,'2020-12-20 17:48:42',4,0,1,18.00,0,18.00,18.00,0.00,'بيع',18,'المحل'),(244,27,'2020-12-20 17:49:51',4,0,1,24.00,0,24.00,24.00,0.00,'بيع',24,'المحل'),(245,28,'2020-12-20 17:51:34',2,0,1,8.00,0,8.00,8.00,0.00,'بيع',8,'المحل'),(246,29,'2020-12-20 17:56:46',1,0,1,10.00,0,10.00,10.00,0.00,'بيع',10,'المحل'),(247,30,'2020-12-20 18:00:32',2,0,1,10.00,0,10.00,10.00,0.00,'بيع',10,'المحل'),(248,31,'2020-12-20 18:02:59',2,0,1,10.00,0,10.00,10.00,0.00,'بيع',10,'المحل'),(249,32,'2020-12-20 18:05:43',1,0,1,5.00,0,5.00,5.00,0.00,'بيع',5,'المحل'),(250,33,'2020-12-20 18:12:34',1,0,1,2.00,0,2.00,2.00,0.00,'بيع',2,'المحل'),(251,34,'2020-12-20 18:15:09',1,0,1,6.00,0,6.00,6.00,0.00,'بيع',6,'المحل'),(252,35,'2020-12-20 18:34:28',1,0,1,2.00,0,2.00,2.00,0.00,'بيع',2,'المحل'),(253,36,'2020-12-20 18:36:57',1,0,1,2.00,0,2.00,2.00,0.00,'بيع',2,'المحل'),(254,37,'2020-12-20 18:40:05',1,0,1,5.00,0,5.00,5.00,0.00,'بيع',5,'المحل'),(255,38,'2020-12-20 18:42:20',5,0,1,33.00,0,33.00,33.00,0.00,'بيع',33,'المحل'),(256,39,'2020-12-20 19:08:31',1,0,1,6.00,0,6.00,6.00,0.00,'بيع',6,'المحل'),(257,40,'2020-12-20 19:15:44',1,0,1,3.00,0,3.00,3.00,0.00,'بيع',3,'المحل'),(258,41,'2020-12-20 19:23:32',1,0,1,2.00,0,2.00,2.00,0.00,'بيع',2,'المحل'),(259,42,'2020-12-20 19:23:50',2,0,1,22.00,0,22.00,22.00,0.00,'بيع',22,'المحل'),(260,43,'2020-12-20 19:35:16',7,0,1,46.00,0,46.00,46.00,0.00,'بيع',46,'المحل'),(261,44,'2020-12-20 19:39:17',2,0,1,60.00,0,60.00,60.00,0.00,'بيع',60,'المحل'),(262,45,'2020-12-20 19:51:11',1,0,1,25.00,0,25.00,25.00,0.00,'بيع',25,'المحل'),(263,46,'2020-12-20 20:21:56',1,0,1,10.00,0,10.00,10.00,0.00,'بيع',10,'المحل'),(264,47,'2020-12-20 20:30:25',3,0,1,75.00,0,75.00,75.00,0.00,'بيع',75,'المحل'),(265,48,'2020-12-20 20:48:39',1,0,1,5.00,0,5.00,5.00,0.00,'بيع',5,'المحل'),(266,49,'2020-12-20 20:49:00',1,0,1,10.00,0,10.00,10.00,0.00,'بيع',10,'المحل'),(267,50,'2020-12-20 20:50:33',1,0,1,10.00,0,10.00,10.00,0.00,'بيع',10,'المحل'),(268,51,'2020-12-20 20:53:09',1,0,1,10.00,0,10.00,10.00,0.00,'بيع',10,'المحل'),(269,52,'2020-12-20 21:01:02',1,0,1,10.00,0,10.00,10.00,0.00,'بيع',10,'المحل'),(270,53,'2020-12-20 21:23:29',6,0,1,105.00,0,105.00,105.00,0.00,'بيع',105,'المحل'),(271,54,'2020-12-20 21:28:35',2,0,1,10.00,0,10.00,10.00,0.00,'بيع',10,'المحل'),(272,55,'2020-12-20 21:29:20',1,0,1,13.00,0,13.00,13.00,0.00,'بيع',13,'المحل'),(273,56,'2020-12-20 21:29:36',1,0,1,2.00,0,2.00,2.00,0.00,'بيع',2,'المحل'),(274,57,'2020-12-20 21:33:39',1,0,1,8.00,0,8.00,8.00,0.00,'بيع',8,'المحل'),(275,58,'2020-12-20 21:33:46',1,0,1,2.00,0,2.00,2.00,0.00,'بيع',2,'المحل'),(276,59,'2020-12-20 21:38:13',1,0,1,640.00,0,640.00,640.00,0.00,'بيع',640,'المحل'),(277,60,'2020-12-20 21:38:25',2,0,1,5.00,0,5.00,5.00,0.00,'بيع',5,'المحل'),(278,61,'2020-12-20 21:39:43',1,0,1,10.00,0,10.00,10.00,0.00,'بيع',10,'المحل'),(279,62,'2020-12-20 22:03:18',1,0,1,20.00,0,20.00,20.00,0.00,'بيع',20,'المحل'),(280,63,'2020-12-20 22:04:23',1,0,1,75.00,0,75.00,75.00,0.00,'بيع',75,'المحل'),(281,64,'2020-12-20 22:11:19',7,0,1,150.00,0,150.00,150.00,0.00,'بيع',150,'المحل'),(282,65,'2020-12-20 22:17:10',1,0,1,15.00,0,15.00,15.00,0.00,'بيع',15,'المحل'),(283,66,'2020-12-20 22:17:25',1,0,1,30.00,0,30.00,30.00,0.00,'بيع',30,'المحل'),(284,67,'2020-12-20 22:20:54',1,0,1,10.00,0,10.00,10.00,0.00,'بيع',10,'المحل'),(285,68,'2020-12-20 22:38:38',2,0,1,10.00,0,10.00,10.00,0.00,'بيع',10,'المحل'),(286,69,'2020-12-20 22:52:55',3,0,1,25.00,0,25.00,25.00,0.00,'بيع',25,'المحل'),(287,70,'2020-12-20 22:54:13',1,0,1,10.00,0,10.00,10.00,0.00,'بيع',10,'المحل'),(288,71,'2020-12-20 23:11:52',2,0,1,30.00,0,30.00,30.00,0.00,'بيع',30,'المحل'),(289,72,'2020-12-20 23:46:16',2,0,1,16.00,0,16.00,16.00,0.00,'بيع',16,'المحل'),(290,73,'2020-12-20 23:58:19',1,0,1,5.00,0,5.00,5.00,0.00,'بيع',5,'المحل'),(291,1,'2020-12-21 00:15:51',6,0,1,70.00,0,70.00,70.00,0.00,'بيع',50,'المحل'),(292,2,'2020-12-21 00:26:23',2,0,1,10.00,0,10.00,10.00,0.00,'بيع',10,'المحل'),(293,3,'2020-12-21 00:39:09',1,0,1,5.00,0,5.00,5.00,0.00,'بيع',5,'المحل'),(294,4,'2020-12-21 00:39:19',3,0,1,60.00,0,60.00,60.00,0.00,'بيع',60,'المحل'),(295,5,'2020-12-21 00:50:36',2,0,1,25.00,0,25.00,25.00,0.00,'بيع',25,'المحل'),(296,6,'2020-12-21 00:52:01',2,0,1,10.00,0,10.00,10.00,0.00,'بيع',3,'المحل'),(297,7,'2020-12-21 01:00:40',1,0,1,20.00,0,20.00,20.00,0.00,'بيع',20,'المحل'),(298,8,'2020-12-21 01:01:33',2,0,1,30.00,0,30.00,30.00,0.00,'بيع',30,'المحل'),(299,9,'2020-12-21 01:08:36',1,0,1,12.00,0,12.00,12.00,0.00,'بيع',12,'المحل'),(300,10,'2020-12-21 01:51:51',2,0,1,15.00,0,15.00,15.00,0.00,'بيع',15,'المحل'),(301,11,'2020-12-21 10:35:00',2,0,1,10.00,0,10.00,10.00,0.00,'بيع',10,'المحل'),(302,12,'2020-12-21 10:39:44',2,0,1,12.00,0,12.00,12.00,0.00,'بيع',12,'المحل'),(303,13,'2020-12-21 10:48:20',1,0,1,5.00,0,5.00,5.00,0.00,'بيع',5,'المحل'),(304,14,'2020-12-21 10:48:56',1,0,1,5.00,0,5.00,5.00,0.00,'بيع',5,'المحل'),(305,15,'2020-12-21 10:55:51',1,0,1,5.00,0,5.00,5.00,0.00,'بيع',5,'المحل'),(306,16,'2020-12-21 11:29:12',2,0,1,10.00,0,10.00,10.00,0.00,'بيع',10,'المحل'),(307,17,'2020-12-21 11:39:02',1,0,1,2.00,0,2.00,2.00,0.00,'بيع',2,'المحل'),(308,18,'2020-12-21 12:46:17',1,0,1,5.00,0,5.00,5.00,0.00,'بيع',5,'المحل'),(309,19,'2020-12-21 12:58:40',4,0,1,30.00,0,30.00,30.00,0.00,'بيع',30,'المحل'),(310,20,'2020-12-21 13:06:08',3,0,1,25.00,0,25.00,25.00,0.00,'بيع',25,'المحل'),(311,21,'2020-12-21 13:30:37',1,0,1,5.00,0,5.00,5.00,0.00,'بيع',5,'المحل'),(312,22,'2020-12-21 13:31:04',1,0,1,2.00,0,2.00,2.00,0.00,'بيع',2,'المحل'),(313,23,'2020-12-21 13:31:46',1,0,1,25.00,0,25.00,25.00,0.00,'بيع',25,'المحل'),(314,24,'2020-12-21 13:57:22',1,0,1,5.00,0,5.00,5.00,0.00,'بيع',5,'المحل'),(315,25,'2020-12-21 14:23:44',1,0,1,5.00,0,5.00,5.00,0.00,'بيع',5,'المحل'),(316,26,'2020-12-21 14:35:36',3,0,1,33.00,0,33.00,33.00,0.00,'بيع',33,'المحل'),(317,27,'2020-12-21 15:11:51',1,0,1,5.00,0,5.00,5.00,0.00,'بيع',5,'المحل'),(318,28,'2020-12-21 15:29:50',2,0,1,14.00,0,14.00,14.00,0.00,'بيع',8,'المحل'),(319,29,'2020-12-21 15:39:05',2,0,1,15.00,0,15.00,15.00,0.00,'بيع',15,'المحل'),(320,30,'2020-12-21 15:49:22',1,0,1,3.00,0,3.00,3.00,0.00,'بيع',3,'المحل'),(321,31,'2020-12-21 15:56:22',1,0,1,30.00,0,30.00,30.00,0.00,'بيع',30,'المحل'),(322,32,'2020-12-21 16:24:44',5,0,1,45.00,0,45.00,45.00,0.00,'بيع',45,'المحل'),(323,33,'2020-12-21 16:30:46',2,0,1,25.00,0,25.00,25.00,0.00,'بيع',25,'المحل'),(324,34,'2020-12-21 16:37:37',3,0,1,20.00,0,20.00,20.00,0.00,'بيع',20,'المحل'),(325,35,'2020-12-21 16:48:13',1,0,1,10.00,0,10.00,10.00,0.00,'بيع',10,'المحل'),(326,36,'2020-12-21 16:48:22',1,0,1,5.00,0,5.00,5.00,0.00,'بيع',5,'المحل'),(327,37,'2020-12-21 16:55:08',1,0,1,10.00,0,10.00,10.00,0.00,'بيع',10,'المحل'),(328,38,'2020-12-21 17:04:28',1,0,1,5.00,0,5.00,5.00,0.00,'بيع',5,'المحل'),(329,39,'2020-12-21 17:40:27',2,0,1,5.00,0,5.00,5.00,0.00,'بيع',5,'المحل'),(330,40,'2020-12-21 18:00:45',1,0,1,8.00,0,8.00,8.00,0.00,'بيع',8,'المحل'),(331,41,'2020-12-21 18:25:08',1,0,1,10.00,0,10.00,10.00,0.00,'بيع',10,'المحل'),(332,42,'2020-12-21 18:43:56',4,0,1,40.00,0,40.00,40.00,0.00,'بيع',40,'المحل'),(333,43,'2020-12-21 18:53:35',1,0,1,3.00,0,3.00,3.00,0.00,'بيع',3,'المحل'),(334,44,'2020-12-21 18:59:55',1,0,1,5.00,0,5.00,5.00,0.00,'بيع',5,'المحل'),(335,45,'2020-12-21 19:02:07',1,0,1,2.00,0,2.00,2.00,0.00,'بيع',2,'المحل'),(336,46,'2020-12-21 19:11:47',2,0,1,15.00,0,15.00,15.00,0.00,'بيع',15,'المحل'),(337,47,'2020-12-21 19:12:54',5,0,1,70.00,0,70.00,70.00,0.00,'بيع',70,'المحل'),(338,48,'2020-12-21 19:26:18',1,0,1,5.00,0,5.00,5.00,0.00,'بيع',5,'المحل'),(339,49,'2020-12-21 19:26:37',1,0,1,5.00,0,5.00,5.00,0.00,'بيع',5,'المحل'),(340,50,'2020-12-21 19:32:30',4,0,1,34.00,0,34.00,34.00,0.00,'بيع',34,'المحل'),(341,51,'2020-12-21 19:36:41',2,0,1,18.00,0,18.00,18.00,0.00,'بيع',18,'المحل'),(342,52,'2020-12-21 19:38:03',1,0,1,5.00,0,5.00,5.00,0.00,'بيع',5,'المحل'),(343,53,'2020-12-21 19:42:49',1,0,1,10.00,0,10.00,10.00,0.00,'بيع',10,'المحل'),(344,54,'2020-12-21 19:45:24',2,0,1,20.00,0,20.00,20.00,0.00,'بيع',20,'المحل'),(345,55,'2020-12-21 19:48:35',2,0,1,20.00,0,20.00,20.00,0.00,'بيع',20,'المحل'),(346,56,'2020-12-21 19:53:44',1,0,1,2.00,0,2.00,2.00,0.00,'بيع',2,'المحل'),(347,57,'2020-12-21 19:54:27',2,0,1,24.00,0,24.00,24.00,0.00,'بيع',24,'المحل'),(348,58,'2020-12-21 20:11:34',1,0,1,10.00,0,10.00,10.00,0.00,'بيع',10,'المحل'),(349,59,'2020-12-21 20:12:27',2,0,1,40.00,0,40.00,40.00,0.00,'بيع',40,'المحل'),(350,60,'2020-12-21 20:15:38',6,0,1,26.00,0,26.00,26.00,0.00,'بيع',26,'المحل'),(351,61,'2020-12-21 20:29:36',1,0,1,5.00,0,5.00,5.00,0.00,'بيع',5,'المحل'),(352,62,'2020-12-21 20:34:34',1,0,1,15.00,0,15.00,15.00,0.00,'بيع',15,'المحل'),(353,63,'2020-12-21 20:35:10',1,0,1,10.00,0,10.00,10.00,0.00,'بيع',10,'المحل'),(354,64,'2020-12-21 20:40:16',1,0,1,10.00,0,10.00,10.00,0.00,'بيع',10,'المحل'),(355,65,'2020-12-21 20:41:05',1,0,1,5.00,0,5.00,5.00,0.00,'بيع',5,'المحل'),(356,66,'2020-12-21 20:42:33',1,0,1,10.00,0,10.00,10.00,0.00,'بيع',10,'المحل'),(357,67,'2020-12-21 20:48:45',1,0,1,4.00,0,4.00,4.00,0.00,'بيع',4,'المحل'),(358,68,'2020-12-21 20:49:55',1,0,1,6.00,0,6.00,6.00,0.00,'بيع',6,'المحل'),(359,69,'2020-12-21 20:51:29',2,0,1,15.00,0,15.00,15.00,0.00,'بيع',15,'المحل'),(360,70,'2020-12-21 20:52:23',2,0,1,15.00,0,15.00,15.00,0.00,'بيع',15,'المحل'),(361,71,'2020-12-21 20:54:23',2,0,1,60.00,0,60.00,60.00,0.00,'بيع',60,'المحل'),(362,72,'2020-12-21 21:12:18',1,0,1,20.00,0,20.00,20.00,0.00,'بيع',20,'المحل'),(363,73,'2020-12-21 21:12:39',1,0,1,30.00,0,30.00,30.00,0.00,'بيع',30,'المحل'),(364,74,'2020-12-21 21:15:08',1,0,1,5.00,0,5.00,5.00,0.00,'بيع',5,'المحل'),(365,75,'2020-12-21 21:20:17',3,0,1,13.00,0,13.00,13.00,0.00,'بيع',13,'المحل'),(366,76,'2020-12-21 21:31:33',1,0,1,1.00,0,1.00,1.00,0.00,'بيع',1,'المحل'),(367,77,'2020-12-21 21:32:28',1,0,1,10.00,0,10.00,10.00,0.00,'بيع',10,'المحل'),(368,78,'2020-12-21 21:52:15',1,0,1,5.00,0,5.00,5.00,0.00,'بيع',5,'المحل'),(369,79,'2020-12-21 22:02:06',1,0,1,15.00,0,15.00,15.00,0.00,'بيع',15,'المحل'),(370,80,'2020-12-21 22:20:30',2,0,1,5.00,0,5.00,5.00,0.00,'بيع',5,'المحل'),(371,81,'2020-12-21 22:32:20',1,0,1,5.00,0,5.00,5.00,0.00,'بيع',5,'المحل'),(372,82,'2020-12-21 22:35:12',1,0,1,10.00,0,10.00,10.00,0.00,'بيع',10,'المحل'),(373,83,'2020-12-21 22:35:19',3,0,1,27.00,0,27.00,27.00,0.00,'بيع',27,'المحل'),(374,84,'2020-12-21 22:38:18',9,0,1,60.00,0,60.00,60.00,0.00,'بيع',60,'المحل'),(375,85,'2020-12-21 22:43:30',1,0,1,3.00,0,3.00,3.00,0.00,'بيع',3,'المحل'),(376,86,'2020-12-21 22:47:32',4,0,1,17.00,0,17.00,17.00,0.00,'بيع',17,'المحل'),(377,87,'2020-12-21 23:03:33',1,0,1,15.00,0,15.00,15.00,0.00,'بيع',15,'المحل'),(378,88,'2020-12-21 23:06:39',1,0,1,10.00,0,10.00,10.00,0.00,'بيع',10,'المحل'),(379,89,'2020-12-21 23:21:18',5,0,1,25.00,0,25.00,25.00,0.00,'بيع',25,'المحل'),(380,90,'2020-12-21 23:29:18',7,0,1,53.00,0,53.00,53.00,0.00,'بيع',53,'المحل'),(381,91,'2020-12-21 23:36:33',1,0,1,5.00,0,5.00,5.00,0.00,'بيع',5,'المحل'),(382,92,'2020-12-21 23:37:12',3,0,1,20.00,0,20.00,20.00,0.00,'بيع',20,'المحل'),(383,93,'2020-12-21 23:38:11',3,0,1,13.00,0,13.00,13.00,0.00,'بيع',13,'المحل'),(384,94,'2020-12-21 23:44:12',2,0,1,15.00,0,15.00,15.00,0.00,'بيع',15,'المحل'),(385,1,'2020-12-22 00:00:42',2,0,1,16.00,0,16.00,16.00,0.00,'بيع',16,'المحل'),(386,2,'2020-12-22 00:22:19',2,0,1,10.00,0,10.00,10.00,0.00,'بيع',10,'المحل'),(387,3,'2020-12-22 00:23:45',1,0,1,20.00,0,20.00,20.00,0.00,'بيع',20,'المحل'),(388,4,'2020-12-22 00:38:17',3,0,1,129.00,0,129.00,129.00,0.00,'بيع',129,'المحل'),(389,5,'2020-12-22 01:15:44',1,0,1,72.00,0,72.00,72.00,0.00,'بيع',72,'المحل'),(390,6,'2020-12-22 01:17:01',1,0,1,5.00,0,5.00,5.00,0.00,'بيع',5,'المحل'),(391,7,'2020-12-22 01:25:34',4,0,1,82.00,0,82.00,82.00,0.00,'بيع',82,'المحل'),(392,8,'2020-12-22 01:38:38',3,0,1,50.00,0,50.00,50.00,0.00,'بيع',50,'المحل'),(393,9,'2020-12-22 01:39:34',1,0,1,1.00,0,1.00,1.00,0.00,'بيع',1,'المحل'),(394,10,'2020-12-22 01:49:45',1,0,1,20.00,0,20.00,20.00,0.00,'بيع',20,'المحل'),(395,11,'2020-12-22 02:00:09',1,0,1,20.00,0,20.00,20.00,0.00,'بيع',20,'المحل'),(396,12,'2020-12-22 02:01:46',1,0,1,5.00,0,5.00,5.00,0.00,'بيع',5,'المحل'),(397,1,'2020-12-23 14:21:16',4,0,1,51.00,0,51.00,51.00,0.00,'بيع',51,'المحل'),(398,2,'2020-12-23 14:29:16',1,0,1,1.00,0,1.00,1.00,0.00,'بيع',1,'المحل'),(399,3,'2020-12-23 15:00:34',2,0,1,10.00,0,10.00,10.00,0.00,'بيع',10,'المحل'),(400,4,'2020-12-23 15:20:34',3,0,1,37.00,0,37.00,37.00,0.00,'بيع',37,'المحل'),(401,5,'2020-12-23 15:24:19',1,0,1,10.00,0,10.00,10.00,0.00,'بيع',10,'المحل'),(402,6,'2020-12-23 16:08:56',2,0,1,15.00,0,15.00,15.00,0.00,'بيع',15,'المحل'),(403,7,'2020-12-23 16:29:54',1,0,1,10.00,0,10.00,10.00,0.00,'بيع',10,'المحل'),(404,8,'2020-12-23 16:36:04',1,0,1,2.00,0,2.00,2.00,0.00,'بيع',2,'المحل'),(405,9,'2020-12-23 16:38:11',1,0,1,5.00,0,5.00,5.00,0.00,'بيع',5,'المحل'),(406,10,'2020-12-23 16:42:15',1,0,1,12.00,0,12.00,12.00,0.00,'بيع',12,'المحل'),(407,11,'2020-12-23 16:42:54',1,0,1,6.00,0,6.00,6.00,0.00,'بيع',6,'المحل'),(408,12,'2020-12-23 17:05:11',1,0,1,5.00,0,5.00,5.00,0.00,'بيع',5,'المحل'),(409,13,'2020-12-23 17:24:25',1,0,1,5.00,0,5.00,5.00,0.00,'بيع',5,'المحل'),(410,14,'2020-12-23 17:28:59',8,0,1,91.00,0,91.00,91.00,0.00,'بيع',91,'المحل'),(411,15,'2020-12-23 17:33:52',4,0,1,25.00,0,25.00,25.00,0.00,'بيع',25,'المحل'),(412,16,'2020-12-23 17:34:38',1,0,1,5.00,0,5.00,5.00,0.00,'بيع',5,'المحل'),(413,17,'2020-12-23 17:43:30',3,0,1,20.00,0,20.00,20.00,0.00,'بيع',20,'المحل'),(414,18,'2020-12-23 17:46:36',24,0,1,266.00,0,266.00,266.00,0.00,'بيع',266,'المحل'),(415,19,'2020-12-23 18:01:25',2,0,1,32.00,0,32.00,32.00,0.00,'بيع',32,'المحل'),(416,20,'2020-12-23 18:03:43',16,0,1,118.00,0,118.00,118.00,0.00,'بيع',118,'المحل'),(417,21,'2020-12-23 18:28:55',5,0,1,75.00,0,75.00,75.00,0.00,'بيع',75,'المحل'),(418,22,'2020-12-23 18:38:11',5,0,1,41.00,0,41.00,41.00,0.00,'بيع',41,'المحل'),(419,23,'2020-12-23 18:53:50',1,0,1,5.00,0,5.00,5.00,0.00,'بيع',5,'المحل'),(420,24,'2020-12-23 19:10:12',29,0,1,240.00,0,240.00,240.00,0.00,'بيع',240,'المحل'),(421,25,'2020-12-23 19:25:49',21,0,1,278.00,0,278.00,278.00,0.00,'بيع',278,'المحل'),(422,26,'2020-12-23 19:43:24',2,0,1,7.00,0,7.00,7.00,0.00,'بيع',7,'المحل'),(423,27,'2020-12-23 19:55:40',2,0,1,15.00,0,15.00,15.00,0.00,'بيع',15,'المحل'),(424,28,'2020-12-23 20:36:10',1,0,1,5.00,0,5.00,5.00,0.00,'بيع',5,'المحل'),(425,29,'2020-12-23 20:40:08',2,0,1,36.00,0,36.00,36.00,0.00,'بيع',36,'المحل'),(426,30,'2020-12-23 21:00:56',1,0,1,10.00,0,10.00,10.00,0.00,'بيع',10,'المحل'),(427,31,'2020-12-23 21:05:49',2,0,1,10.00,0,10.00,10.00,0.00,'بيع',10,'المحل'),(428,32,'2020-12-23 21:12:33',1,0,1,10.00,0,10.00,10.00,0.00,'بيع',10,'المحل'),(429,33,'2020-12-23 21:17:10',1,0,1,3.00,0,3.00,3.00,0.00,'بيع',3,'المحل'),(430,34,'2020-12-23 21:23:55',1,0,1,5.00,0,5.00,5.00,0.00,'بيع',5,'المحل'),(431,35,'2020-12-23 21:25:48',2,0,1,5.00,0,5.00,5.00,0.00,'بيع',5,'المحل'),(432,36,'2020-12-23 21:37:29',1,0,1,10.00,0,10.00,10.00,0.00,'بيع',10,'المحل'),(433,37,'2020-12-23 21:38:36',1,0,1,5.00,0,5.00,5.00,0.00,'بيع',5,'المحل'),(434,38,'2020-12-23 22:00:57',4,0,1,45.00,0,45.00,45.00,0.00,'بيع',45,'المحل'),(435,39,'2020-12-23 22:10:31',1,0,1,10.00,0,10.00,10.00,0.00,'بيع',10,'المحل'),(436,40,'2020-12-23 22:42:54',5,0,1,20.00,0,20.00,20.00,0.00,'بيع',20,'المحل'),(437,41,'2020-12-23 23:40:19',19,0,1,181.00,0,181.00,181.00,0.00,'بيع',181,'المحل'),(438,42,'2020-12-23 23:48:12',1,0,1,5.00,0,5.00,5.00,0.00,'بيع',5,'المحل'),(439,43,'2020-12-23 23:49:59',4,0,1,29.00,0,29.00,29.00,0.00,'بيع',29,'المحل'),(440,44,'2020-12-23 23:54:51',3,0,1,26.00,0,26.00,26.00,0.00,'بيع',26,'المحل'),(441,1,'2020-12-24 00:02:36',3,0,1,25.00,0,25.00,25.00,0.00,'بيع',25,'المحل'),(442,2,'2020-12-24 00:11:37',1,0,1,3.00,0,3.00,3.00,0.00,'بيع',3,'المحل'),(443,3,'2020-12-24 01:31:29',5,0,1,36.00,0,36.00,36.00,0.00,'بيع',36,'المحل'),(444,4,'2020-12-24 01:34:46',2,0,1,15.00,0,15.00,15.00,0.00,'بيع',15,'المحل'),(445,5,'2020-12-24 01:59:14',1,0,1,5.00,0,5.00,5.00,0.00,'بيع',5,'المحل'),(446,6,'2020-12-24 02:00:20',2,0,1,9.00,0,9.00,9.00,0.00,'بيع',9,'المحل'),(447,7,'2020-12-24 02:03:12',3,0,1,43.00,0,43.00,43.00,0.00,'بيع',43,'المحل'),(448,8,'2020-12-24 02:30:24',1,0,1,6.00,0,6.00,6.00,0.00,'بيع',6,'المحل'),(449,9,'2020-12-24 11:07:20',1,0,1,5.00,0,5.00,5.00,0.00,'بيع',5,'المحل'),(450,10,'2020-12-24 11:16:58',1,0,1,10.00,0,10.00,10.00,0.00,'بيع',5,'المحل'),(451,11,'2020-12-24 11:40:34',2,0,1,10.00,0,10.00,10.00,0.00,'بيع',10,'المحل'),(452,12,'2020-12-24 12:07:56',3,0,1,10.00,0,10.00,10.00,0.00,'بيع',10,'المحل'),(453,13,'2020-12-24 12:50:40',3,0,1,26.00,0,26.00,26.00,0.00,'بيع',26,'المحل'),(454,14,'2020-12-24 12:55:46',2,0,1,10.00,0,10.00,10.00,0.00,'بيع',10,'المحل'),(455,15,'2020-12-24 13:24:34',1,0,1,20.00,0,20.00,20.00,0.00,'بيع',20,'المحل'),(456,16,'2020-12-24 13:42:21',4,0,1,25.00,0,25.00,25.00,0.00,'بيع',25,'المحل'),(457,17,'2020-12-24 13:50:22',1,0,1,5.00,0,5.00,5.00,0.00,'بيع',5,'المحل'),(458,18,'2020-12-24 14:01:04',2,0,1,10.00,0,10.00,10.00,0.00,'بيع',10,'المحل'),(459,19,'2020-12-24 14:05:22',2,0,1,22.00,0,22.00,22.00,0.00,'بيع',22,'المحل'),(460,20,'2020-12-24 14:14:54',5,0,1,141.00,0,141.00,141.00,0.00,'بيع',141,'المحل'),(461,21,'2020-12-24 14:15:57',2,0,1,10.00,0,10.00,10.00,0.00,'بيع',10,'المحل'),(462,22,'2020-12-24 14:19:42',1,0,1,5.00,0,5.00,5.00,0.00,'بيع',5,'المحل'),(463,23,'2020-12-24 14:22:24',6,0,1,45.00,0,45.00,45.00,0.00,'بيع',45,'المحل'),(464,24,'2020-12-24 14:25:50',3,0,1,40.00,0,40.00,40.00,0.00,'بيع',40,'المحل'),(465,25,'2020-12-24 14:29:58',3,0,1,32.00,0,32.00,32.00,0.00,'بيع',32,'المحل'),(466,26,'2020-12-24 15:18:17',2,0,1,15.00,0,15.00,15.00,0.00,'بيع',15,'المحل'),(467,27,'2020-12-24 15:19:39',5,0,1,75.00,0,75.00,75.00,0.00,'بيع',75,'المحل'),(468,28,'2020-12-24 15:24:06',1,0,1,5.00,0,5.00,5.00,0.00,'بيع',5,'المحل'),(469,29,'2020-12-24 15:24:59',2,0,1,10.00,0,10.00,10.00,0.00,'بيع',10,'المحل'),(471,31,'2020-12-24 15:31:42',11,0,1,200.00,0,200.00,200.00,0.00,'بيع',200,'المحل'),(472,32,'2020-12-24 15:39:21',1,0,1,30.00,0,30.00,30.00,0.00,'بيع',30,'المحل'),(473,33,'2020-12-24 15:39:56',1,0,1,50.00,0,50.00,50.00,0.00,'بيع',50,'المحل'),(474,34,'2020-12-24 15:40:34',4,0,1,91.00,0,91.00,91.00,0.00,'بيع',91,'المحل'),(475,35,'2020-12-24 15:50:23',1,0,1,60.00,0,60.00,60.00,0.00,'بيع',60,'المحل'),(476,36,'2020-12-24 15:51:19',1,0,1,5.00,0,5.00,5.00,0.00,'بيع',5,'المحل'),(477,37,'2020-12-24 15:52:53',3,0,1,30.00,0,30.00,30.00,0.00,'بيع',30,'المحل'),(478,38,'2020-12-24 16:13:31',2,0,1,20.00,0,20.00,20.00,0.00,'بيع',20,'المحل'),(479,39,'2020-12-24 16:15:25',1,0,1,5.00,0,5.00,5.00,0.00,'بيع',5,'المحل'),(480,40,'2020-12-24 17:24:30',7,0,1,43.00,0,43.00,43.00,0.00,'بيع',43,'المحل'),(481,41,'2020-12-24 17:27:41',1,0,1,5.00,0,5.00,5.00,0.00,'بيع',5,'المحل'),(482,42,'2020-12-24 18:03:33',1,0,1,5.00,0,5.00,5.00,0.00,'بيع',5,'المحل'),(484,44,'2020-12-24 19:21:19',2,0,1,27.00,0,27.00,27.00,0.00,'بيع',27,'المحل'),(485,45,'2020-12-24 19:21:44',1,0,1,3.00,0,3.00,3.00,0.00,'بيع',3,'المحل'),(486,46,'2020-12-24 19:22:23',1,0,1,5.00,0,5.00,5.00,0.00,'بيع',5,'المحل'),(487,47,'2020-12-24 19:36:21',1,0,1,55.00,0,55.00,55.00,0.00,'بيع',55,'المحل'),(488,48,'2020-12-24 19:49:36',6,0,1,45.00,0,45.00,45.00,0.00,'بيع',45,'المحل'),(489,49,'2020-12-24 19:58:05',7,0,1,60.00,0,60.00,60.00,0.00,'بيع',60,'المحل'),(490,50,'2020-12-24 20:10:53',1,0,1,70.00,0,70.00,70.00,0.00,'بيع',70,'المحل'),(491,51,'2020-12-24 20:13:30',1,0,1,5.00,0,5.00,5.00,0.00,'بيع',5,'المحل'),(492,52,'2020-12-24 20:19:56',1,0,1,5.00,0,5.00,5.00,0.00,'بيع',5,'المحل'),(493,53,'2020-12-24 20:43:30',2,0,1,45.00,0,45.00,45.00,0.00,'بيع',45,'المحل'),(494,54,'2020-12-24 20:43:57',2,0,1,20.00,0,20.00,20.00,0.00,'بيع',20,'المحل'),(495,55,'2020-12-24 20:45:43',1,0,1,15.00,0,15.00,15.00,0.00,'بيع',15,'المحل'),(496,56,'2020-12-24 21:06:22',7,0,1,209.00,0,209.00,209.00,0.00,'بيع',209,'المحل'),(497,57,'2020-12-24 21:09:34',1,0,1,3.00,0,3.00,3.00,0.00,'بيع',3,'المحل'),(498,58,'2020-12-24 21:10:22',2,0,1,15.00,0,15.00,15.00,0.00,'بيع',15,'المحل'),(499,59,'2020-12-24 21:19:15',1,0,1,30.00,0,30.00,30.00,0.00,'بيع',30,'المحل'),(500,60,'2020-12-24 21:28:46',1,0,1,5.00,0,5.00,5.00,0.00,'بيع',5,'المحل'),(501,61,'2020-12-24 21:34:03',2,0,1,12.00,0,12.00,12.00,0.00,'بيع',12,'المحل'),(502,62,'2020-12-24 21:39:15',2,0,1,8.00,0,8.00,8.00,0.00,'بيع',8,'المحل'),(503,63,'2020-12-24 21:46:29',3,0,1,45.00,0,45.00,45.00,0.00,'بيع',45,'المحل'),(504,64,'2020-12-24 21:49:44',1,0,1,10.00,0,10.00,10.00,0.00,'بيع',10,'المحل'),(505,65,'2020-12-24 22:02:55',1,0,1,5.00,0,5.00,5.00,0.00,'بيع',5,'المحل'),(506,66,'2020-12-24 22:11:15',3,0,1,125.00,0,125.00,125.00,0.00,'بيع',125,'المحل'),(507,67,'2020-12-24 22:12:05',1,0,1,25.00,0,25.00,25.00,0.00,'بيع',25,'المحل'),(508,68,'2020-12-24 22:17:46',4,0,1,33.00,0,33.00,33.00,0.00,'بيع',33,'المحل'),(509,69,'2020-12-24 22:21:27',5,0,1,105.00,0,105.00,105.00,0.00,'بيع',105,'المحل'),(510,70,'2020-12-24 22:38:20',10,0,1,81.00,0,81.00,81.00,0.00,'بيع',81,'المحل'),(511,71,'2020-12-24 22:49:29',2,0,1,15.00,0,15.00,15.00,0.00,'بيع',15,'المحل'),(512,72,'2020-12-24 22:50:45',1,0,1,15.00,0,15.00,15.00,0.00,'بيع',15,'المحل'),(513,73,'2020-12-24 22:51:12',1,0,1,10.00,0,10.00,10.00,0.00,'بيع',10,'المحل'),(514,74,'2020-12-24 22:53:15',1,0,1,5.00,0,5.00,5.00,0.00,'بيع',5,'المحل'),(515,75,'2020-12-24 22:53:22',6,0,1,34.00,0,34.00,34.00,0.00,'بيع',34,'المحل'),(516,76,'2020-12-24 22:55:13',8,0,1,50.00,0,50.00,50.00,0.00,'بيع',50,'المحل'),(517,77,'2020-12-24 22:59:17',2,0,1,8.00,0,8.00,8.00,0.00,'بيع',8,'المحل'),(518,78,'2020-12-24 23:01:13',1,0,1,20.00,0,20.00,20.00,0.00,'بيع',20,'المحل'),(519,79,'2020-12-24 23:04:04',1,0,1,4.00,0,4.00,4.00,0.00,'بيع',4,'المحل'),(520,80,'2020-12-24 23:48:21',1,0,1,70.00,0,70.00,70.00,0.00,'بيع',70,'المحل'),(521,81,'2020-12-24 23:48:38',2,0,1,15.00,0,15.00,15.00,0.00,'بيع',15,'المحل'),(522,82,'2020-12-24 23:50:19',3,0,1,20.00,0,20.00,20.00,0.00,'بيع',20,'المحل'),(523,1,'2020-12-25 00:09:03',3,0,1,14.00,0,14.00,14.00,0.00,'بيع',14,'المحل'),(524,2,'2020-12-25 00:11:22',3,0,1,179.00,0,179.00,179.00,0.00,'بيع',179,'المحل'),(525,3,'2020-12-25 00:13:15',2,0,1,7.00,0,7.00,7.00,0.00,'بيع',7,'المحل'),(526,4,'2020-12-25 00:30:09',5,0,1,66.00,0,66.00,66.00,0.00,'بيع',66,'المحل'),(527,5,'2020-12-25 00:47:45',6,0,1,30.00,0,30.00,30.00,0.00,'بيع',30,'المحل'),(528,6,'2020-12-25 00:50:22',1,0,1,15.00,0,15.00,15.00,0.00,'بيع',15,'المحل'),(529,7,'2020-12-25 00:51:32',1,0,1,10.00,0,10.00,10.00,0.00,'بيع',10,'المحل'),(530,8,'2020-12-25 00:51:59',1,0,1,5.00,0,5.00,5.00,0.00,'بيع',5,'المحل'),(531,9,'2020-12-25 00:53:43',3,0,1,15.00,0,15.00,15.00,0.00,'بيع',15,'المحل'),(532,10,'2020-12-25 00:54:46',5,0,1,65.00,0,65.00,65.00,0.00,'بيع',65,'المحل'),(533,11,'2020-12-25 01:07:11',2,0,1,10.00,0,10.00,10.00,0.00,'بيع',10,'المحل'),(534,12,'2020-12-25 01:31:17',5,0,1,120.00,0,120.00,120.00,0.00,'بيع',120,'المحل'),(535,13,'2020-12-25 01:44:57',2,0,1,25.00,0,25.00,25.00,0.00,'بيع',25,'المحل'),(536,14,'2020-12-25 01:49:49',5,0,1,150.00,0,150.00,150.00,0.00,'بيع',150,'المحل'),(537,15,'2020-12-25 01:59:10',2,0,1,50.00,0,50.00,50.00,0.00,'بيع',50,'المحل'),(538,16,'2020-12-25 02:01:17',2,0,1,10.00,0,10.00,10.00,0.00,'بيع',10,'المحل'),(539,17,'2020-12-25 02:01:59',1,0,1,60.00,0,60.00,60.00,0.00,'بيع',60,'المحل'),(540,18,'2020-12-25 02:23:31',3,0,1,15.00,0,15.00,15.00,0.00,'بيع',15,'المحل'),(541,19,'2020-12-25 02:39:12',2,0,1,16.00,0,16.00,16.00,0.00,'بيع',16,'المحل'),(542,20,'2020-12-25 02:49:27',1,0,1,5.00,0,5.00,5.00,0.00,'بيع',5,'المحل'),(543,21,'2020-12-25 11:49:42',1,0,1,5.00,0,5.00,5.00,0.00,'بيع',1,'المحل'),(544,22,'2020-12-25 12:05:32',1,0,1,20.00,0,20.00,20.00,0.00,'بيع',20,'المحل'),(545,23,'2020-12-25 12:48:29',1,0,1,6.00,0,6.00,6.00,0.00,'بيع',6,'المحل'),(546,24,'2020-12-25 12:56:24',2,0,1,15.00,0,15.00,15.00,0.00,'بيع',15,'المحل'),(547,25,'2020-12-25 13:05:20',5,0,1,30.00,0,30.00,30.00,0.00,'بيع',30,'المحل'),(548,26,'2020-12-25 13:08:16',1,0,1,10.00,0,10.00,10.00,0.00,'بيع',10,'المحل'),(549,27,'2020-12-25 13:21:07',2,0,1,5.00,0,5.00,5.00,0.00,'بيع',5,'المحل'),(550,28,'2020-12-25 13:22:13',1,0,1,7.00,0,7.00,7.00,0.00,'بيع',7,'المحل'),(551,29,'2020-12-25 13:37:59',1,0,1,26.00,0,26.00,26.00,0.00,'بيع',9,'المحل'),(552,30,'2020-12-25 13:56:53',1,0,1,15.00,0,15.00,15.00,0.00,'بيع',2,'المحل'),(553,31,'2020-12-25 13:58:49',1,0,1,5.00,0,5.00,5.00,0.00,'بيع',2,'المحل'),(554,32,'2020-12-25 14:31:05',1,0,1,5.00,0,5.00,5.00,0.00,'بيع',5,'المحل'),(555,33,'2020-12-25 14:32:36',1,0,1,10.00,0,10.00,10.00,0.00,'بيع',10,'المحل'),(556,34,'2020-12-25 14:46:28',1,0,1,5.00,0,5.00,5.00,0.00,'بيع',5,'المحل'),(557,35,'2020-12-25 14:56:02',1,0,1,7.00,0,7.00,7.00,0.00,'بيع',7,'المحل'),(558,36,'2020-12-25 15:10:22',6,0,1,375.00,0,375.00,375.00,0.00,'بيع',375,'المحل'),(559,37,'2020-12-25 15:15:09',2,0,1,11.00,0,11.00,11.00,0.00,'بيع',11,'المحل'),(560,38,'2020-12-25 15:20:03',1,0,1,20.00,0,20.00,20.00,0.00,'بيع',20,'المحل'),(561,39,'2020-12-25 15:25:34',1,0,1,12.00,0,12.00,12.00,0.00,'بيع',12,'المحل'),(562,40,'2020-12-25 15:31:52',4,0,1,25.00,0,25.00,25.00,0.00,'بيع',25,'المحل'),(563,41,'2020-12-25 15:51:14',1,0,1,12.00,0,12.00,12.00,0.00,'بيع',12,'المحل'),(564,42,'2020-12-25 16:09:19',1,0,1,5.00,0,5.00,5.00,0.00,'بيع',5,'المحل'),(565,43,'2020-12-25 16:21:55',2,0,1,10.00,0,10.00,10.00,0.00,'بيع',4,'المحل'),(566,44,'2020-12-25 16:46:27',1,0,1,15.00,0,15.00,15.00,0.00,'بيع',15,'المحل'),(567,45,'2020-12-25 16:47:54',1,0,1,10.00,0,10.00,10.00,0.00,'بيع',10,'المحل'),(568,46,'2020-12-25 16:56:11',1,0,1,20.00,0,20.00,20.00,0.00,'بيع',20,'المحل'),(569,47,'2020-12-25 17:27:14',1,0,1,20.00,0,20.00,20.00,0.00,'بيع',20,'المحل'),(570,48,'2020-12-25 17:28:24',1,0,1,5.00,0,5.00,5.00,0.00,'بيع',5,'المحل'),(571,49,'2020-12-25 17:35:44',2,0,1,10.00,0,10.00,10.00,0.00,'بيع',10,'المحل'),(572,50,'2020-12-25 17:40:59',1,0,1,5.00,0,5.00,5.00,0.00,'بيع',5,'المحل'),(573,51,'2020-12-25 17:42:51',3,0,1,10.00,0,10.00,10.00,0.00,'بيع',10,'المحل'),(574,52,'2020-12-25 17:46:52',2,0,1,20.00,0,20.00,20.00,0.00,'بيع',20,'المحل'),(575,53,'2020-12-25 17:50:55',1,0,1,20.00,0,20.00,20.00,0.00,'بيع',20,'المحل'),(576,54,'2020-12-25 18:08:47',2,0,1,5.00,0,5.00,5.00,0.00,'بيع',5,'المحل'),(577,55,'2020-12-25 18:10:17',2,0,1,10.00,0,10.00,10.00,0.00,'بيع',10,'المحل'),(578,56,'2020-12-25 18:14:20',1,0,1,5.00,0,5.00,5.00,0.00,'بيع',5,'المحل'),(579,57,'2020-12-25 18:51:47',32,48349,1,1184.00,0,1184.00,1184.00,0.00,'بيع',325,'المحل'),(580,58,'2020-12-25 19:36:00',1,0,1,20.00,0,20.00,20.00,0.00,'بيع',20,'المحل'),(581,59,'2020-12-25 19:44:24',3,0,1,55.00,0,55.00,55.00,0.00,'بيع',55,'المحل'),(582,60,'2020-12-25 20:08:39',3,0,1,110.00,0,110.00,110.00,0.00,'بيع',110,'المحل'),(583,61,'2020-12-25 20:24:50',2,0,1,10.00,0,10.00,10.00,0.00,'بيع',10,'المحل'),(584,62,'2020-12-25 20:36:50',1,0,1,10.00,0,10.00,10.00,0.00,'بيع',10,'المحل'),(585,63,'2020-12-25 20:43:48',1,0,1,320.00,0,320.00,320.00,0.00,'بيع',320,'المحل'),(586,64,'2020-12-25 20:47:53',5,0,1,75.00,0,75.00,75.00,0.00,'بيع',75,'المحل'),(587,65,'2020-12-25 20:57:01',1,0,1,6.00,0,6.00,6.00,0.00,'بيع',6,'المحل'),(588,66,'2020-12-25 21:08:44',5,0,1,80.00,0,80.00,80.00,0.00,'بيع',80,'المحل'),(589,67,'2020-12-25 21:16:14',3,0,1,18.00,0,18.00,18.00,0.00,'بيع',18,'المحل'),(590,68,'2020-12-25 21:49:05',1,0,1,17.00,0,17.00,17.00,0.00,'بيع',17,'المحل'),(591,69,'2020-12-25 22:14:43',1,0,1,10.00,0,10.00,10.00,0.00,'بيع',10,'المحل'),(592,70,'2020-12-25 22:14:55',1,0,1,8.00,0,8.00,8.00,0.00,'بيع',8,'المحل'),(593,71,'2020-12-25 22:15:13',1,0,1,2.00,0,2.00,2.00,0.00,'بيع',2,'المحل'),(594,72,'2020-12-25 22:17:55',2,0,1,30.00,0,30.00,30.00,0.00,'بيع',30,'المحل'),(595,73,'2020-12-25 22:38:14',9,0,1,298.00,0,298.00,298.00,0.00,'بيع',298,'المحل'),(596,74,'2020-12-25 22:48:57',2,0,1,15.00,0,15.00,15.00,0.00,'بيع',15,'المحل'),(597,75,'2020-12-25 22:49:43',4,0,1,25.00,0,25.00,25.00,0.00,'بيع',7,'المحل'),(598,76,'2020-12-25 22:52:38',1,0,1,10.00,0,10.00,10.00,0.00,'بيع',10,'المحل'),(599,77,'2020-12-25 22:52:47',2,0,1,10.00,0,10.00,10.00,0.00,'بيع',10,'المحل'),(600,78,'2020-12-25 23:10:54',1,0,1,30.00,0,30.00,30.00,0.00,'بيع',30,'المحل'),(601,79,'2020-12-25 23:20:01',1,0,1,5.00,0,5.00,5.00,0.00,'بيع',5,'المحل'),(602,80,'2020-12-25 23:20:28',4,0,1,45.00,0,45.00,45.00,0.00,'بيع',11,'المحل'),(603,81,'2020-12-25 23:47:52',4,0,1,215.00,0,215.00,215.00,0.00,'بيع',215,'المحل'),(605,83,'2020-12-25 23:55:59',7,0,1,195.00,0,195.00,195.00,0.00,'بيع',195,'المحل'),(606,1,'2020-12-26 00:07:20',1,0,1,5.00,0,5.00,5.00,0.00,'بيع',5,'المحل'),(607,2,'2020-12-26 00:07:31',2,0,1,8.00,0,8.00,8.00,0.00,'بيع',8,'المحل'),(608,3,'2020-12-26 00:10:25',1,0,1,5.00,0,5.00,5.00,0.00,'بيع',5,'المحل'),(609,4,'2020-12-26 00:32:15',1,0,1,5.00,0,5.00,5.00,0.00,'بيع',5,'المحل'),(610,5,'2020-12-26 00:32:34',1,0,1,5.00,0,5.00,5.00,0.00,'بيع',5,'المحل'),(611,6,'2020-12-26 00:35:04',2,0,1,20.00,0,20.00,20.00,0.00,'بيع',20,'المحل'),(612,7,'2020-12-26 00:41:48',2,0,1,13.00,0,13.00,13.00,0.00,'بيع',13,'المحل'),(613,8,'2020-12-26 01:00:10',4,0,1,53.00,0,53.00,53.00,0.00,'بيع',53,'المحل'),(614,9,'2020-12-26 01:44:38',1,0,1,5.00,0,5.00,5.00,0.00,'بيع',5,'المحل'),(615,10,'2020-12-26 01:47:42',1,0,1,5.00,0,5.00,5.00,0.00,'بيع',5,'المحل'),(616,11,'2020-12-26 01:51:01',6,0,1,73.00,0,73.00,73.00,0.00,'بيع',73,'المحل'),(617,12,'2020-12-26 01:55:56',2,0,1,45.00,0,45.00,45.00,0.00,'بيع',45,'المحل'),(618,13,'2020-12-26 02:17:11',3,0,1,55.00,0,55.00,55.00,0.00,'بيع',49,'المحل'),(619,14,'2020-12-26 02:21:11',1,0,1,2.00,0,2.00,2.00,0.00,'بيع',2,'المحل'),(620,15,'2020-12-26 02:24:02',1,0,1,3.00,0,3.00,3.00,0.00,'بيع',3,'المحل'),(621,16,'2020-12-26 02:41:58',2,0,1,10.00,0,10.00,10.00,0.00,'بيع',10,'المحل'),(622,17,'2020-12-26 02:46:27',2,0,1,15.00,0,15.00,15.00,0.00,'بيع',15,'المحل'),(623,18,'2020-12-26 11:28:29',4,0,1,56.00,0,56.00,56.00,0.00,'بيع',9,'المحل'),(624,19,'2020-12-26 11:30:06',2,0,1,6.00,0,6.00,6.00,0.00,'بيع',6,'المحل'),(625,20,'2020-12-26 11:43:29',1,0,1,10.00,0,10.00,10.00,0.00,'بيع',10,'المحل'),(626,21,'2020-12-26 12:10:38',1,0,1,5.00,0,5.00,5.00,0.00,'بيع',5,'المحل'),(627,22,'2020-12-26 12:13:02',1,0,1,20.00,0,20.00,20.00,0.00,'بيع',20,'المحل'),(628,23,'2020-12-26 12:29:31',1,0,1,10.00,0,10.00,10.00,0.00,'بيع',10,'المحل'),(629,24,'2020-12-26 12:29:40',2,0,1,10.00,0,10.00,10.00,0.00,'بيع',10,'المحل'),(630,25,'2020-12-26 12:56:35',3,0,1,21.00,0,21.00,21.00,0.00,'بيع',21,'المحل'),(631,26,'2020-12-26 13:11:43',1,0,1,7.00,0,7.00,7.00,0.00,'بيع',7,'المحل'),(632,27,'2020-12-26 13:14:58',1,0,1,4.00,0,4.00,4.00,0.00,'بيع',4,'المحل'),(633,28,'2020-12-26 13:50:40',1,0,1,15.00,0,15.00,15.00,0.00,'بيع',15,'المحل'),(634,29,'2020-12-26 14:02:58',1,0,1,20.00,0,20.00,20.00,0.00,'بيع',20,'المحل'),(635,30,'2020-12-26 14:03:25',1,0,1,10.00,0,10.00,10.00,0.00,'بيع',10,'المحل'),(636,31,'2020-12-26 14:07:14',1,0,1,5.00,0,5.00,5.00,0.00,'بيع',5,'المحل'),(637,32,'2020-12-26 14:13:00',1,0,1,15.00,0,15.00,15.00,0.00,'بيع',15,'المحل'),(638,33,'2020-12-26 14:24:16',2,0,1,10.00,0,10.00,10.00,0.00,'بيع',10,'المحل'),(639,34,'2020-12-26 14:24:57',2,0,1,5.00,0,5.00,5.00,0.00,'بيع',5,'المحل'),(640,35,'2020-12-26 14:28:31',2,0,1,10.00,0,10.00,10.00,0.00,'بيع',10,'المحل'),(641,36,'2020-12-26 14:32:25',1,0,1,16.00,0,16.00,16.00,0.00,'بيع',16,'المحل'),(642,37,'2020-12-26 14:39:45',1,0,1,5.00,0,5.00,5.00,0.00,'بيع',5,'المحل'),(643,38,'2020-12-26 14:48:41',1,0,1,5.00,0,5.00,5.00,0.00,'بيع',5,'المحل'),(644,39,'2020-12-26 15:15:37',1,0,1,5.00,0,5.00,5.00,0.00,'بيع',5,'المحل'),(645,40,'2020-12-26 15:29:14',2,0,1,10.00,0,10.00,10.00,0.00,'بيع',10,'المحل'),(646,41,'2020-12-26 15:46:05',2,0,1,20.00,0,20.00,20.00,0.00,'بيع',20,'المحل'),(647,42,'2020-12-26 15:55:52',6,0,1,31.00,0,31.00,31.00,0.00,'بيع',31,'المحل'),(648,43,'2020-12-26 15:59:38',4,0,1,26.00,0,26.00,26.00,0.00,'بيع',26,'المحل'),(649,44,'2020-12-26 16:01:45',2,0,1,15.00,0,15.00,15.00,0.00,'بيع',15,'المحل'),(650,45,'2020-12-26 16:02:33',1,0,1,10.00,0,10.00,10.00,0.00,'بيع',10,'المحل'),(651,46,'2020-12-26 16:12:04',1,0,1,5.00,0,5.00,5.00,0.00,'بيع',5,'المحل'),(652,47,'2020-12-26 16:35:53',1,0,1,10.00,0,10.00,10.00,0.00,'بيع',10,'المحل'),(653,48,'2020-12-26 16:37:48',3,0,1,14.00,0,14.00,14.00,0.00,'بيع',14,'المحل'),(654,49,'2020-12-26 16:41:08',1,0,1,10.00,0,10.00,10.00,0.00,'بيع',10,'المحل'),(655,50,'2020-12-26 16:41:15',2,0,1,10.00,0,10.00,10.00,0.00,'بيع',10,'المحل'),(656,51,'2020-12-26 16:46:24',4,0,1,21.00,0,21.00,21.00,0.00,'بيع',21,'المحل'),(657,52,'2020-12-26 17:07:11',3,0,1,25.00,0,25.00,25.00,0.00,'بيع',25,'المحل'),(658,53,'2020-12-26 17:18:18',1,0,1,45.00,0,45.00,45.00,0.00,'بيع',45,'المحل'),(659,54,'2020-12-26 17:24:43',1,0,1,8.00,0,8.00,8.00,0.00,'بيع',8,'المحل'),(660,55,'2020-12-26 17:24:48',1,0,1,2.00,0,2.00,2.00,0.00,'بيع',2,'المحل'),(661,56,'2020-12-26 17:45:21',1,0,1,95.00,0,95.00,95.00,0.00,'بيع',95,'المحل'),(662,57,'2020-12-26 17:49:17',1,0,1,10.00,0,10.00,10.00,0.00,'بيع',10,'المحل'),(663,58,'2020-12-26 17:51:21',2,0,1,11.00,0,11.00,11.00,0.00,'بيع',11,'المحل'),(664,59,'2020-12-26 17:54:37',1,0,1,3.00,0,3.00,3.00,0.00,'بيع',3,'المحل'),(665,60,'2020-12-26 18:06:51',1,0,1,5.00,0,5.00,5.00,0.00,'بيع',5,'المحل'),(666,61,'2020-12-26 18:12:40',1,0,1,40.00,0,40.00,40.00,0.00,'بيع',40,'المحل'),(667,62,'2020-12-26 18:21:29',1,0,1,68.00,0,68.00,68.00,0.00,'بيع',68,'المحل'),(668,63,'2020-12-26 18:29:26',2,0,1,10.00,0,10.00,10.00,0.00,'بيع',10,'المحل'),(669,64,'2020-12-26 18:36:34',2,0,1,10.00,0,10.00,10.00,0.00,'بيع',10,'المحل'),(670,65,'2020-12-26 18:36:56',2,0,1,50.00,0,50.00,50.00,0.00,'بيع',50,'المحل'),(671,66,'2020-12-26 18:38:27',2,0,1,5.00,0,5.00,5.00,0.00,'بيع',5,'المحل'),(672,67,'2020-12-26 18:46:08',1,0,1,3.00,0,3.00,3.00,0.00,'بيع',3,'المحل'),(673,68,'2020-12-26 18:49:54',6,0,1,104.00,0,104.00,104.00,0.00,'بيع',104,'المحل'),(674,69,'2020-12-26 18:51:03',2,0,1,15.00,0,15.00,15.00,0.00,'بيع',15,'المحل'),(675,70,'2020-12-26 18:55:42',1,0,1,5.00,0,5.00,5.00,0.00,'بيع',5,'المحل'),(676,71,'2020-12-26 18:59:49',1,0,1,55.00,0,55.00,55.00,0.00,'بيع',55,'المحل'),(677,72,'2020-12-26 18:59:58',3,0,1,10.00,0,10.00,10.00,0.00,'بيع',10,'المحل'),(678,73,'2020-12-26 19:04:19',2,0,1,10.00,0,10.00,10.00,0.00,'بيع',10,'المحل'),(679,74,'2020-12-26 19:06:20',1,0,1,30.00,0,30.00,30.00,0.00,'بيع',30,'المحل'),(680,75,'2020-12-26 19:20:35',1,0,1,5.00,0,5.00,5.00,0.00,'بيع',5,'المحل'),(681,76,'2020-12-26 19:27:41',5,0,1,64.00,0,64.00,64.00,0.00,'بيع',64,'المحل'),(682,77,'2020-12-26 19:31:47',3,0,1,20.00,0,20.00,20.00,0.00,'بيع',20,'المحل'),(683,78,'2020-12-26 19:50:28',1,0,1,5.00,0,5.00,5.00,0.00,'بيع',5,'المحل'),(684,79,'2020-12-26 19:53:35',1,0,1,5.00,0,5.00,5.00,0.00,'بيع',5,'المحل'),(685,80,'2020-12-26 19:56:59',1,0,1,5.00,0,5.00,5.00,0.00,'بيع',5,'المحل'),(686,81,'2020-12-26 20:05:41',2,0,1,10.00,0,10.00,10.00,0.00,'بيع',10,'المحل'),(687,82,'2020-12-26 20:17:29',1,0,1,6.00,0,6.00,6.00,0.00,'بيع',6,'المحل'),(688,83,'2020-12-26 20:27:41',1,0,1,2.00,0,2.00,2.00,0.00,'بيع',2,'المحل'),(689,84,'2020-12-26 20:31:17',2,0,1,10.00,0,10.00,10.00,0.00,'بيع',10,'المحل'),(690,85,'2020-12-26 21:33:21',2,0,1,10.00,0,10.00,10.00,0.00,'بيع',10,'المحل'),(691,86,'2020-12-26 21:33:39',1,0,1,10.00,0,10.00,10.00,0.00,'بيع',10,'المحل'),(692,87,'2020-12-26 21:35:45',1,0,1,60.00,0,60.00,60.00,0.00,'بيع',60,'المحل'),(693,88,'2020-12-26 21:36:57',4,0,1,35.00,0,35.00,35.00,0.00,'بيع',35,'المحل'),(694,89,'2020-12-26 22:06:04',1,0,1,3.00,0,3.00,3.00,0.00,'بيع',3,'المحل'),(695,90,'2020-12-26 22:23:38',1,0,1,40.00,0,40.00,40.00,0.00,'بيع',40,'المحل'),(696,91,'2020-12-26 22:31:59',2,0,1,5.00,0,5.00,5.00,0.00,'بيع',5,'المحل'),(697,92,'2020-12-26 22:35:41',1,0,1,30.00,0,30.00,30.00,0.00,'بيع',30,'المحل'),(698,93,'2020-12-26 22:36:36',2,0,1,25.00,0,25.00,25.00,0.00,'بيع',25,'المحل'),(699,94,'2020-12-26 23:17:35',4,0,1,50.00,0,50.00,50.00,0.00,'بيع',50,'المحل'),(700,95,'2020-12-26 23:31:21',1,0,1,2.00,0,2.00,2.00,0.00,'بيع',2,'المحل'),(701,96,'2020-12-26 23:31:49',2,0,1,5.00,0,5.00,5.00,0.00,'بيع',3,'المحل'),(702,97,'2020-12-26 23:33:51',2,0,1,8.00,0,8.00,8.00,0.00,'بيع',8,'المحل'),(703,1,'2020-12-27 00:29:44',1,0,1,2.00,0,2.00,2.00,0.00,'بيع',2,'المحل'),(704,2,'2020-12-27 00:32:31',3,0,1,30.00,0,30.00,30.00,0.00,'بيع',30,'المحل'),(705,3,'2020-12-27 01:03:08',1,0,1,5.00,0,5.00,5.00,0.00,'بيع',5,'المحل'),(706,4,'2020-12-27 01:03:27',1,0,1,5.00,0,5.00,5.00,0.00,'بيع',5,'المحل'),(707,5,'2020-12-27 02:02:03',7,0,1,99.99,0,99.99,99.99,0.00,'بيع',100,'المحل'),(708,6,'2020-12-27 02:04:57',2,0,1,10.00,0,10.00,10.00,0.00,'بيع',10,'المحل'),(709,7,'2020-12-27 02:19:34',1,0,1,2.00,0,2.00,2.00,0.00,'بيع',2,'المحل'),(710,8,'2020-12-27 11:01:29',2,0,1,10.00,0,10.00,10.00,0.00,'بيع',5,'المحل'),(711,9,'2020-12-27 11:12:07',1,0,1,5.00,0,5.00,5.00,0.00,'بيع',5,'المحل'),(712,10,'2020-12-27 11:17:31',2,0,1,16.00,0,16.00,16.00,0.00,'بيع',5,'المحل'),(713,11,'2020-12-27 11:18:50',1,0,1,5.00,0,5.00,5.00,0.00,'بيع',5,'المحل'),(714,12,'2020-12-27 11:29:02',3,0,1,19.00,0,19.00,19.00,0.00,'بيع',19,'المحل'),(715,13,'2020-12-27 11:42:29',1,0,1,20.00,0,20.00,20.00,0.00,'بيع',20,'المحل'),(716,14,'2020-12-27 11:43:33',1,0,1,10.00,0,10.00,10.00,0.00,'بيع',10,'المحل'),(717,15,'2020-12-27 12:01:33',3,0,1,45.00,0,45.00,45.00,0.00,'بيع',45,'المحل'),(718,16,'2020-12-27 12:04:09',1,0,1,5.00,0,5.00,5.00,0.00,'بيع',5,'المحل'),(719,17,'2020-12-27 12:05:43',1,0,1,15.00,0,15.00,15.00,0.00,'بيع',15,'المحل'),(720,18,'2020-12-27 12:19:46',1,0,1,3.00,0,3.00,3.00,0.00,'بيع',3,'المحل'),(721,19,'2020-12-27 12:23:03',1,0,1,3.00,0,3.00,3.00,0.00,'بيع',3,'المحل'),(722,20,'2020-12-27 12:23:56',1,0,1,3.00,0,3.00,3.00,0.00,'بيع',3,'المحل'),(723,21,'2020-12-27 12:35:42',2,0,1,11.00,0,11.00,11.00,0.00,'بيع',11,'المحل'),(724,22,'2020-12-27 12:38:30',3,0,1,14.00,0,14.00,14.00,0.00,'بيع',14,'المحل'),(725,23,'2020-12-27 12:47:06',2,0,1,20.00,0,20.00,20.00,0.00,'بيع',20,'المحل'),(726,24,'2020-12-27 13:01:04',1,0,1,10.00,0,10.00,10.00,0.00,'بيع',10,'المحل'),(727,25,'2020-12-27 13:11:08',1,0,1,15.00,0,15.00,15.00,0.00,'بيع',15,'المحل'),(728,26,'2020-12-27 13:14:59',4,0,1,115.00,0,115.00,115.00,0.00,'بيع',115,'المحل'),(729,27,'2020-12-27 13:23:15',5,0,1,60.00,0,60.00,60.00,0.00,'بيع',60,'المحل'),(730,28,'2020-12-27 13:27:16',1,0,1,5.00,0,5.00,5.00,0.00,'بيع',5,'المحل'),(731,29,'2020-12-27 13:34:33',4,0,1,16.00,0,16.00,16.00,0.00,'بيع',16,'المحل'),(732,30,'2020-12-27 13:37:27',3,0,1,10.00,0,10.00,10.00,0.00,'بيع',10,'المحل'),(733,31,'2020-12-27 13:46:35',1,0,1,5.00,0,5.00,5.00,0.00,'بيع',5,'المحل'),(734,32,'2020-12-27 14:01:06',1,0,1,3.00,0,3.00,3.00,0.00,'بيع',3,'المحل'),(735,33,'2020-12-27 14:03:45',1,0,1,10.00,0,10.00,10.00,0.00,'بيع',10,'المحل'),(736,34,'2020-12-27 14:07:16',1,0,1,7.00,0,7.00,7.00,0.00,'بيع',7,'المحل'),(737,35,'2020-12-27 14:18:31',5,0,1,20.00,0,20.00,20.00,0.00,'بيع',20,'المحل'),(738,36,'2020-12-27 14:26:45',1,0,1,5.00,0,5.00,5.00,0.00,'بيع',5,'المحل'),(739,37,'2020-12-27 14:29:57',1,0,1,10.00,0,10.00,10.00,0.00,'بيع',10,'المحل'),(740,38,'2020-12-27 14:31:22',1,0,1,5.00,0,5.00,5.00,0.00,'بيع',5,'المحل'),(741,39,'2020-12-27 14:35:56',2,0,1,10.00,0,10.00,10.00,0.00,'بيع',10,'المحل'),(742,40,'2020-12-27 14:36:39',3,0,1,60.00,55,5.00,5.00,0.00,'بيع',60,'المحل'),(743,41,'2020-12-27 14:39:28',1,0,1,9.00,0,9.00,9.00,0.00,'بيع',9,'المحل'),(744,42,'2020-12-27 14:57:52',3,0,1,25.00,0,25.00,25.00,0.00,'بيع',25,'المحل'),(745,43,'2020-12-27 14:59:39',8,0,1,40.00,0,40.00,40.00,0.00,'بيع',40,'المحل'),(746,44,'2020-12-27 15:04:26',3,0,1,15.00,0,15.00,15.00,0.00,'بيع',15,'المحل'),(747,45,'2020-12-27 15:04:55',2,0,1,10.00,0,10.00,10.00,0.00,'بيع',10,'المحل'),(748,46,'2020-12-27 15:09:45',1,0,1,10.00,0,10.00,10.00,0.00,'بيع',10,'المحل'),(749,47,'2020-12-27 15:20:38',7,0,1,35.00,0,35.00,35.00,0.00,'بيع',35,'المحل'),(750,48,'2020-12-27 15:23:14',7,0,1,85.00,0,85.00,85.00,0.00,'بيع',85,'المحل'),(751,49,'2020-12-27 15:44:15',1,0,1,5.00,0,5.00,5.00,0.00,'بيع',5,'المحل'),(752,50,'2020-12-27 15:48:01',2,0,1,10.00,0,10.00,10.00,0.00,'بيع',7,'المحل'),(753,51,'2020-12-27 15:48:39',2,0,1,30.00,0,30.00,30.00,0.00,'بيع',30,'المحل'),(754,52,'2020-12-27 15:54:58',1,0,1,4.00,0,4.00,4.00,0.00,'بيع',4,'المحل'),(755,53,'2020-12-27 15:59:30',2,0,1,10.00,0,10.00,10.00,0.00,'بيع',10,'المحل'),(756,54,'2020-12-27 16:07:20',1,0,1,5.00,0,5.00,5.00,0.00,'بيع',5,'المحل'),(757,55,'2020-12-27 16:10:52',3,0,1,60.00,0,60.00,60.00,0.00,'بيع',60,'المحل'),(758,56,'2020-12-27 16:27:24',1,0,1,5.00,0,5.00,5.00,0.00,'بيع',5,'المحل'),(759,57,'2020-12-27 16:37:16',2,0,1,9.00,0,9.00,9.00,0.00,'بيع',9,'المحل'),(760,58,'2020-12-27 16:53:20',1,0,1,5.00,0,5.00,5.00,0.00,'بيع',5,'المحل'),(761,59,'2020-12-27 16:55:33',1,0,1,5.00,0,5.00,5.00,0.00,'بيع',5,'المحل'),(762,60,'2020-12-27 17:03:06',2,0,1,31.00,0,31.00,31.00,0.00,'بيع',31,'المحل'),(763,61,'2020-12-27 17:22:01',2,0,1,13.00,0,13.00,13.00,0.00,'بيع',13,'المحل'),(764,62,'2020-12-27 17:23:33',1,0,1,10.00,0,10.00,10.00,0.00,'بيع',10,'المحل'),(765,63,'2020-12-27 17:23:43',2,0,1,15.00,0,15.00,15.00,0.00,'بيع',15,'المحل'),(766,64,'2020-12-27 17:30:33',1,0,1,21.00,0,21.00,21.00,0.00,'بيع',21,'المحل'),(767,65,'2020-12-27 17:43:04',1,0,1,5.00,0,5.00,5.00,0.00,'بيع',5,'المحل'),(768,66,'2020-12-27 17:43:16',5,0,1,65.00,0,65.00,65.00,0.00,'بيع',65,'المحل'),(769,67,'2020-12-27 17:52:43',3,0,1,55.00,0,55.00,55.00,0.00,'بيع',55,'المحل'),(770,68,'2020-12-27 17:54:16',1,0,1,3.00,0,3.00,3.00,0.00,'بيع',3,'المحل'),(771,69,'2020-12-27 18:17:15',1,0,1,25.00,0,25.00,25.00,0.00,'بيع',25,'المحل'),(772,70,'2020-12-27 18:30:06',1,0,1,6.00,0,6.00,6.00,0.00,'بيع',6,'المحل'),(773,71,'2020-12-27 18:30:25',1,0,1,10.00,0,10.00,10.00,0.00,'بيع',10,'المحل'),(774,72,'2020-12-27 18:39:32',1,0,1,20.00,0,20.00,20.00,0.00,'بيع',20,'المحل'),(775,73,'2020-12-27 18:42:59',2,0,1,23.00,0,23.00,23.00,0.00,'بيع',23,'المحل'),(776,74,'2020-12-27 19:10:00',1,0,1,5.00,0,5.00,5.00,0.00,'بيع',5,'المحل'),(777,75,'2020-12-27 19:16:50',1,0,1,15.00,0,15.00,15.00,0.00,'بيع',15,'المحل'),(778,76,'2020-12-27 19:33:59',1,0,1,14.00,0,14.00,14.00,0.00,'بيع',14,'المحل'),(779,77,'2020-12-27 19:35:13',1,0,1,1.00,0,1.00,1.00,0.00,'بيع',1,'المحل'),(780,78,'2020-12-27 19:35:52',1,0,1,5.00,0,5.00,5.00,0.00,'بيع',5,'المحل'),(781,79,'2020-12-27 19:59:16',5,0,1,30.00,0,30.00,30.00,0.00,'بيع',30,'المحل'),(782,80,'2020-12-27 20:13:53',1,0,1,10.00,0,10.00,10.00,0.00,'بيع',10,'المحل'),(783,81,'2020-12-27 20:28:52',1,0,1,5.00,0,5.00,5.00,0.00,'بيع',5,'المحل'),(784,82,'2020-12-27 20:29:40',2,0,1,15.00,0,15.00,15.00,0.00,'بيع',15,'المحل'),(785,83,'2020-12-27 20:29:53',3,0,1,16.00,0,16.00,16.00,0.00,'بيع',16,'المحل'),(786,84,'2020-12-27 20:52:53',2,0,1,23.00,0,23.00,23.00,0.00,'بيع',23,'المحل'),(787,85,'2020-12-27 21:05:07',1,0,1,20.00,0,20.00,20.00,0.00,'بيع',20,'المحل'),(788,86,'2020-12-27 21:13:27',4,0,1,35.00,0,35.00,35.00,0.00,'بيع',35,'المحل'),(789,87,'2020-12-27 21:15:57',2,0,1,330.00,0,330.00,330.00,0.00,'بيع',330,'المحل'),(790,88,'2020-12-27 21:17:28',1,0,1,5.00,0,5.00,5.00,0.00,'بيع',5,'المحل'),(791,89,'2020-12-27 21:21:09',3,0,1,60.00,0,60.00,60.00,0.00,'بيع',60,'المحل'),(792,90,'2020-12-27 21:48:52',1,0,1,10.00,0,10.00,10.00,0.00,'بيع',10,'المحل'),(793,91,'2020-12-27 21:57:07',3,0,1,25.00,0,25.00,25.00,0.00,'بيع',25,'المحل'),(794,92,'2020-12-27 22:05:49',1,0,1,5.00,0,5.00,5.00,0.00,'بيع',5,'المحل'),(795,93,'2020-12-27 22:07:27',1,0,1,5.00,0,5.00,5.00,0.00,'بيع',5,'المحل'),(796,94,'2020-12-27 22:11:09',5,0,1,40.00,0,40.00,40.00,0.00,'بيع',40,'المحل'),(797,95,'2020-12-27 22:27:14',5,0,1,90.00,0,90.00,90.00,0.00,'بيع',90,'المحل'),(798,96,'2020-12-27 22:32:22',2,0,1,20.00,0,20.00,20.00,0.00,'بيع',20,'المحل'),(799,97,'2020-12-27 22:34:05',2,0,1,17.00,0,17.00,17.00,0.00,'بيع',17,'المحل'),(800,98,'2020-12-27 22:36:00',2,0,1,10.00,0,10.00,10.00,0.00,'بيع',10,'المحل'),(801,99,'2020-12-27 22:38:11',1,0,1,3.00,0,3.00,3.00,0.00,'بيع',3,'المحل'),(802,100,'2020-12-27 22:38:50',4,0,1,16.00,0,16.00,16.00,0.00,'بيع',16,'المحل'),(803,101,'2020-12-27 22:42:50',2,0,1,10.00,0,10.00,10.00,0.00,'بيع',10,'المحل'),(804,102,'2020-12-27 22:46:21',2,0,1,10.00,0,10.00,10.00,0.00,'بيع',10,'المحل'),(805,103,'2020-12-27 22:50:30',1,0,1,5.00,0,5.00,5.00,0.00,'بيع',5,'المحل'),(806,104,'2020-12-27 23:09:20',3,0,1,20.00,0,20.00,20.00,0.00,'بيع',20,'المحل'),(807,105,'2020-12-27 23:11:11',1,0,1,5.00,0,5.00,5.00,0.00,'بيع',5,'المحل'),(808,106,'2020-12-27 23:15:15',1,0,1,10.00,0,10.00,10.00,0.00,'بيع',10,'المحل'),(809,107,'2020-12-27 23:36:46',1,0,1,5.00,0,5.00,5.00,0.00,'بيع',5,'المحل'),(810,108,'2020-12-27 23:36:58',2,0,1,45.00,0,45.00,45.00,0.00,'بيع',45,'المحل'),(811,109,'2020-12-27 23:39:09',2,0,1,52.00,0,52.00,52.00,0.00,'بيع',52,'المحل'),(812,1,'2020-12-28 00:11:35',1,0,1,20.00,0,20.00,20.00,0.00,'بيع',20,'المحل'),(813,2,'2020-12-28 00:14:23',1,0,1,85.00,0,85.00,85.00,0.00,'بيع',85,'المحل'),(814,3,'2020-12-28 00:25:14',3,0,1,67.00,0,67.00,67.00,0.00,'بيع',67,'المحل'),(815,4,'2020-12-28 00:30:47',11,0,1,496.00,0,496.00,496.00,0.00,'بيع',496,'المحل'),(816,5,'2020-12-28 00:36:07',1,0,1,5.00,0,5.00,5.00,0.00,'بيع',5,'المحل'),(817,6,'2020-12-28 00:40:31',1,0,1,10.00,0,10.00,10.00,0.00,'بيع',10,'المحل'),(818,7,'2020-12-28 00:43:52',3,0,1,35.00,0,35.00,35.00,0.00,'بيع',35,'المحل'),(819,8,'2020-12-28 00:47:34',1,0,1,5.00,0,5.00,5.00,0.00,'بيع',5,'المحل'),(820,9,'2020-12-28 00:48:53',1,0,1,5.00,0,5.00,5.00,0.00,'بيع',5,'المحل'),(821,10,'2020-12-28 00:49:05',1,0,1,10.00,0,10.00,10.00,0.00,'بيع',10,'المحل'),(822,11,'2020-12-28 00:50:48',2,0,1,17.00,0,17.00,17.00,0.00,'بيع',17,'المحل'),(823,12,'2020-12-28 01:29:02',4,0,1,40.00,0,40.00,40.00,0.00,'بيع',40,'المحل'),(824,13,'2020-12-28 01:30:41',2,0,1,18.00,0,18.00,18.00,0.00,'بيع',18,'المحل'),(825,14,'2020-12-28 01:33:48',3,0,1,85.00,0,85.00,85.00,0.00,'بيع',85,'المحل'),(826,15,'2020-12-28 01:51:14',8,0,1,210.00,0,210.00,210.00,0.00,'بيع',106,'المحل'),(827,16,'2020-12-28 01:53:23',1,0,1,10.00,0,10.00,10.00,0.00,'بيع',10,'المحل'),(828,17,'2020-12-28 01:54:06',1,0,1,5.00,0,5.00,5.00,0.00,'بيع',5,'المحل'),(829,18,'2020-12-28 02:00:29',1,0,1,10.00,0,10.00,10.00,0.00,'بيع',10,'المحل'),(830,19,'2020-12-28 09:07:32',1,0,1,5.00,0,5.00,5.00,0.00,'بيع',5,'المحل'),(831,20,'2020-12-28 09:27:47',1,0,1,5.00,0,5.00,5.00,0.00,'بيع',1,'المحل'),(832,21,'2020-12-28 09:29:40',1,0,1,5.00,0,5.00,5.00,0.00,'بيع',5,'المحل'),(833,22,'2020-12-28 09:32:32',4,0,1,11.00,0,11.00,11.00,0.00,'بيع',11,'المحل'),(834,23,'2020-12-28 09:48:57',1,0,1,3.00,0,3.00,3.00,0.00,'بيع',3,'المحل'),(835,24,'2020-12-28 09:58:28',1,0,1,5.00,0,5.00,5.00,0.00,'بيع',5,'المحل'),(836,25,'2020-12-28 10:00:01',1,0,1,5.00,0,5.00,5.00,0.00,'بيع',5,'المحل'),(837,26,'2020-12-28 10:25:25',6,0,1,70.00,0,70.00,70.00,0.00,'بيع',70,'المحل'),(838,27,'2020-12-28 11:12:16',1,0,1,10.00,0,10.00,10.00,0.00,'بيع',10,'المحل'),(839,28,'2020-12-28 11:15:18',3,0,1,20.00,0,20.00,20.00,0.00,'بيع',7,'المحل'),(840,29,'2020-12-28 11:20:34',3,0,1,26.00,0,26.00,26.00,0.00,'بيع',26,'المحل'),(841,30,'2020-12-28 11:34:57',2,0,1,15.00,0,15.00,15.00,0.00,'بيع',15,'المحل'),(842,31,'2020-12-28 11:38:17',1,0,1,3.00,0,3.00,3.00,0.00,'بيع',2,'المحل'),(843,32,'2020-12-28 11:39:40',3,0,1,32.00,0,32.00,32.00,0.00,'بيع',32,'المحل'),(844,33,'2020-12-28 11:58:40',1,0,1,6.00,0,6.00,6.00,0.00,'بيع',6,'المحل'),(845,34,'2020-12-28 12:13:59',1,0,1,5.00,0,5.00,5.00,0.00,'بيع',2,'المحل'),(846,35,'2020-12-28 12:15:53',1,0,1,20.00,0,20.00,20.00,0.00,'بيع',20,'المحل'),(847,36,'2020-12-28 12:21:28',1,0,1,5.00,0,5.00,5.00,0.00,'بيع',5,'المحل'),(848,37,'2020-12-28 12:25:00',2,0,1,10.00,0,10.00,10.00,0.00,'بيع',10,'المحل'),(849,38,'2020-12-28 12:33:17',1,0,1,5.00,0,5.00,5.00,0.00,'بيع',5,'المحل'),(850,39,'2020-12-28 12:38:24',1,0,1,5.00,0,5.00,5.00,0.00,'بيع',5,'المحل'),(851,40,'2020-12-28 12:45:31',1,0,1,10.00,0,10.00,10.00,0.00,'بيع',10,'المحل'),(852,41,'2020-12-28 12:45:37',2,0,1,11.00,0,11.00,11.00,0.00,'بيع',11,'المحل'),(853,42,'2020-12-28 12:54:01',2,0,1,15.00,0,15.00,15.00,0.00,'بيع',15,'المحل'),(854,43,'2020-12-28 12:54:29',1,0,1,10.00,0,10.00,10.00,0.00,'بيع',10,'المحل'),(855,44,'2020-12-28 12:59:15',1,0,1,3.00,0,3.00,3.00,0.00,'بيع',3,'المحل'),(856,45,'2020-12-28 13:09:31',1,0,1,5.00,0,5.00,5.00,0.00,'بيع',5,'المحل'),(857,46,'2020-12-28 13:11:19',1,0,1,5.00,0,5.00,5.00,0.00,'بيع',5,'المحل'),(858,47,'2020-12-28 13:11:48',4,0,1,16.00,0,16.00,16.00,0.00,'بيع',16,'المحل'),(859,48,'2020-12-28 13:18:18',1,0,1,3.00,0,3.00,3.00,0.00,'بيع',3,'المحل'),(860,49,'2020-12-28 13:24:47',1,0,1,5.00,0,5.00,5.00,0.00,'بيع',5,'المحل'),(861,50,'2020-12-28 13:27:55',1,0,1,15.00,0,15.00,15.00,0.00,'بيع',15,'المحل'),(862,51,'2020-12-28 13:34:16',1,0,1,5.00,0,5.00,5.00,0.00,'بيع',5,'المحل'),(863,52,'2020-12-28 14:05:56',1,0,1,10.00,0,10.00,10.00,0.00,'بيع',10,'المحل'),(864,53,'2020-12-28 14:14:36',4,0,1,32.00,0,32.00,32.00,0.00,'بيع',32,'المحل'),(865,54,'2020-12-28 14:31:15',2,0,1,10.00,0,10.00,10.00,0.00,'بيع',10,'المحل'),(866,55,'2020-12-28 14:32:17',2,0,1,10.00,0,10.00,10.00,0.00,'بيع',10,'المحل'),(867,56,'2020-12-28 15:10:58',3,0,1,20.00,0,20.00,20.00,0.00,'بيع',20,'المحل'),(868,57,'2020-12-28 15:22:56',1,0,1,5.00,0,5.00,5.00,0.00,'بيع',5,'المحل'),(869,58,'2020-12-28 15:26:16',3,0,1,26.00,0,26.00,26.00,0.00,'بيع',26,'المحل'),(870,59,'2020-12-28 15:43:15',2,0,1,15.00,0,15.00,15.00,0.00,'بيع',15,'المحل'),(871,60,'2020-12-28 15:43:59',1,0,1,15.00,0,15.00,15.00,0.00,'بيع',15,'المحل'),(872,61,'2020-12-28 15:45:16',5,0,1,280.00,0,280.00,280.00,0.00,'بيع',280,'المحل'),(873,62,'2020-12-28 15:52:11',3,0,1,130.00,0,130.00,130.00,0.00,'بيع',130,'المحل'),(874,63,'2020-12-28 16:00:06',1,0,1,5.00,0,5.00,5.00,0.00,'بيع',5,'المحل'),(875,64,'2020-12-28 16:07:45',1,0,1,5.00,0,5.00,5.00,0.00,'بيع',5,'المحل'),(876,65,'2020-12-28 16:08:20',1,0,1,15.00,0,15.00,15.00,0.00,'بيع',7,'المحل'),(877,66,'2020-12-28 16:10:21',1,0,1,5.00,0,5.00,5.00,0.00,'بيع',5,'المحل'),(878,67,'2020-12-28 16:16:26',1,0,1,5.00,0,5.00,5.00,0.00,'بيع',5,'المحل'),(879,68,'2020-12-28 16:46:56',2,0,1,40.00,0,40.00,40.00,0.00,'بيع',40,'المحل'),(880,69,'2020-12-28 16:53:24',2,0,1,15.00,0,15.00,15.00,0.00,'بيع',15,'المحل'),(881,70,'2020-12-28 16:54:02',1,0,1,10.00,0,10.00,10.00,0.00,'بيع',10,'المحل'),(882,71,'2020-12-28 17:01:53',3,0,1,50.00,0,50.00,50.00,0.00,'بيع',50,'المحل'),(883,72,'2020-12-28 17:06:27',1,0,1,5.00,0,5.00,5.00,0.00,'بيع',5,'المحل'),(884,73,'2020-12-28 17:33:52',4,0,1,40.00,0,40.00,40.00,0.00,'بيع',40,'المحل'),(885,74,'2020-12-28 17:48:28',1,0,1,5.00,0,5.00,5.00,0.00,'بيع',5,'المحل'),(886,75,'2020-12-28 17:48:39',2,0,1,10.00,0,10.00,10.00,0.00,'بيع',10,'المحل'),(887,76,'2020-12-28 17:49:40',2,0,1,10.00,0,10.00,10.00,0.00,'بيع',10,'المحل'),(888,77,'2020-12-28 17:52:51',1,0,1,10.00,0,10.00,10.00,0.00,'بيع',10,'المحل'),(889,78,'2020-12-28 17:53:34',1,0,1,15.00,0,15.00,15.00,0.00,'بيع',15,'المحل'),(890,79,'2020-12-28 18:17:25',1,0,1,5.00,0,5.00,5.00,0.00,'بيع',5,'المحل'),(891,80,'2020-12-28 18:29:54',3,0,1,10.00,0,10.00,10.00,0.00,'بيع',10,'المحل'),(892,81,'2020-12-28 18:51:29',1,0,1,30.00,0,30.00,30.00,0.00,'بيع',30,'المحل'),(893,82,'2020-12-28 18:51:53',2,0,1,14.00,0,14.00,14.00,0.00,'بيع',14,'المحل'),(894,83,'2020-12-28 19:16:16',2,0,1,9.00,0,9.00,9.00,0.00,'بيع',9,'المحل'),(895,84,'2020-12-28 19:17:01',3,0,1,15.00,0,15.00,15.00,0.00,'بيع',15,'المحل'),(896,85,'2020-12-28 19:27:16',2,0,1,145.00,0,145.00,145.00,0.00,'بيع',145,'المحل'),(897,86,'2020-12-28 19:30:51',1,0,1,35.00,0,35.00,35.00,0.00,'بيع',35,'المحل'),(898,87,'2020-12-28 19:32:40',2,0,1,50.00,0,50.00,50.00,0.00,'بيع',13,'المحل'),(899,88,'2020-12-28 19:35:01',1,0,1,5.00,0,5.00,5.00,0.00,'بيع',5,'المحل'),(900,89,'2020-12-28 19:37:51',3,0,1,42.00,0,42.00,42.00,0.00,'بيع',42,'المحل'),(901,90,'2020-12-28 19:50:47',2,0,1,40.00,0,40.00,40.00,0.00,'بيع',40,'المحل'),(902,91,'2020-12-28 20:09:50',1,0,1,5.00,0,5.00,5.00,0.00,'بيع',5,'المحل'),(903,92,'2020-12-28 20:13:10',1,0,1,5.00,0,5.00,5.00,0.00,'بيع',5,'المحل'),(904,93,'2020-12-28 20:14:51',1,0,1,5.00,0,5.00,5.00,0.00,'بيع',5,'المحل'),(905,94,'2020-12-28 20:17:23',1,0,1,10.00,0,10.00,10.00,0.00,'بيع',10,'المحل'),(906,95,'2020-12-28 20:28:41',2,0,1,26.00,0,26.00,26.00,0.00,'بيع',26,'المحل'),(907,96,'2020-12-28 20:33:30',2,0,1,110.16,0,110.16,110.16,0.00,'بيع',110,'المحل'),(908,97,'2020-12-28 20:58:03',3,0,1,11.00,0,11.00,11.00,0.00,'بيع',11,'المحل'),(909,98,'2020-12-28 21:24:56',1,0,1,6.00,0,6.00,6.00,0.00,'بيع',6,'المحل'),(910,99,'2020-12-28 21:32:30',1,0,1,5.00,0,5.00,5.00,0.00,'بيع',5,'المحل'),(911,100,'2020-12-28 21:32:38',1,0,1,200.00,0,200.00,200.00,0.00,'بيع',200,'المحل'),(912,101,'2020-12-28 21:41:48',3,0,1,20.00,0,20.00,20.00,0.00,'بيع',20,'المحل'),(913,102,'2020-12-28 21:43:24',1,0,1,10.00,0,10.00,10.00,0.00,'بيع',10,'المحل'),(914,103,'2020-12-28 21:45:55',1,0,1,30.00,0,30.00,30.00,0.00,'بيع',30,'المحل'),(915,104,'2020-12-28 21:58:57',2,0,1,40.00,0,40.00,40.00,0.00,'بيع',40,'المحل'),(916,105,'2020-12-28 22:02:49',4,0,1,29.00,0,29.00,29.00,0.00,'بيع',29,'المحل'),(917,106,'2020-12-28 22:09:42',1,0,1,10.00,0,10.00,10.00,0.00,'بيع',10,'المحل'),(918,107,'2020-12-28 22:14:41',11,0,1,200.00,0,200.00,200.00,0.00,'بيع',200,'المحل'),(919,108,'2020-12-28 22:46:38',4,0,1,35.00,0,35.00,35.00,0.00,'بيع',35,'المحل'),(920,109,'2020-12-28 22:52:52',2,0,1,25.00,0,25.00,25.00,0.00,'بيع',25,'المحل'),(921,110,'2020-12-28 23:03:12',2,0,1,8.00,0,8.00,8.00,0.00,'بيع',8,'المحل'),(922,111,'2020-12-28 23:11:56',5,0,1,94.90,0,94.90,94.90,0.00,'بيع',95,'المحل'),(923,112,'2020-12-28 23:18:19',1,0,1,5.00,0,5.00,5.00,0.00,'بيع',5,'المحل'),(924,113,'2020-12-28 23:18:47',1,0,1,15.00,0,15.00,15.00,0.00,'بيع',15,'المحل'),(925,114,'2020-12-28 23:19:14',1,0,1,3.00,0,3.00,3.00,0.00,'بيع',3,'المحل'),(926,115,'2020-12-28 23:19:57',1,0,1,3.00,0,3.00,3.00,0.00,'بيع',3,'المحل'),(927,116,'2020-12-28 23:28:09',1,0,1,5.00,0,5.00,5.00,0.00,'بيع',5,'المحل'),(928,117,'2020-12-28 23:28:17',2,0,1,7.00,0,7.00,7.00,0.00,'بيع',7,'المحل'),(929,118,'2020-12-28 23:28:51',1,0,1,12.00,0,12.00,12.00,0.00,'بيع',12,'المحل'),(930,119,'2020-12-28 23:35:56',2,0,1,15.00,0,15.00,15.00,0.00,'بيع',15,'المحل'),(931,120,'2020-12-28 23:36:38',1,0,1,10.00,0,10.00,10.00,0.00,'بيع',10,'المحل'),(932,121,'2020-12-28 23:40:26',1,0,1,5.00,0,5.00,5.00,0.00,'بيع',5,'المحل'),(933,122,'2020-12-28 23:49:49',1,0,1,1.00,0,1.00,1.00,0.00,'بيع',1,'المحل'),(934,1,'2020-12-29 00:04:00',2,0,1,25.00,0,25.00,25.00,0.00,'بيع',25,'المحل'),(935,2,'2020-12-29 00:04:18',1,0,1,5.00,0,5.00,5.00,0.00,'بيع',5,'المحل'),(936,3,'2020-12-29 00:13:07',1,0,1,10.00,0,10.00,10.00,0.00,'بيع',10,'المحل'),(937,4,'2020-12-29 00:20:24',2,0,1,25.00,0,25.00,25.00,0.00,'بيع',25,'المحل'),(938,5,'2020-12-29 01:08:36',2,0,1,100.00,0,100.00,100.00,0.00,'بيع',18,'المحل'),(939,6,'2020-12-29 01:20:33',2,0,1,32.00,0,32.00,32.00,0.00,'بيع',32,'المحل'),(940,7,'2020-12-29 01:46:43',1,0,1,20.00,0,20.00,20.00,0.00,'بيع',20,'المحل'),(941,8,'2020-12-29 01:47:40',1,0,1,10.00,0,10.00,10.00,0.00,'بيع',10,'المحل'),(942,9,'2020-12-29 02:34:06',2,0,1,35.00,0,35.00,35.00,0.00,'بيع',35,'المحل'),(943,10,'2020-12-29 09:08:50',1,0,1,5.00,0,5.00,5.00,0.00,'بيع',5,'المحل'),(944,11,'2020-12-29 09:09:02',1,0,1,10.00,0,10.00,10.00,0.00,'بيع',10,'المحل'),(945,12,'2020-12-29 09:22:35',3,0,1,22.00,0,22.00,22.00,0.00,'بيع',22,'المحل'),(946,13,'2020-12-29 09:31:52',1,0,1,5.00,0,5.00,5.00,0.00,'بيع',5,'المحل'),(947,14,'2020-12-29 09:32:22',1,0,1,20.00,0,20.00,20.00,0.00,'بيع',20,'المحل'),(948,15,'2020-12-29 09:52:02',1,0,1,10.00,0,10.00,10.00,0.00,'بيع',10,'المحل'),(949,16,'2020-12-29 09:52:48',4,0,1,40.00,0,40.00,40.00,0.00,'بيع',40,'المحل'),(950,17,'2020-12-29 10:01:27',1,0,1,5.00,0,5.00,5.00,0.00,'بيع',2,'المحل'),(951,18,'2020-12-29 10:09:48',3,0,1,14.00,0,14.00,14.00,0.00,'بيع',14,'المحل'),(952,19,'2020-12-29 10:35:48',5,0,1,40.00,0,40.00,40.00,0.00,'بيع',40,'المحل'),(953,20,'2020-12-29 10:42:06',1,0,1,10.00,0,10.00,10.00,0.00,'بيع',10,'المحل'),(954,21,'2020-12-29 10:43:43',1,0,1,5.00,0,5.00,5.00,0.00,'بيع',5,'المحل'),(955,22,'2020-12-29 10:51:11',1,0,1,15.00,0,15.00,15.00,0.00,'بيع',15,'المحل'),(956,23,'2020-12-29 10:58:50',1,0,1,20.00,0,20.00,20.00,0.00,'بيع',20,'المحل'),(957,24,'2020-12-29 10:58:57',3,0,1,10.00,0,10.00,10.00,0.00,'بيع',10,'المحل'),(958,25,'2020-12-29 11:20:28',1,0,1,10.00,0,10.00,10.00,0.00,'بيع',10,'المحل'),(959,26,'2020-12-29 12:01:18',2,0,1,10.00,0,10.00,10.00,0.00,'بيع',10,'المحل'),(960,27,'2020-12-29 12:21:37',4,0,1,21.00,0,21.00,21.00,0.00,'بيع',21,'المحل'),(961,28,'2020-12-29 12:59:23',6,0,1,20.00,0,20.00,20.00,0.00,'بيع',20,'المحل'),(962,29,'2020-12-29 13:09:59',2,0,1,20.00,0,20.00,20.00,0.00,'بيع',20,'المحل'),(963,30,'2020-12-29 13:29:58',1,0,1,5.00,0,5.00,5.00,0.00,'بيع',5,'المحل'),(964,31,'2020-12-29 13:30:47',2,0,1,30.00,0,30.00,30.00,0.00,'بيع',30,'المحل'),(965,32,'2020-12-29 13:40:20',1,0,1,6.00,0,6.00,6.00,0.00,'بيع',6,'المحل'),(966,33,'2020-12-29 13:42:29',4,0,1,20.00,0,20.00,20.00,0.00,'بيع',20,'المحل'),(967,34,'2020-12-29 13:49:56',1,0,1,50.00,0,50.00,50.00,0.00,'بيع',50,'المحل'),(968,35,'2020-12-29 13:58:02',1,0,1,5.00,0,5.00,5.00,0.00,'بيع',5,'المحل'),(969,36,'2020-12-29 13:59:02',1,0,1,20.00,0,20.00,20.00,0.00,'بيع',20,'المحل'),(970,37,'2020-12-29 14:11:19',1,0,1,5.00,0,5.00,5.00,0.00,'بيع',5,'المحل'),(971,38,'2020-12-29 14:18:01',1,0,1,5.00,0,5.00,5.00,0.00,'بيع',5,'المحل'),(972,39,'2020-12-29 14:22:37',2,0,1,15.00,0,15.00,15.00,0.00,'بيع',15,'المحل'),(973,40,'2020-12-29 14:58:44',2,0,1,20.00,0,20.00,20.00,0.00,'بيع',7,'المحل'),(974,41,'2020-12-29 15:04:48',2,0,1,10.00,0,10.00,10.00,0.00,'بيع',10,'المحل'),(975,42,'2020-12-29 15:11:23',5,0,1,25.00,0,25.00,25.00,0.00,'بيع',25,'المحل'),(976,43,'2020-12-29 15:21:54',2,0,1,18.00,0,18.00,18.00,0.00,'بيع',18,'المحل'),(977,44,'2020-12-29 15:28:50',1,0,1,5.00,0,5.00,5.00,0.00,'بيع',5,'المحل'),(978,45,'2020-12-29 15:36:55',1,0,1,5.00,0,5.00,5.00,0.00,'بيع',5,'المحل'),(979,46,'2020-12-29 15:47:59',2,0,1,7.00,0,7.00,7.00,0.00,'بيع',7,'المحل'),(980,47,'2020-12-29 16:14:54',1,0,1,10.00,0,10.00,10.00,0.00,'بيع',10,'المحل'),(981,48,'2020-12-29 16:19:16',2,0,1,50.00,0,50.00,50.00,0.00,'بيع',50,'المحل'),(982,49,'2020-12-29 16:19:43',2,0,1,20.00,0,20.00,20.00,0.00,'بيع',20,'المحل'),(983,50,'2020-12-29 16:33:51',1,0,1,1.00,0,1.00,1.00,0.00,'بيع',1,'المحل'),(984,51,'2020-12-29 17:02:55',2,0,1,15.00,0,15.00,15.00,0.00,'بيع',15,'المحل'),(985,52,'2020-12-29 17:05:23',1,0,1,6.00,0,6.00,6.00,0.00,'بيع',6,'المحل'),(986,53,'2020-12-29 17:13:15',4,0,1,30.00,0,30.00,30.00,0.00,'بيع',30,'المحل'),(987,54,'2020-12-29 17:14:04',1,0,1,6.00,0,6.00,6.00,0.00,'بيع',6,'المحل'),(988,55,'2020-12-29 17:19:15',1,0,1,46.00,0,46.00,46.00,0.00,'بيع',46,'المحل'),(989,56,'2020-12-29 17:29:53',1,0,1,4.00,0,4.00,4.00,0.00,'بيع',4,'المحل'),(990,57,'2020-12-29 17:30:14',1,0,1,6.00,0,6.00,6.00,0.00,'بيع',6,'المحل'),(991,58,'2020-12-29 17:37:54',2,0,1,10.00,0,10.00,10.00,0.00,'بيع',10,'المحل'),(992,59,'2020-12-29 18:08:05',1,0,1,5.00,0,5.00,5.00,0.00,'بيع',5,'المحل'),(993,60,'2020-12-29 18:12:26',2,0,1,105.00,0,105.00,105.00,0.00,'بيع',105,'المحل'),(994,61,'2020-12-29 18:14:49',1,0,1,5.00,0,5.00,5.00,0.00,'بيع',5,'المحل'),(995,62,'2020-12-29 18:16:31',11,0,1,705.00,0,705.00,705.00,0.00,'بيع',705,'المحل'),(996,63,'2020-12-29 18:35:15',1,0,1,35.00,0,35.00,35.00,0.00,'بيع',35,'المحل'),(997,64,'2020-12-29 18:50:36',3,0,1,20.00,0,20.00,20.00,0.00,'بيع',20,'المحل'),(998,65,'2020-12-29 19:03:23',1,0,1,6.00,0,6.00,6.00,0.00,'بيع',6,'المحل'),(999,66,'2020-12-29 19:18:17',1,0,1,5.00,0,5.00,5.00,0.00,'بيع',5,'المحل'),(1000,67,'2020-12-29 19:23:26',1,0,1,10.00,0,10.00,10.00,0.00,'بيع',10,'المحل'),(1001,68,'2020-12-29 19:38:36',1,0,1,25.00,0,25.00,25.00,0.00,'بيع',25,'المحل'),(1002,69,'2020-12-29 19:54:29',1,0,1,20.00,0,20.00,20.00,0.00,'بيع',20,'المحل'),(1003,70,'2020-12-29 20:15:06',2,0,1,20.00,0,20.00,20.00,0.00,'بيع',20,'المحل'),(1004,71,'2020-12-29 20:18:41',2,0,1,10.00,0,10.00,10.00,0.00,'بيع',10,'المحل'),(1005,72,'2020-12-29 20:19:00',1,0,1,5.00,0,5.00,5.00,0.00,'بيع',5,'المحل'),(1006,73,'2020-12-29 20:19:41',3,0,1,19.00,0,19.00,19.00,0.00,'بيع',19,'المحل'),(1007,74,'2020-12-29 20:32:24',4,0,1,100.00,0,100.00,100.00,0.00,'بيع',100,'المحل'),(1008,75,'2020-12-29 20:40:13',1,0,1,3.00,0,3.00,3.00,0.00,'بيع',3,'المحل'),(1009,76,'2020-12-29 20:40:56',1,0,1,10.00,0,10.00,10.00,0.00,'بيع',10,'المحل'),(1010,77,'2020-12-29 20:46:26',3,0,1,8.00,0,8.00,8.00,0.00,'بيع',8,'المحل'),(1011,78,'2020-12-29 20:50:05',1,0,1,6.00,0,6.00,6.00,0.00,'بيع',6,'المحل'),(1012,79,'2020-12-29 20:57:15',2,0,1,16.00,0,16.00,16.00,0.00,'بيع',16,'المحل'),(1013,80,'2020-12-29 21:02:12',7,0,1,65.00,0,65.00,65.00,0.00,'بيع',65,'المحل'),(1014,81,'2020-12-29 21:05:29',3,0,1,55.00,0,55.00,55.00,0.00,'بيع',55,'المحل'),(1015,82,'2020-12-29 21:06:54',1,0,1,5.00,0,5.00,5.00,0.00,'بيع',5,'المحل'),(1016,83,'2020-12-29 21:07:17',3,0,1,40.00,0,40.00,40.00,0.00,'بيع',40,'المحل'),(1017,84,'2020-12-29 21:08:40',1,0,1,6.00,0,6.00,6.00,0.00,'بيع',6,'المحل'),(1018,85,'2020-12-29 21:11:17',4,0,1,70.00,0,70.00,70.00,0.00,'بيع',70,'المحل'),(1019,86,'2020-12-29 21:15:01',1,0,1,15.00,0,15.00,15.00,0.00,'بيع',15,'المحل'),(1020,87,'2020-12-29 21:16:29',1,0,1,10.00,0,10.00,10.00,0.00,'بيع',10,'المحل'),(1021,88,'2020-12-29 21:34:18',4,0,1,64.00,0,64.00,64.00,0.00,'بيع',64,'المحل'),(1022,89,'2020-12-29 21:45:01',1,0,1,15.00,0,15.00,15.00,0.00,'بيع',15,'المحل'),(1023,90,'2020-12-29 21:51:09',6,0,1,115.00,0,115.00,115.00,0.00,'بيع',115,'المحل'),(1024,91,'2020-12-29 22:21:37',1,0,1,20.00,0,20.00,20.00,0.00,'بيع',20,'المحل'),(1025,92,'2020-12-29 22:21:50',1,0,1,5.00,0,5.00,5.00,0.00,'بيع',5,'المحل'),(1026,93,'2020-12-29 22:26:21',1,0,1,10.00,0,10.00,10.00,0.00,'بيع',10,'المحل'),(1027,94,'2020-12-29 22:36:12',3,0,1,30.00,0,30.00,30.00,0.00,'بيع',30,'المحل'),(1028,95,'2020-12-29 22:37:39',3,0,1,23.00,0,23.00,23.00,0.00,'بيع',23,'المحل'),(1029,96,'2020-12-29 22:47:48',2,19719,1,15.00,0,15.00,15.00,0.00,'بيع',3,'المحل'),(1030,97,'2020-12-29 23:05:37',1,55156,1,35.00,0,35.00,35.00,0.00,'بيع',6,'المحل'),(1031,98,'2020-12-29 23:13:45',4,0,1,180.00,0,180.00,180.00,0.00,'بيع',180,'المحل'),(1032,99,'2020-12-29 23:17:41',2,0,1,15.00,0,15.00,15.00,0.00,'بيع',15,'المحل'),(1033,100,'2020-12-29 23:17:54',1,0,1,40.00,0,40.00,40.00,0.00,'بيع',40,'المحل'),(1034,101,'2020-12-29 23:34:22',4,0,1,55.00,0,55.00,55.00,0.00,'بيع',55,'المحل'),(1035,102,'2020-12-29 23:36:47',1,0,1,5.00,0,5.00,5.00,0.00,'بيع',5,'المحل'),(1036,103,'2020-12-29 23:45:45',4,0,1,20.00,0,20.00,20.00,0.00,'بيع',20,'المحل'),(1037,1,'2020-12-30 00:10:06',1,0,1,10.00,0,10.00,10.00,0.00,'بيع',10,'المحل'),(1038,2,'2020-12-30 00:12:38',1,0,1,5.00,0,5.00,5.00,0.00,'بيع',5,'المحل'),(1039,3,'2020-12-30 00:12:46',1,0,1,15.00,0,15.00,15.00,0.00,'بيع',15,'المحل'),(1040,4,'2020-12-30 00:43:37',1,0,1,2.00,0,2.00,2.00,0.00,'بيع',2,'المحل'),(1041,5,'2020-12-30 00:44:28',1,0,1,5.00,0,5.00,5.00,0.00,'بيع',5,'المحل'),(1042,6,'2020-12-30 01:33:35',2,0,1,5.00,0,5.00,5.00,0.00,'بيع',5,'المحل'),(1043,7,'2020-12-30 01:34:31',5,0,1,126.00,0,126.00,126.00,0.00,'بيع',126,'المحل'),(1044,8,'2020-12-30 01:37:17',1,0,1,5.00,0,5.00,5.00,0.00,'بيع',5,'المحل'),(1045,9,'2020-12-30 01:43:02',1,0,1,5.00,0,5.00,5.00,0.00,'بيع',5,'المحل'),(1046,10,'2020-12-30 01:43:13',6,0,1,175.00,0,175.00,175.00,0.00,'بيع',175,'المحل'),(1047,11,'2020-12-30 02:11:31',3,0,1,61.00,0,61.00,61.00,0.00,'بيع',61,'المحل'),(1048,12,'2020-12-30 02:13:39',1,0,1,10.00,0,10.00,10.00,0.00,'بيع',10,'المحل'),(1049,13,'2020-12-30 09:20:10',1,0,1,5.00,0,5.00,5.00,0.00,'بيع',5,'المحل'),(1050,14,'2020-12-30 09:20:20',2,0,1,10.00,0,10.00,10.00,0.00,'بيع',10,'المحل'),(1051,15,'2020-12-30 09:24:24',1,0,1,2.00,0,2.00,2.00,0.00,'بيع',2,'المحل'),(1052,16,'2020-12-30 09:32:07',1,0,1,7.00,0,7.00,7.00,0.00,'بيع',7,'المحل'),(1053,17,'2020-12-30 09:33:30',4,0,1,22.00,0,22.00,22.00,0.00,'بيع',22,'المحل'),(1054,18,'2020-12-30 10:02:15',3,0,1,30.00,0,30.00,30.00,0.00,'بيع',30,'المحل'),(1055,19,'2020-12-30 10:55:21',1,0,1,5.00,0,5.00,5.00,0.00,'بيع',5,'المحل'),(1056,20,'2020-12-30 11:03:35',2,0,1,8.00,0,8.00,8.00,0.00,'بيع',8,'المحل'),(1057,21,'2020-12-30 11:23:53',4,0,1,50.00,0,50.00,50.00,0.00,'بيع',50,'المحل'),(1058,22,'2020-12-30 12:01:38',1,0,1,2.00,0,2.00,2.00,0.00,'بيع',2,'المحل'),(1059,23,'2020-12-30 12:02:28',1,0,1,21.00,0,21.00,21.00,0.00,'بيع',4,'المحل'),(1060,24,'2020-12-30 12:04:26',1,0,1,5.00,0,5.00,5.00,0.00,'بيع',5,'المحل'),(1061,25,'2020-12-30 12:06:15',3,0,1,16.00,0,16.00,16.00,0.00,'بيع',6,'المحل'),(1062,26,'2020-12-30 12:17:38',2,0,1,7.00,0,7.00,7.00,0.00,'بيع',7,'المحل'),(1063,27,'2020-12-30 12:50:58',2,0,1,25.00,0,25.00,25.00,0.00,'بيع',25,'المحل'),(1064,28,'2020-12-30 13:01:36',1,0,1,5.00,0,5.00,5.00,0.00,'بيع',5,'المحل'),(1065,29,'2020-12-30 13:15:03',1,0,1,4.00,0,4.00,4.00,0.00,'بيع',4,'المحل'),(1066,30,'2020-12-30 13:33:02',1,0,1,15.00,0,15.00,15.00,0.00,'بيع',15,'المحل'),(1067,31,'2020-12-30 13:38:37',1,0,1,5.00,0,5.00,5.00,0.00,'بيع',5,'المحل'),(1068,32,'2020-12-30 13:40:34',4,0,1,16.00,0,16.00,16.00,0.00,'بيع',16,'المحل'),(1069,33,'2020-12-30 13:53:19',2,0,1,11.00,0,11.00,11.00,0.00,'بيع',11,'المحل'),(1070,34,'2020-12-30 13:56:13',1,0,1,5.00,0,5.00,5.00,0.00,'بيع',5,'المحل'),(1071,35,'2020-12-30 14:07:44',1,0,1,15.00,0,15.00,15.00,0.00,'بيع',4,'المحل'),(1072,36,'2020-12-30 14:09:21',2,0,1,10.00,0,10.00,10.00,0.00,'بيع',1,'المحل'),(1073,37,'2020-12-30 14:16:37',1,0,1,25.00,0,25.00,25.00,0.00,'بيع',25,'المحل'),(1074,38,'2020-12-30 14:20:02',1,0,1,20.00,0,20.00,20.00,0.00,'بيع',20,'المحل'),(1075,39,'2020-12-30 14:23:33',1,0,1,10.00,0,10.00,10.00,0.00,'بيع',10,'المحل'),(1076,40,'2020-12-30 14:23:48',4,0,1,69.00,0,69.00,69.00,0.00,'بيع',69,'المحل'),(1077,41,'2020-12-30 14:27:49',4,0,1,28.00,0,28.00,28.00,0.00,'بيع',7,'المحل'),(1078,42,'2020-12-30 14:40:50',1,0,1,1.00,0,1.00,1.00,0.00,'بيع',1,'المحل'),(1079,43,'2020-12-30 14:52:57',6,0,1,150.00,0,150.00,150.00,0.00,'بيع',150,'المحل'),(1080,44,'2020-12-30 14:55:13',1,0,1,15.00,0,15.00,15.00,0.00,'بيع',15,'المحل'),(1081,45,'2020-12-30 14:56:08',2,0,1,8.00,0,8.00,8.00,0.00,'بيع',8,'المحل'),(1082,46,'2020-12-30 15:02:31',1,0,1,2.00,0,2.00,2.00,0.00,'بيع',2,'المحل'),(1083,47,'2020-12-30 15:03:38',1,0,1,20.00,0,20.00,20.00,0.00,'بيع',20,'المحل'),(1084,48,'2020-12-30 15:22:07',2,0,1,10.00,0,10.00,10.00,0.00,'بيع',10,'المحل'),(1085,49,'2020-12-30 15:25:49',3,0,1,95.00,0,95.00,95.00,0.00,'بيع',95,'المحل'),(1086,50,'2020-12-30 15:31:13',5,0,1,63.00,0,63.00,63.00,0.00,'بيع',63,'المحل'),(1087,51,'2020-12-30 15:35:26',1,0,1,10.00,0,10.00,10.00,0.00,'بيع',10,'المحل'),(1088,52,'2020-12-30 15:36:10',1,0,1,15.00,0,15.00,15.00,0.00,'بيع',15,'المحل'),(1089,53,'2020-12-30 15:37:27',2,0,1,15.00,0,15.00,15.00,0.00,'بيع',15,'المحل'),(1090,54,'2020-12-30 15:41:37',1,0,1,9.00,0,9.00,9.00,0.00,'بيع',9,'المحل'),(1091,55,'2020-12-30 15:55:42',3,0,1,40.00,0,40.00,40.00,0.00,'بيع',40,'المحل'),(1092,56,'2020-12-30 15:59:46',2,0,1,45.00,0,45.00,45.00,0.00,'بيع',45,'المحل'),(1093,57,'2020-12-30 16:23:04',5,0,1,25.00,0,25.00,25.00,0.00,'بيع',25,'المحل'),(1094,58,'2020-12-30 16:27:41',2,0,1,20.00,0,20.00,20.00,0.00,'بيع',20,'المحل'),(1095,59,'2020-12-30 16:32:04',1,0,1,5.00,0,5.00,5.00,0.00,'بيع',5,'المحل'),(1096,60,'2020-12-30 16:32:44',1,0,1,10.00,0,10.00,10.00,0.00,'بيع',10,'المحل'),(1097,61,'2020-12-30 16:36:54',1,0,1,5.00,0,5.00,5.00,0.00,'بيع',5,'المحل'),(1098,62,'2020-12-30 16:41:18',4,0,1,20.00,0,20.00,20.00,0.00,'بيع',20,'المحل'),(1099,63,'2020-12-30 16:55:49',1,0,1,5.00,0,5.00,5.00,0.00,'بيع',5,'المحل'),(1100,64,'2020-12-30 17:05:24',1,0,1,5.00,0,5.00,5.00,0.00,'بيع',5,'المحل'),(1101,65,'2020-12-30 17:05:55',3,0,1,75.00,0,75.00,75.00,0.00,'بيع',75,'المحل'),(1102,66,'2020-12-30 17:07:42',1,0,1,5.00,0,5.00,5.00,0.00,'بيع',5,'المحل'),(1103,67,'2020-12-30 17:12:09',3,0,1,12.00,0,12.00,12.00,0.00,'بيع',12,'المحل'),(1104,68,'2020-12-30 17:15:46',1,0,1,5.00,0,5.00,5.00,0.00,'بيع',5,'المحل'),(1105,69,'2020-12-30 17:20:59',1,0,1,5.00,0,5.00,5.00,0.00,'بيع',5,'المحل'),(1106,70,'2020-12-30 17:37:42',3,0,1,20.00,0,20.00,20.00,0.00,'بيع',20,'المحل'),(1107,71,'2020-12-30 17:40:43',2,0,1,30.00,0,30.00,30.00,0.00,'بيع',30,'المحل'),(1108,72,'2020-12-30 17:43:18',2,0,1,14.00,0,14.00,14.00,0.00,'بيع',14,'المحل'),(1109,73,'2020-12-30 17:47:22',1,0,1,10.00,0,10.00,10.00,0.00,'بيع',10,'المحل'),(1110,74,'2020-12-30 18:04:20',2,0,1,220.08,0,220.08,220.08,0.00,'بيع',220,'المحل'),(1111,75,'2020-12-30 18:09:29',1,0,1,10.00,0,10.00,10.00,0.00,'بيع',10,'المحل'),(1112,76,'2020-12-30 18:24:15',1,0,1,1.00,0,1.00,1.00,0.00,'بيع',1,'المحل'),(1113,77,'2020-12-30 18:40:02',2,0,1,20.00,0,20.00,20.00,0.00,'بيع',20,'المحل'),(1114,78,'2020-12-30 18:48:09',1,0,1,15.00,0,15.00,15.00,0.00,'بيع',15,'المحل'),(1115,79,'2020-12-30 18:53:41',2,0,1,8.00,0,8.00,8.00,0.00,'بيع',8,'المحل'),(1116,80,'2020-12-30 18:54:02',1,0,1,10.00,0,10.00,10.00,0.00,'بيع',10,'المحل'),(1117,81,'2020-12-30 19:29:38',1,0,1,5.00,0,5.00,5.00,0.00,'بيع',5,'المحل'),(1118,82,'2020-12-30 19:51:55',1,0,1,5.00,0,5.00,5.00,0.00,'بيع',5,'المحل'),(1119,83,'2020-12-30 19:54:35',2,0,1,16.00,0,16.00,16.00,0.00,'بيع',16,'المحل'),(1120,84,'2020-12-30 19:58:51',2,0,1,18.00,0,18.00,18.00,0.00,'بيع',18,'المحل'),(1121,85,'2020-12-30 20:09:42',3,0,1,20.00,0,20.00,20.00,0.00,'بيع',20,'المحل'),(1122,86,'2020-12-30 20:10:33',2,0,1,5.00,0,5.00,5.00,0.00,'بيع',5,'المحل'),(1123,87,'2020-12-30 20:11:27',5,0,1,90.02,0,90.02,90.02,0.00,'بيع',90,'المحل'),(1124,88,'2020-12-30 20:18:29',5,0,1,110.00,0,110.00,110.00,0.00,'بيع',110,'المحل'),(1125,89,'2020-12-30 20:21:04',2,0,1,60.00,0,60.00,60.00,0.00,'بيع',60,'المحل'),(1126,90,'2020-12-30 20:31:47',1,0,1,20.00,0,20.00,20.00,0.00,'بيع',20,'المحل'),(1127,91,'2020-12-30 20:32:12',1,0,1,40.00,0,40.00,40.00,0.00,'بيع',40,'المحل'),(1128,92,'2020-12-30 20:32:26',1,0,1,5.00,0,5.00,5.00,0.00,'بيع',5,'المحل'),(1129,93,'2020-12-30 20:43:38',1,0,1,15.00,0,15.00,15.00,0.00,'بيع',15,'المحل'),(1130,94,'2020-12-30 20:51:51',8,0,1,50.00,0,50.00,50.00,0.00,'بيع',50,'المحل'),(1131,95,'2020-12-30 20:56:25',1,0,1,15.00,0,15.00,15.00,0.00,'بيع',15,'المحل'),(1132,96,'2020-12-30 21:08:07',1,0,1,15.00,0,15.00,15.00,0.00,'بيع',15,'المحل'),(1133,97,'2020-12-30 21:10:22',4,0,1,140.00,0,140.00,140.00,0.00,'بيع',140,'المحل'),(1134,98,'2020-12-30 21:13:24',1,0,1,12.00,0,12.00,12.00,0.00,'بيع',12,'المحل'),(1135,99,'2020-12-30 21:36:25',1,0,1,12.00,0,12.00,12.00,0.00,'بيع',12,'المحل'),(1136,100,'2020-12-30 21:44:57',6,0,1,170.00,0,170.00,170.00,0.00,'بيع',170,'المحل'),(1137,101,'2020-12-30 21:48:44',1,0,1,3.00,0,3.00,3.00,0.00,'بيع',3,'المحل'),(1138,102,'2020-12-30 21:49:05',1,0,1,12.00,0,12.00,12.00,0.00,'بيع',12,'المحل'),(1139,103,'2020-12-30 22:03:40',1,0,1,5.00,0,5.00,5.00,0.00,'بيع',5,'المحل'),(1140,104,'2020-12-30 22:04:39',4,0,1,280.00,0,280.00,280.00,0.00,'بيع',280,'المحل'),(1141,105,'2020-12-30 22:18:03',1,0,1,20.00,0,20.00,20.00,0.00,'بيع',20,'المحل'),(1142,106,'2020-12-30 22:22:50',3,0,1,44.00,0,44.00,44.00,0.00,'بيع',44,'المحل'),(1143,107,'2020-12-30 22:27:04',3,0,1,15.00,0,15.00,15.00,0.00,'بيع',15,'المحل'),(1144,108,'2020-12-30 22:32:41',1,0,1,30.00,0,30.00,30.00,0.00,'بيع',30,'المحل'),(1145,109,'2020-12-30 22:43:51',1,0,1,5.00,0,5.00,5.00,0.00,'بيع',5,'المحل'),(1146,110,'2020-12-30 22:44:35',1,0,1,20.00,0,20.00,20.00,0.00,'بيع',20,'المحل'),(1147,111,'2020-12-30 22:57:24',3,0,1,20.00,0,20.00,20.00,0.00,'بيع',20,'المحل'),(1148,112,'2020-12-30 23:09:25',1,0,1,5.00,0,5.00,5.00,0.00,'بيع',5,'المحل'),(1149,113,'2020-12-30 23:14:25',16,0,1,330.00,0,330.00,330.00,0.00,'بيع',65,'المحل'),(1150,114,'2020-12-30 23:39:40',4,0,1,52.00,0,52.00,52.00,0.00,'بيع',11,'المحل'),(1151,115,'2020-12-30 23:51:01',1,0,1,10.00,0,10.00,10.00,0.00,'بيع',10,'المحل'),(1152,116,'2020-12-30 23:57:35',3,45346,1,25.00,0,25.00,25.00,0.00,'بيع',25,'المحل'),(1153,1,'2020-12-31 00:19:28',1,0,1,3.00,0,3.00,3.00,0.00,'بيع',3,'المحل'),(1154,2,'2020-12-31 00:29:23',1,0,1,5.00,0,5.00,5.00,0.00,'بيع',5,'المحل'),(1155,3,'2020-12-31 00:30:07',1,0,1,15.00,0,15.00,15.00,0.00,'بيع',2,'المحل'),(1156,4,'2020-12-31 00:40:20',2,0,1,45.00,0,45.00,45.00,0.00,'بيع',45,'المحل'),(1157,5,'2020-12-31 01:01:57',2,0,1,61.00,0,61.00,61.00,0.00,'بيع',37,'المحل'),(1158,6,'2020-12-31 01:42:03',1,0,1,12.00,0,12.00,12.00,0.00,'بيع',12,'المحل'),(1159,7,'2020-12-31 01:42:26',4,0,1,111.00,0,111.00,111.00,0.00,'بيع',111,'المحل'),(1160,8,'2020-12-31 01:51:04',3,0,1,24.00,0,24.00,24.00,0.00,'بيع',24,'المحل'),(1161,9,'2020-12-31 01:56:53',1,0,1,12.00,0,12.00,12.00,0.00,'بيع',12,'المحل'),(1162,10,'2020-12-31 02:51:38',1,0,1,35.00,0,35.00,35.00,0.00,'بيع',35,'المحل'),(1163,11,'2020-12-31 09:14:26',2,0,1,8.00,0,8.00,8.00,0.00,'بيع',8,'المحل'),(1164,12,'2020-12-31 09:27:09',1,0,1,10.00,0,10.00,10.00,0.00,'بيع',10,'المحل'),(1165,13,'2020-12-31 09:38:39',1,0,1,5.00,0,5.00,5.00,0.00,'بيع',2,'المحل'),(1166,14,'2020-12-31 09:48:23',2,0,1,10.00,0,10.00,10.00,0.00,'بيع',10,'المحل'),(1167,15,'2020-12-31 09:49:23',1,0,1,5.00,0,5.00,5.00,0.00,'بيع',5,'المحل'),(1168,16,'2020-12-31 10:15:43',1,0,1,12.00,0,12.00,12.00,0.00,'بيع',12,'المحل'),(1169,17,'2020-12-31 10:45:39',2,0,1,80.00,0,80.00,80.00,0.00,'بيع',80,'المحل'),(1170,18,'2020-12-31 10:48:20',1,0,1,5.00,0,5.00,5.00,0.00,'بيع',5,'المحل'),(1171,19,'2020-12-31 10:48:32',1,0,1,36.00,0,36.00,36.00,0.00,'بيع',36,'المحل'),(1172,20,'2020-12-31 10:53:20',1,0,1,12.00,0,12.00,12.00,0.00,'بيع',12,'المحل'),(1173,21,'2020-12-31 11:19:35',1,0,1,5.00,0,5.00,5.00,0.00,'بيع',5,'المحل'),(1174,22,'2020-12-31 11:24:18',1,0,1,5.00,0,5.00,5.00,0.00,'بيع',5,'المحل'),(1175,23,'2020-12-31 12:11:04',5,0,1,34.00,0,34.00,34.00,0.00,'بيع',34,'المحل'),(1176,24,'2020-12-31 12:32:39',3,0,1,13.00,0,13.00,13.00,0.00,'بيع',13,'المحل'),(1177,25,'2020-12-31 12:38:49',1,0,1,5.00,0,5.00,5.00,0.00,'بيع',5,'المحل'),(1178,26,'2020-12-31 12:51:53',1,0,1,12.00,0,12.00,12.00,0.00,'بيع',12,'المحل'),(1179,27,'2020-12-31 12:52:00',3,0,1,25.00,0,25.00,25.00,0.00,'بيع',25,'المحل'),(1180,28,'2020-12-31 12:53:50',1,0,1,10.00,0,10.00,10.00,0.00,'بيع',10,'المحل'),(1181,29,'2020-12-31 13:01:46',4,0,1,20.00,0,20.00,20.00,0.00,'بيع',20,'المحل'),(1182,30,'2020-12-31 13:02:37',1,45832,1,17.00,0,17.00,17.00,0.00,'بيع',7,'المحل'),(1183,31,'2020-12-31 13:03:58',3,0,1,15.00,0,15.00,15.00,0.00,'بيع',15,'المحل'),(1184,32,'2020-12-31 13:18:42',4,0,1,16.00,0,16.00,16.00,0.00,'بيع',16,'المحل'),(1185,33,'2020-12-31 13:39:04',6,0,1,24.00,0,24.00,24.00,0.00,'بيع',24,'المحل'),(1186,34,'2020-12-31 13:42:50',1,0,1,30.00,0,30.00,30.00,0.00,'بيع',30,'المحل'),(1187,35,'2020-12-31 13:44:10',2,0,1,8.00,0,8.00,8.00,0.00,'بيع',8,'المحل'),(1188,36,'2020-12-31 13:47:14',3,0,1,45.00,0,45.00,45.00,0.00,'بيع',45,'المحل'),(1189,37,'2020-12-31 13:58:02',1,0,1,5.00,0,5.00,5.00,0.00,'بيع',5,'المحل'),(1190,38,'2020-12-31 14:03:02',11,0,1,344.00,0,344.00,344.00,0.00,'بيع',344,'المحل'),(1191,39,'2020-12-31 14:19:56',1,0,1,5.00,0,5.00,5.00,0.00,'بيع',5,'المحل'),(1192,40,'2020-12-31 14:30:37',1,0,1,6.00,0,6.00,6.00,0.00,'بيع',6,'المحل'),(1193,41,'2020-12-31 14:34:06',2,0,1,22.00,0,22.00,22.00,0.00,'بيع',22,'المحل'),(1194,42,'2020-12-31 14:55:04',2,0,1,7.00,0,7.00,7.00,0.00,'بيع',7,'المحل'),(1195,43,'2020-12-31 15:02:30',1,0,1,5.00,0,5.00,5.00,0.00,'بيع',5,'المحل'),(1196,44,'2020-12-31 15:35:55',4,0,1,26.00,0,26.00,26.00,0.00,'بيع',26,'المحل'),(1197,45,'2020-12-31 15:58:10',1,0,1,5.00,0,5.00,5.00,0.00,'بيع',5,'المحل'),(1198,46,'2020-12-31 16:03:46',3,0,1,31.00,0,31.00,31.00,0.00,'بيع',31,'المحل'),(1199,47,'2020-12-31 16:11:48',3,0,1,105.00,5,100.00,100.00,0.00,'بيع',105,'المحل'),(1200,48,'2020-12-31 16:14:27',1,0,1,24.00,0,24.00,24.00,0.00,'بيع',24,'المحل'),(1201,49,'2020-12-31 16:15:33',1,0,1,10.00,0,10.00,10.00,0.00,'بيع',10,'المحل'),(1202,50,'2020-12-31 16:22:57',3,0,1,195.00,0,195.00,195.00,0.00,'بيع',195,'المحل'),(1203,51,'2020-12-31 16:36:04',1,0,1,5.00,0,5.00,5.00,0.00,'بيع',5,'المحل'),(1204,52,'2020-12-31 16:36:24',2,0,1,20.00,0,20.00,20.00,0.00,'بيع',20,'المحل'),(1205,53,'2020-12-31 16:45:23',2,0,1,10.00,0,10.00,10.00,0.00,'بيع',10,'المحل'),(1206,54,'2020-12-31 16:55:48',2,0,1,8.00,0,8.00,8.00,0.00,'بيع',8,'المحل'),(1207,55,'2020-12-31 17:02:51',2,0,1,20.00,0,20.00,20.00,0.00,'بيع',20,'المحل'),(1208,56,'2020-12-31 17:08:53',1,0,1,5.00,0,5.00,5.00,0.00,'بيع',5,'المحل'),(1209,57,'2020-12-31 17:16:20',2,0,1,15.00,0,15.00,15.00,0.00,'بيع',15,'المحل'),(1210,58,'2020-12-31 17:16:44',1,0,1,5.00,0,5.00,5.00,0.00,'بيع',5,'المحل'),(1211,59,'2020-12-31 17:19:33',2,0,1,20.00,0,20.00,20.00,0.00,'بيع',20,'المحل'),(1212,60,'2020-12-31 17:24:06',1,0,1,5.00,0,5.00,5.00,0.00,'بيع',5,'المحل'),(1213,61,'2020-12-31 17:24:18',1,0,1,5.00,0,5.00,5.00,0.00,'بيع',5,'المحل'),(1214,62,'2020-12-31 17:39:29',1,0,1,10.00,0,10.00,10.00,0.00,'بيع',10,'المحل'),(1215,63,'2020-12-31 17:39:54',8,0,1,165.00,0,165.00,165.00,0.00,'بيع',165,'المحل'),(1216,64,'2020-12-31 17:48:17',18,0,1,928.00,0,928.00,928.00,0.00,'بيع',928,'المحل'),(1217,65,'2020-12-31 18:01:01',2,0,1,130.00,0,130.00,130.00,0.00,'بيع',130,'المحل'),(1218,66,'2020-12-31 18:02:47',2,0,1,10.00,0,10.00,10.00,0.00,'بيع',10,'المحل'),(1219,67,'2020-12-31 18:17:24',1,0,1,6.00,0,6.00,6.00,0.00,'بيع',6,'المحل'),(1220,68,'2020-12-31 18:21:37',2,0,1,10.00,0,10.00,10.00,0.00,'بيع',10,'المحل'),(1221,69,'2020-12-31 18:22:04',2,0,1,10.00,0,10.00,10.00,0.00,'بيع',10,'المحل'),(1222,70,'2020-12-31 18:24:21',1,0,1,15.00,0,15.00,15.00,0.00,'بيع',15,'المحل'),(1223,71,'2020-12-31 18:37:12',1,0,1,5.00,0,5.00,5.00,0.00,'بيع',5,'المحل'),(1224,72,'2020-12-31 19:12:44',3,0,1,30.00,0,30.00,30.00,0.00,'بيع',30,'المحل'),(1225,73,'2020-12-31 19:14:11',2,0,1,17.00,0,17.00,17.00,0.00,'بيع',17,'المحل'),(1226,74,'2020-12-31 19:14:30',1,0,1,2.00,0,2.00,2.00,0.00,'بيع',2,'المحل'),(1227,75,'2020-12-31 19:16:56',2,0,1,11.00,0,11.00,11.00,0.00,'بيع',11,'المحل'),(1228,76,'2020-12-31 19:17:18',3,0,1,32.00,0,32.00,32.00,0.00,'بيع',32,'المحل'),(1229,77,'2020-12-31 19:43:50',6,0,1,159.00,0,159.00,159.00,0.00,'بيع',159,'المحل'),(1230,78,'2020-12-31 19:48:02',3,0,1,65.00,0,65.00,65.00,0.00,'بيع',65,'المحل'),(1231,79,'2020-12-31 20:01:22',1,0,1,135.00,0,135.00,135.00,0.00,'بيع',135,'المحل'),(1232,80,'2020-12-31 20:09:40',1,0,1,5.00,0,5.00,5.00,0.00,'بيع',5,'المحل'),(1233,81,'2020-12-31 20:11:18',9,0,1,166.00,0,166.00,166.00,0.00,'بيع',60,'المحل'),(1234,82,'2020-12-31 20:20:17',13,0,1,227.00,0,227.00,227.00,0.00,'بيع',227,'المحل'),(1235,83,'2020-12-31 20:24:40',3,0,1,20.00,0,20.00,20.00,0.00,'بيع',20,'المحل'),(1236,84,'2020-12-31 20:27:48',4,0,1,90.00,0,90.00,90.00,0.00,'بيع',90,'المحل'),(1237,85,'2020-12-31 20:34:38',5,0,1,65.00,0,65.00,65.00,0.00,'بيع',65,'المحل'),(1238,86,'2020-12-31 20:58:38',2,0,1,10.00,0,10.00,10.00,0.00,'بيع',10,'المحل'),(1239,87,'2020-12-31 21:01:58',1,0,1,12.00,0,12.00,12.00,0.00,'بيع',12,'المحل'),(1240,88,'2020-12-31 21:09:00',1,0,1,12.00,0,12.00,12.00,0.00,'بيع',12,'المحل'),(1241,89,'2020-12-31 21:16:03',1,0,1,25.00,0,25.00,25.00,0.00,'بيع',25,'المحل'),(1242,90,'2020-12-31 21:12:51',8,0,1,125.00,0,125.00,125.00,0.00,'بيع',125,'المحل'),(1243,91,'2020-12-31 21:21:57',1,0,1,24.00,0,24.00,24.00,0.00,'بيع',24,'المحل'),(1244,92,'2020-12-31 21:28:00',1,0,1,18.00,0,18.00,18.00,0.00,'بيع',18,'المحل'),(1245,93,'2020-12-31 21:33:51',5,0,1,70.00,0,70.00,70.00,0.00,'بيع',70,'المحل'),(1246,94,'2020-12-31 21:41:05',1,0,1,10.00,0,10.00,10.00,0.00,'بيع',10,'المحل'),(1247,95,'2020-12-31 21:48:46',2,0,1,23.00,0,23.00,23.00,0.00,'بيع',23,'المحل'),(1248,96,'2020-12-31 22:03:42',1,0,1,10.00,0,10.00,10.00,0.00,'بيع',10,'المحل'),(1249,97,'2020-12-31 22:03:55',11,0,1,75.00,0,75.00,75.00,0.00,'بيع',75,'المحل'),(1250,98,'2020-12-31 22:17:53',3,0,1,24.00,0,24.00,24.00,0.00,'بيع',24,'المحل'),(1251,99,'2020-12-31 22:20:27',1,0,1,3.00,0,3.00,3.00,0.00,'بيع',3,'المحل'),(1252,100,'2020-12-31 22:30:27',7,0,1,162.00,0,162.00,162.00,0.00,'بيع',162,'المحل'),(1253,101,'2020-12-31 22:34:09',4,0,1,60.00,0,60.00,60.00,0.00,'بيع',60,'المحل'),(1254,102,'2020-12-31 22:36:34',2,0,1,45.00,0,45.00,45.00,0.00,'بيع',45,'المحل'),(1255,103,'2020-12-31 22:44:12',2,0,1,15.00,0,15.00,15.00,0.00,'بيع',15,'المحل'),(1256,104,'2020-12-31 22:46:35',1,0,1,5.00,0,5.00,5.00,0.00,'بيع',5,'المحل'),(1257,105,'2020-12-31 22:53:59',3,0,1,23.00,0,23.00,23.00,0.00,'بيع',23,'المحل'),(1258,106,'2020-12-31 22:55:24',2,0,1,15.00,0,15.00,15.00,0.00,'بيع',15,'المحل'),(1259,107,'2020-12-31 22:56:30',4,0,1,18.00,0,18.00,18.00,0.00,'بيع',18,'المحل'),(1260,108,'2020-12-31 23:01:40',1,0,1,12.00,0,12.00,12.00,0.00,'بيع',12,'المحل'),(1261,109,'2020-12-31 23:03:29',1,0,1,5.00,0,5.00,5.00,0.00,'بيع',5,'المحل'),(1262,110,'2020-12-31 23:04:25',1,0,1,17.00,0,17.00,17.00,0.00,'بيع',17,'المحل'),(1263,111,'2020-12-31 23:06:00',1,0,1,10.00,0,10.00,10.00,0.00,'بيع',10,'المحل'),(1264,112,'2020-12-31 23:11:08',1,0,1,5.00,0,5.00,5.00,0.00,'بيع',5,'المحل'),(1265,113,'2020-12-31 23:24:53',1,0,1,5.00,0,5.00,5.00,0.00,'بيع',5,'المحل'),(1266,114,'2020-12-31 23:29:45',2,0,1,19.00,0,19.00,19.00,0.00,'بيع',19,'المحل'),(1267,115,'2020-12-31 23:35:46',11,0,1,135.00,0,135.00,135.00,0.00,'بيع',135,'المحل'),(1268,116,'2020-12-31 23:40:02',1,0,1,45.00,0,45.00,45.00,0.00,'بيع',45,'المحل'),(1269,117,'2020-12-31 23:43:28',6,0,1,80.00,0,80.00,80.00,0.00,'بيع',80,'المحل'),(1270,118,'2020-12-31 23:45:03',4,0,1,70.00,0,70.00,70.00,0.00,'بيع',70,'المحل'),(1271,119,'2020-12-31 23:45:45',8,0,1,365.00,0,365.00,365.00,0.00,'بيع',365,'المحل'),(1272,120,'2020-12-31 23:47:51',1,0,1,5.00,0,5.00,5.00,0.00,'بيع',5,'المحل'),(1273,121,'2020-12-31 23:49:18',7,0,1,60.00,0,60.00,60.00,0.00,'بيع',60,'المحل'),(1274,122,'2020-12-31 23:54:37',3,0,1,80.00,0,80.00,80.00,0.00,'بيع',80,'المحل'),(1275,123,'2020-12-31 23:55:39',1,0,1,10.00,0,10.00,10.00,0.00,'بيع',10,'المحل'),(1277,1,'2020-12-31 23:58:16',2,0,1,30.00,0,30.00,30.00,0.00,'بيع',10,'المحل'),(1278,1,'2021-01-01 00:15:34',11,0,1,326.00,0,326.00,326.00,0.00,'بيع',326,'المحل'),(1279,2,'2021-01-01 00:19:15',1,0,1,5.00,0,5.00,5.00,0.00,'بيع',5,'المحل'),(1280,3,'2021-01-01 00:18:11',8,0,1,120.00,0,120.00,120.00,0.00,'بيع',120,'المحل'),(1281,4,'2021-01-01 00:22:46',2,0,1,120.00,0,120.00,120.00,0.00,'بيع',5,'المحل'),(1282,5,'2021-01-01 00:25:01',2,0,1,21.00,0,21.00,21.00,0.00,'بيع',21,'المحل'),(1283,6,'2021-01-01 00:35:06',6,0,1,90.00,0,90.00,90.00,0.00,'بيع',90,'المحل'),(1284,7,'2021-01-01 00:40:07',1,0,1,24.00,0,24.00,24.00,0.00,'بيع',24,'المحل'),(1285,8,'2021-01-01 00:44:40',1,0,1,10.00,0,10.00,10.00,0.00,'بيع',10,'المحل'),(1286,9,'2021-01-01 00:47:10',1,0,1,10.00,0,10.00,10.00,0.00,'بيع',10,'المحل'),(1287,10,'2021-01-01 00:47:22',2,0,1,27.00,0,27.00,27.00,0.00,'بيع',27,'المحل'),(1288,11,'2021-01-01 01:06:58',3,0,1,30.00,0,30.00,30.00,0.00,'بيع',30,'المحل'),(1289,12,'2021-01-01 01:07:55',1,0,1,10.00,0,10.00,10.00,0.00,'بيع',10,'المحل'),(1290,13,'2021-01-01 01:14:24',1,0,1,2.00,0,2.00,2.00,0.00,'بيع',2,'المحل'),(1291,14,'2021-01-01 01:18:07',1,0,1,5.00,0,5.00,5.00,0.00,'بيع',5,'المحل'),(1292,15,'2021-01-01 01:18:30',1,0,1,3.00,0,3.00,3.00,0.00,'بيع',3,'المحل'),(1293,16,'2021-01-01 01:19:13',2,0,1,47.00,0,47.00,47.00,0.00,'بيع',47,'المحل'),(1294,17,'2021-01-01 01:26:28',2,0,1,15.00,0,15.00,15.00,0.00,'بيع',15,'المحل'),(1295,18,'2021-01-01 01:26:46',1,0,1,5.00,0,5.00,5.00,0.00,'بيع',5,'المحل'),(1296,19,'2021-01-01 01:28:10',2,0,1,15.00,0,15.00,15.00,0.00,'بيع',15,'المحل'),(1297,20,'2021-01-01 01:53:49',3,0,1,10.00,0,10.00,10.00,0.00,'بيع',10,'المحل'),(1298,21,'2021-01-01 02:06:48',1,0,1,15.00,0,15.00,15.00,0.00,'بيع',15,'المحل'),(1299,22,'2021-01-01 02:07:01',2,0,1,10.00,0,10.00,10.00,0.00,'بيع',10,'المحل'),(1300,23,'2021-01-01 02:09:56',2,0,1,5.00,0,5.00,5.00,0.00,'بيع',5,'المحل'),(1301,24,'2021-01-01 02:19:27',1,0,1,10.00,0,10.00,10.00,0.00,'بيع',10,'المحل'),(1302,25,'2021-01-01 02:39:30',1,0,1,5.00,0,5.00,5.00,0.00,'بيع',5,'المحل'),(1303,26,'2021-01-01 02:42:44',2,0,1,42.00,0,42.00,42.00,0.00,'بيع',42,'المحل'),(1304,27,'2021-01-01 02:49:43',1,0,1,3.00,0,3.00,3.00,0.00,'بيع',3,'المحل'),(1305,28,'2021-01-01 02:49:51',1,0,1,10.00,0,10.00,10.00,0.00,'بيع',10,'المحل'),(1306,29,'2021-01-01 03:26:59',2,0,1,25.00,0,25.00,25.00,0.00,'بيع',25,'المحل'),(1307,30,'2021-01-01 03:29:29',1,0,1,10.00,0,10.00,10.00,0.00,'بيع',10,'المحل'),(1308,31,'2021-01-01 03:32:11',1,0,1,10.00,0,10.00,10.00,0.00,'بيع',10,'المحل'),(1309,32,'2021-01-01 03:40:18',2,0,1,42.00,0,42.00,42.00,0.00,'بيع',28,'المحل'),(1310,33,'2021-01-01 03:43:02',1,0,1,20.00,0,20.00,20.00,0.00,'بيع',6,'المحل'),(1311,34,'2021-01-01 04:05:56',1,0,1,5.00,0,5.00,5.00,0.00,'بيع',5,'المحل'),(1312,35,'2021-01-01 04:23:47',2,0,1,20.00,0,20.00,20.00,0.00,'بيع',20,'المحل'),(1313,36,'2021-01-01 04:29:54',1,0,1,20.00,0,20.00,20.00,0.00,'بيع',20,'المحل'),(1314,37,'2021-01-01 04:38:19',1,0,1,6.00,0,6.00,6.00,0.00,'بيع',6,'المحل'),(1315,38,'2021-01-01 04:44:54',1,0,1,5.00,0,5.00,5.00,0.00,'بيع',5,'المحل'),(1316,39,'2021-01-01 05:33:13',1,0,1,4.00,0,4.00,4.00,0.00,'بيع',4,'المحل'),(1317,40,'2021-01-01 05:33:55',5,0,1,100.00,0,100.00,100.00,0.00,'بيع',60,'المحل'),(1318,41,'2021-01-01 06:50:20',1,0,1,10.00,0,10.00,10.00,0.00,'بيع',10,'المحل'),(1319,42,'2021-01-01 07:47:31',3,0,1,51.00,0,51.00,51.00,0.00,'بيع',51,'المحل'),(1320,43,'2021-01-01 08:24:30',6,0,1,135.00,0,135.00,135.00,0.00,'بيع',135,'المحل'),(1321,44,'2021-01-01 08:32:44',2,0,1,32.00,0,32.00,32.00,0.00,'بيع',32,'المحل'),(1322,45,'2021-01-01 08:43:05',2,0,1,10.00,0,10.00,11.00,-1.00,'بيع',1,'المحل'),(1323,46,'2021-01-01 08:46:11',5,0,1,39.00,0,39.00,39.00,0.00,'بيع',39,'المحل'),(1324,47,'2021-01-01 09:27:02',1,0,1,10.00,0,10.00,10.00,0.00,'بيع',10,'المحل'),(1325,48,'2021-01-01 09:57:04',3,0,1,28.00,0,28.00,28.00,0.00,'بيع',28,'المحل'),(1326,49,'2021-01-01 09:58:41',5,0,1,25.00,0,25.00,25.00,0.00,'بيع',25,'المحل'),(1327,50,'2021-01-01 10:25:59',1,0,1,10.00,0,10.00,10.00,0.00,'بيع',10,'المحل'),(1328,51,'2021-01-01 10:26:24',1,0,1,12.00,0,12.00,12.00,0.00,'بيع',12,'المحل'),(1329,52,'2021-01-01 10:49:06',1,0,1,25.00,0,25.00,25.00,0.00,'بيع',25,'المحل'),(1330,53,'2021-01-01 10:54:01',2,0,1,23.00,0,23.00,23.00,0.00,'بيع',11,'المحل'),(1331,54,'2021-01-01 11:00:53',3,0,1,10.00,0,10.00,10.00,0.00,'بيع',10,'المحل'),(1332,55,'2021-01-01 11:09:02',1,0,1,6.00,0,6.00,6.00,0.00,'بيع',6,'المحل'),(1333,56,'2021-01-01 11:09:26',1,0,1,5.00,0,5.00,5.00,0.00,'بيع',5,'المحل'),(1334,57,'2021-01-01 11:20:08',3,0,1,19.00,0,19.00,19.00,0.00,'بيع',19,'المحل'),(1335,58,'2021-01-01 11:22:01',2,0,1,110.00,0,110.00,110.00,0.00,'بيع',110,'المحل'),(1336,59,'2021-01-01 11:24:02',2,0,1,34.00,0,34.00,34.00,0.00,'بيع',34,'المحل'),(1337,60,'2021-01-01 11:26:38',1,0,1,12.00,0,12.00,12.00,0.00,'بيع',12,'المحل'),(1338,61,'2021-01-01 11:29:10',3,0,1,40.00,0,40.00,40.00,0.00,'بيع',40,'المحل'),(1339,62,'2021-01-01 11:31:17',2,0,1,20.00,0,20.00,20.00,0.00,'بيع',20,'المحل'),(1340,63,'2021-01-01 11:33:20',1,0,1,2.00,0,2.00,2.00,0.00,'بيع',2,'المحل'),(1341,64,'2021-01-01 11:51:51',1,0,1,20.00,0,20.00,20.00,0.00,'بيع',20,'المحل'),(1342,65,'2021-01-01 12:03:06',2,0,1,29.00,0,29.00,29.00,0.00,'بيع',29,'المحل'),(1343,66,'2021-01-01 12:08:49',6,0,1,40.00,0,40.00,40.00,0.00,'بيع',40,'المحل'),(1344,67,'2021-01-01 12:30:13',6,0,1,30.00,0,30.00,30.00,0.00,'بيع',30,'المحل'),(1345,68,'2021-01-01 12:56:16',1,0,1,10.00,0,10.00,10.00,0.00,'بيع',10,'المحل'),(1346,69,'2021-01-01 12:56:43',1,0,1,5.00,0,5.00,5.00,0.00,'بيع',5,'المحل'),(1347,70,'2021-01-01 13:05:04',3,0,1,15.00,0,15.00,15.00,0.00,'بيع',15,'المحل'),(1348,71,'2021-01-01 13:07:12',2,0,1,10.00,0,10.00,10.00,0.00,'بيع',10,'المحل'),(1349,72,'2021-01-01 13:39:21',1,0,1,40.00,0,40.00,40.00,0.00,'بيع',40,'المحل'),(1350,73,'2021-01-01 13:49:55',1,0,1,10.00,0,10.00,10.00,0.00,'بيع',10,'المحل'),(1351,74,'2021-01-01 14:10:57',1,0,1,14.00,0,14.00,14.00,0.00,'بيع',14,'المحل'),(1352,75,'2021-01-01 14:25:22',4,0,1,84.00,0,84.00,84.00,0.00,'بيع',84,'المحل'),(1353,76,'2021-01-01 14:27:05',3,0,1,19.00,0,19.00,19.00,0.00,'بيع',19,'المحل'),(1354,77,'2021-01-01 14:27:43',1,0,1,20.00,0,20.00,20.00,0.00,'بيع',20,'المحل'),(1355,78,'2021-01-01 14:29:31',1,0,1,48.00,0,48.00,48.00,0.00,'بيع',20,'المحل'),(1356,79,'2021-01-01 14:32:34',2,0,1,18.00,0,18.00,18.00,0.00,'بيع',18,'المحل'),(1357,80,'2021-01-01 14:46:36',1,0,1,12.00,0,12.00,12.00,0.00,'بيع',12,'المحل'),(1358,81,'2021-01-01 14:47:27',1,0,1,5.00,0,5.00,5.00,0.00,'بيع',5,'المحل'),(1359,82,'2021-01-01 14:51:30',2,0,1,34.00,0,34.00,34.00,0.00,'بيع',34,'المحل'),(1360,83,'2021-01-01 15:16:48',1,0,1,3.00,0,3.00,3.00,0.00,'بيع',3,'المحل'),(1361,84,'2021-01-01 15:18:05',3,0,1,26.00,0,26.00,26.00,0.00,'بيع',26,'المحل'),(1362,85,'2021-01-01 15:34:38',1,0,1,5.00,0,5.00,5.00,0.00,'بيع',5,'المحل'),(1363,86,'2021-01-01 15:35:59',3,0,1,19.00,0,19.00,19.00,0.00,'بيع',19,'المحل'),(1364,87,'2021-01-01 15:38:26',1,0,1,3.00,0,3.00,3.00,0.00,'بيع',3,'المحل'),(1365,88,'2021-01-01 15:39:17',1,0,1,1.00,0,1.00,1.00,0.00,'بيع',1,'المحل'),(1366,89,'2021-01-01 15:48:47',1,0,1,10.00,0,10.00,10.00,0.00,'بيع',10,'المحل'),(1367,90,'2021-01-01 15:49:11',2,0,1,50.00,0,50.00,50.00,0.00,'بيع',50,'المحل'),(1368,91,'2021-01-01 16:09:53',3,0,1,10.00,0,10.00,10.00,0.00,'بيع',10,'المحل'),(1369,92,'2021-01-01 16:33:30',1,0,1,10.00,0,10.00,10.00,0.00,'بيع',10,'المحل'),(1370,93,'2021-01-01 16:54:01',3,0,1,17.00,0,17.00,17.00,0.00,'بيع',17,'المحل'),(1371,94,'2021-01-01 17:18:07',1,0,1,5.00,0,5.00,5.00,0.00,'بيع',5,'المحل'),(1372,95,'2021-01-01 17:22:27',4,0,1,15.00,0,15.00,15.00,0.00,'بيع',15,'المحل'),(1373,96,'2021-01-01 17:20:50',17,93729,1,254.00,0,254.00,254.00,0.00,'بيع',64,'المحل'),(1374,97,'2021-01-01 17:45:07',1,0,1,10.00,0,10.00,10.00,0.00,'بيع',10,'المحل'),(1375,98,'2021-01-01 18:04:21',6,0,1,32.00,0,32.00,32.00,0.00,'بيع',32,'المحل'),(1376,99,'2021-01-01 18:06:30',14,69748,1,238.00,0,238.00,238.00,0.00,'بيع',238,'المحل'),(1377,100,'2021-01-01 18:10:49',2,0,1,50.00,0,50.00,50.00,0.00,'بيع',50,'المحل'),(1378,101,'2021-01-01 18:22:00',1,0,1,30.00,0,30.00,30.00,0.00,'بيع',30,'المحل'),(1379,102,'2021-01-01 18:32:49',8,0,1,86.00,0,86.00,86.00,0.00,'بيع',48,'المحل'),(1380,103,'2021-01-01 18:41:32',3,0,1,26.00,0,26.00,26.00,0.00,'بيع',26,'المحل'),(1381,104,'2021-01-01 19:19:23',5,52239,1,127.00,0,127.00,127.00,0.00,'بيع',37,'المحل'),(1382,105,'2021-01-01 19:56:02',1,0,1,10.00,0,10.00,10.00,0.00,'بيع',10,'المحل'),(1383,106,'2021-01-01 19:59:08',1,0,1,15.00,0,15.00,15.00,0.00,'بيع',15,'المحل'),(1384,107,'2021-01-01 19:50:25',10,69748,1,208.00,0,208.00,208.00,0.00,'بيع',59,'المحل'),(1385,108,'2021-01-01 20:09:04',1,0,1,5.00,0,5.00,5.00,0.00,'بيع',5,'المحل'),(1386,109,'2021-01-01 20:10:42',1,0,1,17.00,0,17.00,17.00,0.00,'بيع',17,'المحل'),(1387,110,'2021-01-01 20:12:12',1,0,1,5.00,0,5.00,5.00,0.00,'بيع',5,'المحل'),(1388,111,'2021-01-01 20:15:45',1,0,1,12.00,0,12.00,12.00,0.00,'بيع',5,'المحل'),(1389,112,'2021-01-01 20:40:21',1,0,1,3.00,0,3.00,3.00,0.00,'بيع',3,'المحل'),(1390,113,'2021-01-01 20:40:34',1,0,1,5.00,0,5.00,5.00,0.00,'بيع',5,'المحل'),(1391,114,'2021-01-01 20:50:57',1,0,1,10.00,0,10.00,10.00,0.00,'بيع',10,'المحل'),(1392,115,'2021-01-01 20:51:07',2,0,1,30.00,0,30.00,30.00,0.00,'بيع',30,'المحل'),(1393,116,'2021-01-01 21:37:22',5,0,1,100.00,0,100.00,100.00,0.00,'بيع',100,'المحل'),(1394,117,'2021-01-01 21:45:45',1,0,1,5.00,0,5.00,5.00,0.00,'بيع',5,'المحل'),(1395,118,'2021-01-01 22:07:19',14,0,1,81.00,0,81.00,81.00,0.00,'بيع',45,'المحل'),(1396,119,'2021-01-01 22:51:34',2,43895,1,20.00,0,20.00,20.00,0.00,'بيع',5,'المحل'),(1397,120,'2021-01-01 22:52:57',1,36839,1,5.00,0,5.00,5.00,0.00,'بيع',1,'المحل'),(1398,121,'2021-01-01 22:56:36',3,0,1,15.00,0,15.00,15.00,0.00,'بيع',15,'المحل'),(1399,122,'2021-01-01 23:03:30',2,0,1,15.00,0,15.00,15.00,0.00,'بيع',15,'المحل'),(1400,123,'2021-01-01 23:04:39',2,0,1,90.00,0,90.00,90.00,0.00,'بيع',90,'المحل'),(1401,124,'2021-01-01 23:04:54',3,0,1,25.00,0,25.00,25.00,0.00,'بيع',25,'المحل'),(1402,125,'2021-01-01 23:08:02',4,0,1,56.00,0,56.00,56.00,0.00,'بيع',56,'المحل'),(1403,126,'2021-01-01 23:09:21',1,0,1,20.00,0,20.00,20.00,0.00,'بيع',20,'المحل'),(1404,127,'2021-01-01 23:39:19',1,0,1,5.00,0,5.00,5.00,0.00,'بيع',5,'المحل'),(1405,128,'2021-01-01 23:43:15',15,0,1,215.00,0,215.00,215.00,0.00,'بيع',215,'المحل'),(1406,129,'2021-01-01 23:56:53',1,0,1,3.00,0,3.00,3.00,0.00,'بيع',3,'المحل'),(1407,1,'2021-01-01 23:59:40',1,0,1,5.00,0,5.00,5.00,0.00,'بيع',5,'المحل'),(1408,1,'2021-01-02 00:04:06',1,45346,1,8.00,0,8.00,8.00,0.00,'بيع',8,'المحل'),(1409,2,'2021-01-02 00:17:39',1,0,1,15.00,0,15.00,15.00,0.00,'بيع',15,'المحل'),(1410,3,'2021-01-02 00:19:18',1,0,1,13.00,0,13.00,13.00,0.00,'بيع',13,'المحل'),(1411,4,'2021-01-02 00:33:04',1,0,1,5.00,0,5.00,5.00,0.00,'بيع',5,'المحل'),(1412,5,'2021-01-02 00:34:46',3,0,1,80.00,0,80.00,80.00,0.00,'بيع',80,'المحل'),(1413,6,'2021-01-02 01:09:21',5,0,1,47.00,0,47.00,47.00,0.00,'بيع',47,'المحل'),(1414,7,'2021-01-02 01:11:09',2,0,1,11.00,1,10.00,10.00,0.00,'بيع',11,'المحل'),(1415,8,'2021-01-02 01:17:35',1,0,1,36.00,0,36.00,36.00,0.00,'بيع',36,'المحل'),(1416,9,'2021-01-02 01:29:20',1,0,1,15.00,0,15.00,15.00,0.00,'بيع',15,'المحل'),(1417,10,'2021-01-02 01:43:57',2,0,1,19.00,0,19.00,19.00,0.00,'بيع',19,'المحل'),(1418,11,'2021-01-02 01:46:49',1,0,1,30.00,0,30.00,30.00,0.00,'بيع',30,'المحل'),(1419,12,'2021-01-02 01:50:56',1,0,1,2.00,0,2.00,2.00,0.00,'بيع',2,'المحل'),(1420,13,'2021-01-02 01:52:46',2,0,1,15.00,0,15.00,15.00,0.00,'بيع',15,'المحل'),(1421,14,'2021-01-02 01:55:52',3,47235,1,44.00,0,44.00,44.00,0.00,'بيع',44,'المحل'),(1422,15,'2021-01-02 02:02:41',3,0,1,45.00,0,45.00,45.00,0.00,'بيع',45,'المحل'),(1423,16,'2021-01-02 02:02:56',5,45832,1,107.00,0,107.00,107.00,0.00,'بيع',34,'المحل'),(1424,17,'2021-01-02 02:06:24',1,0,1,7.00,0,7.00,7.00,0.00,'بيع',7,'المحل'),(1425,18,'2021-01-02 02:06:38',1,0,1,2.00,0,2.00,2.00,0.00,'بيع',2,'المحل'),(1426,19,'2021-01-02 02:09:55',1,0,1,5.00,0,5.00,5.00,0.00,'بيع',5,'المحل'),(1427,20,'2021-01-02 02:12:41',1,0,1,15.00,0,15.00,15.00,0.00,'بيع',15,'المحل'),(1428,21,'2021-01-02 03:18:30',1,0,1,10.00,0,10.00,10.00,0.00,'بيع',10,'المحل'),(1429,22,'2021-01-02 11:37:25',1,0,1,4.00,0,4.00,4.00,0.00,'بيع',1,'المحل'),(1430,23,'2021-01-02 11:37:36',3,0,1,34.00,0,34.00,34.00,0.00,'بيع',34,'المحل'),(1431,24,'2021-01-02 12:15:52',2,0,1,105.00,0,105.00,105.00,0.00,'بيع',105,'المحل'),(1432,25,'2021-01-02 12:17:34',1,45832,1,17.00,0,17.00,17.00,0.00,'بيع',7,'المحل'),(1433,26,'2021-01-02 12:50:01',2,0,1,9.00,0,9.00,9.00,0.00,'بيع',2,'المحل'),(1434,27,'2021-01-02 12:58:19',2,0,1,60.00,0,60.00,60.00,0.00,'بيع',60,'المحل'),(1435,28,'2021-01-02 13:05:10',1,0,1,5.00,0,5.00,5.00,0.00,'بيع',5,'المحل'),(1436,29,'2021-01-02 13:09:31',3,0,1,12.00,0,12.00,12.00,0.00,'بيع',12,'المحل'),(1437,30,'2021-01-02 13:11:40',3,0,1,15.00,0,15.00,15.00,0.00,'بيع',15,'المحل'),(1438,31,'2021-01-02 13:18:05',1,0,1,20.00,0,20.00,20.00,0.00,'بيع',20,'المحل'),(1439,32,'2021-01-02 13:19:37',1,0,1,10.00,5,5.00,5.00,0.00,'بيع',10,'المحل'),(1440,33,'2021-01-02 13:29:25',1,0,1,3.00,0,3.00,3.00,0.00,'بيع',3,'المحل'),(1441,34,'2021-01-02 13:37:44',3,0,1,10.00,0,10.00,10.00,0.00,'بيع',10,'المحل'),(1442,35,'2021-01-02 13:39:32',1,0,1,2.00,0,2.00,2.00,0.00,'بيع',2,'المحل'),(1443,36,'2021-01-02 13:41:16',2,0,1,21.00,0,21.00,21.00,0.00,'بيع',21,'المحل'),(1444,37,'2021-01-02 13:44:40',4,0,1,16.00,0,16.00,16.00,0.00,'بيع',16,'المحل'),(1445,38,'2021-01-02 13:48:31',1,0,1,2.00,0,2.00,2.00,0.00,'بيع',0,'المحل'),(1446,39,'2021-01-02 13:50:03',1,0,1,4.00,0,4.00,4.00,0.00,'بيع',4,'المحل'),(1447,40,'2021-01-02 13:52:51',2,0,1,4.00,0,4.00,4.00,0.00,'بيع',1,'المحل'),(1448,41,'2021-01-02 14:08:23',3,0,1,25.00,0,25.00,25.00,0.00,'بيع',25,'المحل'),(1449,42,'2021-01-02 14:11:00',1,0,1,5.00,0,5.00,5.00,0.00,'بيع',5,'المحل'),(1450,43,'2021-01-02 14:14:06',1,0,1,6.00,0,6.00,6.00,0.00,'بيع',6,'المحل'),(1451,44,'2021-01-02 14:18:52',1,0,1,5.00,0,5.00,5.00,0.00,'بيع',5,'المحل'),(1452,45,'2021-01-02 14:25:27',1,0,1,36.00,0,36.00,36.00,0.00,'بيع',36,'المحل'),(1453,46,'2021-01-02 14:32:52',1,0,1,12.00,0,12.00,12.00,0.00,'بيع',12,'المحل'),(1454,47,'2021-01-02 14:41:08',1,0,1,5.00,0,5.00,5.00,0.00,'بيع',5,'المحل'),(1455,48,'2021-01-02 14:47:31',1,0,1,3.00,0,3.00,3.00,0.00,'بيع',3,'المحل'),(1456,49,'2021-01-02 14:48:56',2,0,1,10.00,0,10.00,10.00,0.00,'بيع',10,'المحل'),(1457,50,'2021-01-02 15:29:07',2,0,1,10.00,0,10.00,10.00,0.00,'بيع',10,'المحل'),(1458,51,'2021-01-02 16:08:24',1,0,1,3.00,0,3.00,3.00,0.00,'بيع',3,'المحل'),(1459,52,'2021-01-02 16:08:37',3,0,1,21.00,0,21.00,21.00,0.00,'بيع',21,'المحل'),(1460,53,'2021-01-02 16:10:42',2,0,1,5.00,0,5.00,5.00,0.00,'بيع',5,'المحل'),(1461,54,'2021-01-02 16:35:46',1,0,1,24.00,0,24.00,24.00,0.00,'بيع',24,'المحل'),(1462,55,'2021-01-02 16:49:57',1,0,1,10.00,0,10.00,10.00,0.00,'بيع',10,'المحل'),(1463,56,'2021-01-02 17:00:07',2,0,1,29.00,0,29.00,29.00,0.00,'بيع',29,'المحل'),(1464,57,'2021-01-02 17:05:56',1,0,1,20.00,0,20.00,20.00,0.00,'بيع',20,'المحل'),(1465,58,'2021-01-02 17:32:56',2,0,1,25.00,0,25.00,25.00,0.00,'بيع',25,'المحل'),(1466,59,'2021-01-02 17:34:33',1,0,1,20.00,0,20.00,20.00,0.00,'بيع',20,'المحل'),(1467,60,'2021-01-02 17:39:40',1,0,1,10.00,0,10.00,10.00,0.00,'بيع',10,'المحل'),(1468,61,'2021-01-02 17:52:07',2,0,1,10.00,0,10.00,10.00,0.00,'بيع',10,'المحل'),(1469,62,'2021-01-02 18:02:28',3,0,1,12.00,0,12.00,12.00,0.00,'بيع',12,'المحل'),(1470,63,'2021-01-02 18:09:37',3,0,1,66.00,0,66.00,66.00,0.00,'بيع',66,'المحل'),(1471,64,'2021-01-02 18:32:11',1,0,1,499.44,0,499.44,499.44,0.00,'بيع',499,'المحل'),(1472,65,'2021-01-02 18:33:20',1,0,1,3.00,0,3.00,3.00,0.00,'بيع',3,'المحل'),(1473,66,'2021-01-02 18:38:54',4,0,1,20.00,0,20.00,20.00,0.00,'بيع',20,'المحل'),(1474,67,'2021-01-02 18:58:27',2,47235,1,27.00,0,27.00,27.00,0.00,'بيع',27,'المحل'),(1475,68,'2021-01-02 19:01:58',1,0,1,12.00,0,12.00,12.00,0.00,'بيع',12,'المحل'),(1476,69,'2021-01-02 19:24:22',2,0,1,12.00,0,12.00,12.00,0.00,'بيع',12,'المحل'),(1477,70,'2021-01-02 19:25:02',2,0,1,120.00,0,120.00,120.00,0.00,'بيع',120,'المحل'),(1478,71,'2021-01-02 19:26:43',6,0,1,105.00,0,105.00,105.00,0.00,'بيع',105,'المحل'),(1479,72,'2021-01-02 19:42:39',5,0,1,40.00,0,40.00,40.00,0.00,'بيع',40,'المحل'),(1480,73,'2021-01-02 19:44:43',1,0,1,10.00,0,10.00,10.00,0.00,'بيع',10,'المحل'),(1481,74,'2021-01-02 19:45:02',2,0,1,22.00,0,22.00,22.00,0.00,'بيع',12,'المحل'),(1482,75,'2021-01-02 19:55:18',1,0,1,10.00,0,10.00,10.00,0.00,'بيع',10,'المحل'),(1483,76,'2021-01-02 19:55:51',1,0,1,4.00,0,4.00,4.00,0.00,'بيع',4,'المحل'),(1484,77,'2021-01-02 19:58:40',1,0,1,5.00,0,5.00,5.00,0.00,'بيع',5,'المحل'),(1485,78,'2021-01-02 20:01:02',1,0,1,12.00,0,12.00,12.00,0.00,'بيع',12,'المحل'),(1486,79,'2021-01-02 20:17:26',1,0,1,1.00,0,1.00,1.00,0.00,'بيع',1,'المحل'),(1487,80,'2021-01-02 20:33:53',1,0,1,10.00,0,10.00,10.00,0.00,'بيع',10,'المحل'),(1488,81,'2021-01-02 20:42:00',1,45346,1,12.00,0,12.00,12.00,0.00,'بيع',5,'المحل'),(1489,82,'2021-01-02 20:46:38',1,0,1,5.00,0,5.00,5.00,0.00,'بيع',5,'المحل'),(1490,83,'2021-01-02 20:46:58',1,0,1,7.00,0,7.00,7.00,0.00,'بيع',2,'المحل'),(1491,84,'2021-01-02 20:53:13',1,0,1,5.00,0,5.00,5.00,0.00,'بيع',5,'المحل'),(1492,85,'2021-01-02 22:14:54',1,36839,1,2.00,0,2.00,2.00,0.00,'بيع',0,'المحل'),(1493,86,'2021-01-02 22:15:49',4,0,1,53.00,0,53.00,53.00,0.00,'بيع',16,'المحل'),(1494,87,'2021-01-02 22:39:16',1,0,1,3.00,0,3.00,3.00,0.00,'بيع',3,'المحل'),(1495,88,'2021-01-02 22:46:09',3,0,1,15.00,0,15.00,15.00,0.00,'بيع',15,'المحل'),(1496,89,'2021-01-02 22:49:48',8,0,1,127.00,0,127.00,127.00,0.00,'بيع',127,'المحل'),(1497,90,'2021-01-02 22:54:08',3,66768,1,26.00,0,26.00,26.00,0.00,'بيع',9,'المحل'),(1498,91,'2021-01-02 23:10:22',1,0,1,5.00,0,5.00,5.00,0.00,'بيع',5,'المحل'),(1499,92,'2021-01-02 23:11:04',2,0,1,30.00,0,30.00,30.00,0.00,'بيع',30,'المحل'),(1500,93,'2021-01-02 23:13:09',1,0,1,10.00,0,10.00,10.00,0.00,'بيع',10,'المحل'),(1501,94,'2021-01-02 23:18:09',1,43895,1,13.00,0,13.00,13.00,0.00,'بيع',3,'المحل'),(1502,95,'2021-01-02 23:20:34',3,0,1,25.00,0,25.00,25.00,0.00,'بيع',25,'المحل'),(1503,96,'2021-01-02 23:23:09',1,43895,1,20.00,0,20.00,20.00,0.00,'بيع',6,'المحل'),(1504,97,'2021-01-02 23:35:02',1,0,1,5.00,0,5.00,5.00,0.00,'بيع',5,'المحل'),(1505,98,'2021-01-02 23:35:43',1,0,1,30.00,0,30.00,30.00,0.00,'بيع',30,'المحل'),(1506,99,'2021-01-02 23:36:09',1,0,1,5.00,0,5.00,5.00,0.00,'بيع',5,'المحل'),(1507,100,'2021-01-02 23:36:17',2,0,1,35.00,0,35.00,35.00,0.00,'بيع',35,'المحل'),(1508,1,'2021-01-03 00:15:53',1,47235,1,17.00,0,17.00,17.00,0.00,'بيع',17,'المحل'),(1509,2,'2021-01-03 00:16:29',2,45832,1,14.00,0,14.00,14.00,0.00,'بيع',3,'المحل'),(1510,3,'2021-01-03 00:20:21',1,0,1,26.00,0,26.00,26.00,0.00,'بيع',26,'المحل'),(1511,4,'2021-01-03 00:21:36',1,55156,1,40.00,0,40.00,40.00,0.00,'بيع',20,'المحل'),(1512,5,'2021-01-03 00:24:46',3,0,1,20.00,0,20.00,20.00,0.00,'بيع',20,'المحل'),(1513,6,'2021-01-03 00:47:35',2,0,1,10.00,0,10.00,10.00,0.00,'بيع',10,'المحل'),(1514,7,'2021-01-03 00:56:10',3,45832,1,32.00,0,32.00,32.00,0.00,'بيع',28,'المحل'),(1515,8,'2021-01-03 00:56:38',1,36839,1,3.00,0,3.00,3.00,0.00,'بيع',3,'المحل'),(1516,9,'2021-01-03 00:58:44',5,0,1,110.50,0,110.50,110.50,0.00,'بيع',111,'المحل'),(1517,10,'2021-01-03 01:21:58',1,0,1,5.00,0,5.00,5.00,0.00,'بيع',1,'المحل'),(1518,11,'2021-01-03 01:36:22',1,0,1,5.00,0,5.00,5.00,0.00,'بيع',5,'المحل'),(1519,12,'2021-01-03 02:03:33',2,0,1,10.00,0,10.00,10.00,0.00,'بيع',10,'المحل'),(1520,13,'2021-01-03 02:13:10',2,0,1,25.00,0,25.00,25.00,0.00,'بيع',25,'المحل'),(1521,14,'2021-01-03 02:14:26',2,0,1,10.00,0,10.00,10.00,0.00,'بيع',10,'المحل'),(1522,15,'2021-01-03 12:58:09',24,0,1,253.00,0,253.00,253.00,0.00,'بيع',101,'المحل'),(1523,16,'2021-01-03 13:23:45',3,0,1,39.00,0,39.00,39.00,0.00,'بيع',39,'المحل'),(1524,17,'2021-01-03 13:28:20',4,0,1,16.00,0,16.00,16.00,0.00,'بيع',16,'المحل'),(1525,18,'2021-01-03 13:35:01',1,0,1,5.00,0,5.00,5.00,0.00,'بيع',5,'المحل'),(1526,19,'2021-01-03 13:52:50',1,0,1,6.00,0,6.00,6.00,0.00,'بيع',6,'المحل'),(1527,20,'2021-01-03 14:06:06',1,0,1,5.00,0,5.00,5.00,0.00,'بيع',5,'المحل'),(1528,21,'2021-01-03 14:12:21',1,0,1,10.00,0,10.00,10.00,0.00,'بيع',10,'المحل'),(1529,22,'2021-01-03 14:17:02',1,0,1,10.00,0,10.00,10.00,0.00,'بيع',10,'المحل'),(1530,23,'2021-01-03 14:28:39',2,0,1,9.00,0,9.00,9.00,0.00,'بيع',9,'المحل'),(1531,24,'2021-01-03 14:30:04',3,0,1,22.00,0,22.00,22.00,0.00,'بيع',14,'المحل'),(1532,25,'2021-01-03 14:33:52',1,0,1,5.00,0,5.00,5.00,0.00,'بيع',5,'المحل'),(1533,26,'2021-01-03 14:40:22',2,0,1,5.00,0,5.00,5.00,0.00,'بيع',5,'المحل'),(1534,27,'2021-01-03 14:54:00',1,0,1,10.00,0,10.00,10.00,0.00,'بيع',10,'المحل'),(1535,28,'2021-01-03 14:54:43',1,0,1,10.00,0,10.00,10.00,0.00,'بيع',10,'المحل'),(1536,29,'2021-01-03 14:58:34',1,0,1,3.00,0,3.00,3.00,0.00,'بيع',3,'المحل'),(1537,30,'2021-01-03 15:04:36',1,0,1,5.00,0,5.00,5.00,0.00,'بيع',5,'المحل'),(1538,31,'2021-01-03 15:08:13',4,0,1,20.00,0,20.00,20.00,0.00,'بيع',20,'المحل'),(1539,32,'2021-01-03 15:22:16',1,0,1,24.00,0,24.00,24.00,0.00,'بيع',24,'المحل'),(1540,33,'2021-01-03 15:26:19',1,0,1,10.00,0,10.00,10.00,0.00,'بيع',10,'المحل'),(1541,34,'2021-01-03 15:32:37',1,0,1,3.00,0,3.00,3.00,0.00,'بيع',3,'المحل'),(1542,35,'2021-01-03 15:36:07',3,0,1,74.00,0,74.00,74.00,0.00,'بيع',74,'المحل'),(1543,36,'2021-01-03 15:38:30',2,0,1,22.00,0,22.00,22.00,0.00,'بيع',22,'المحل'),(1544,37,'2021-01-03 15:44:42',1,0,1,5.00,0,5.00,5.00,0.00,'بيع',5,'المحل'),(1545,38,'2021-01-03 15:48:40',2,0,1,43.00,0,43.00,43.00,0.00,'بيع',43,'المحل'),(1546,39,'2021-01-03 15:51:03',1,0,1,10.00,0,10.00,10.00,0.00,'بيع',10,'المحل'),(1547,40,'2021-01-03 16:00:51',1,0,1,3.00,0,3.00,3.00,0.00,'بيع',3,'المحل'),(1548,41,'2021-01-03 16:10:57',3,47235,1,20.00,0,20.00,20.00,0.00,'بيع',11,'المحل'),(1549,42,'2021-01-03 16:18:33',1,0,1,10.00,0,10.00,10.00,0.00,'بيع',10,'المحل'),(1550,43,'2021-01-03 16:26:26',1,0,1,5.00,0,5.00,5.00,0.00,'بيع',5,'المحل'),(1551,44,'2021-01-03 16:31:08',1,0,1,40.00,0,40.00,40.00,0.00,'بيع',40,'المحل'),(1552,45,'2021-01-03 16:45:42',3,0,1,17.00,0,17.00,17.00,0.00,'بيع',17,'المحل'),(1553,46,'2021-01-03 16:47:01',1,0,1,5.00,0,5.00,5.00,0.00,'بيع',5,'المحل'),(1554,47,'2021-01-03 16:52:48',1,0,1,1.00,0,1.00,1.00,0.00,'بيع',1,'المحل'),(1555,48,'2021-01-03 17:13:48',3,0,1,51.00,0,51.00,51.00,0.00,'بيع',51,'المحل'),(1556,49,'2021-01-03 17:15:31',2,0,1,20.00,0,20.00,20.00,0.00,'بيع',20,'المحل'),(1557,50,'2021-01-03 17:22:53',1,0,1,5.00,0,5.00,5.00,0.00,'بيع',5,'المحل'),(1558,51,'2021-01-03 17:27:20',2,0,1,39.00,0,39.00,39.00,0.00,'بيع',39,'المحل'),(1559,52,'2021-01-03 17:31:46',1,0,1,5.00,0,5.00,5.00,0.00,'بيع',5,'المحل'),(1560,53,'2021-01-03 17:32:42',1,0,1,3.00,0,3.00,3.00,0.00,'بيع',3,'المحل'),(1561,54,'2021-01-03 17:33:11',2,66768,1,8.00,0,8.00,8.00,0.00,'بيع',6,'المحل'),(1562,55,'2021-01-03 17:34:42',1,0,1,1.00,0,1.00,1.00,0.00,'بيع',1,'المحل'),(1563,56,'2021-01-03 17:35:17',1,0,1,5.00,0,5.00,5.00,0.00,'بيع',5,'المحل'),(1564,57,'2021-01-03 17:35:44',1,0,1,5.00,0,5.00,5.00,0.00,'بيع',5,'المحل'),(1565,58,'2021-01-03 17:35:55',1,0,1,1.00,0,1.00,1.00,0.00,'بيع',1,'المحل'),(1566,59,'2021-01-03 17:39:24',1,0,1,5.00,0,5.00,5.00,0.00,'بيع',5,'المحل'),(1567,60,'2021-01-03 17:45:36',6,0,1,20.00,0,20.00,20.00,0.00,'بيع',20,'المحل'),(1568,61,'2021-01-03 17:48:34',4,43895,1,46.00,0,46.00,46.00,0.00,'بيع',46,'المحل'),(1569,62,'2021-01-03 17:58:45',1,0,1,5.00,0,5.00,5.00,0.00,'بيع',5,'المحل'),(1570,63,'2021-01-03 18:06:14',2,0,1,10.00,0,10.00,10.00,0.00,'بيع',10,'المحل'),(1571,64,'2021-01-03 18:09:51',1,0,1,1.00,0,1.00,1.00,0.00,'بيع',1,'المحل'),(1572,65,'2021-01-03 18:13:02',2,0,1,42.00,0,42.00,42.00,0.00,'بيع',42,'المحل'),(1573,66,'2021-01-03 18:16:45',1,0,1,5.00,0,5.00,5.00,0.00,'بيع',5,'المحل'),(1574,67,'2021-01-03 18:29:34',2,0,1,5.00,0,5.00,5.00,0.00,'بيع',5,'المحل'),(1575,68,'2021-01-03 18:32:01',1,0,1,10.00,0,10.00,10.00,0.00,'بيع',10,'المحل'),(1576,69,'2021-01-03 18:33:38',1,0,1,6.00,0,6.00,6.00,0.00,'بيع',6,'المحل'),(1577,70,'2021-01-03 18:36:16',1,0,1,3.00,0,3.00,3.00,0.00,'بيع',3,'المحل'),(1578,71,'2021-01-03 19:30:14',1,0,1,5.00,0,5.00,5.00,0.00,'بيع',5,'المحل'),(1579,72,'2021-01-03 19:30:45',1,47235,1,17.00,0,17.00,17.00,0.00,'بيع',17,'المحل'),(1580,73,'2021-01-03 19:39:27',1,0,1,17.00,0,17.00,17.00,0.00,'بيع',17,'المحل'),(1581,74,'2021-01-03 19:54:14',1,0,1,10.00,0,10.00,10.00,0.00,'بيع',1,'المحل'),(1582,75,'2021-01-03 20:04:19',1,0,1,5.00,0,5.00,5.00,0.00,'بيع',5,'المحل'),(1583,76,'2021-01-03 20:11:43',2,0,1,15.00,0,15.00,15.00,0.00,'بيع',15,'المحل'),(1584,77,'2021-01-03 20:12:13',3,0,1,22.00,0,22.00,22.00,0.00,'بيع',7,'المحل'),(1585,78,'2021-01-03 20:19:14',1,0,1,30.00,0,30.00,30.00,0.00,'بيع',30,'المحل'),(1586,79,'2021-01-03 20:25:21',2,0,1,15.00,0,15.00,15.00,0.00,'بيع',5,'المحل'),(1587,80,'2021-01-03 20:29:19',1,0,1,20.00,0,20.00,20.00,0.00,'بيع',20,'المحل'),(1588,81,'2021-01-03 20:41:35',4,0,1,30.00,0,30.00,30.00,0.00,'بيع',30,'المحل'),(1589,82,'2021-01-03 20:47:47',1,0,1,5.00,0,5.00,5.00,0.00,'بيع',5,'المحل'),(1590,83,'2021-01-03 20:48:45',1,43895,1,5.00,0,5.00,5.00,0.00,'بيع',5,'المحل'),(1591,84,'2021-01-03 21:02:47',2,0,1,44.00,0,44.00,44.00,0.00,'بيع',44,'المحل'),(1592,85,'2021-01-03 21:17:43',1,0,1,3.00,0,3.00,3.00,0.00,'بيع',3,'المحل'),(1593,86,'2021-01-03 21:18:21',1,0,1,24.00,0,24.00,24.00,0.00,'بيع',24,'المحل'),(1594,87,'2021-01-03 21:19:36',1,0,1,15.00,0,15.00,15.00,0.00,'بيع',15,'المحل'),(1595,88,'2021-01-03 21:20:26',1,0,1,10.00,0,10.00,10.00,0.00,'بيع',10,'المحل'),(1596,89,'2021-01-03 21:34:15',4,0,1,90.00,0,90.00,90.00,0.00,'بيع',28,'المحل'),(1597,90,'2021-01-03 21:42:32',1,0,1,20.00,0,20.00,20.00,0.00,'بيع',20,'المحل'),(1598,91,'2021-01-03 21:42:58',3,0,1,105.00,0,105.00,105.00,0.00,'بيع',105,'المحل'),(1599,92,'2021-01-03 21:52:43',1,0,1,15.00,0,15.00,15.00,0.00,'بيع',15,'المحل'),(1600,93,'2021-01-03 21:57:04',9,0,1,83.00,0,83.00,83.00,0.00,'بيع',83,'المحل'),(1601,94,'2021-01-03 22:32:59',1,0,1,3.00,0,3.00,3.00,0.00,'بيع',3,'المحل'),(1602,95,'2021-01-03 22:33:13',1,0,1,5.00,0,5.00,5.00,0.00,'بيع',5,'المحل'),(1603,96,'2021-01-03 22:25:37',12,37842,1,1208.00,0,1208.00,1208.00,0.00,'بيع',278,'المحل'),(1604,97,'2021-01-03 22:40:00',2,0,1,315.00,0,315.00,315.00,0.00,'بيع',315,'المحل'),(1605,98,'2021-01-03 22:50:01',3,0,1,45.00,0,45.00,45.00,0.00,'بيع',45,'المحل'),(1606,99,'2021-01-03 22:57:24',3,0,1,32.00,0,32.00,32.00,0.00,'بيع',32,'المحل'),(1607,100,'2021-01-03 22:59:26',1,0,1,17.00,0,17.00,17.00,0.00,'بيع',17,'المحل'),(1608,101,'2021-01-03 23:25:08',1,45346,1,30.00,0,30.00,30.00,0.00,'بيع',9,'المحل'),(1609,102,'2021-01-03 23:27:18',1,0,1,5.00,0,5.00,5.00,0.00,'بيع',5,'المحل'),(1610,103,'2021-01-03 23:46:20',1,43895,1,30.00,0,30.00,30.00,0.00,'بيع',30,'المحل'),(1611,104,'2021-01-03 23:49:50',1,47235,1,15.00,0,15.00,15.00,0.00,'بيع',15,'المحل'),(1612,105,'2021-01-03 23:50:30',1,45346,1,15.00,0,15.00,15.00,0.00,'بيع',15,'المحل'),(1613,106,'2021-01-03 23:51:04',1,36839,1,6.00,0,6.00,6.00,0.00,'بيع',1,'المحل'),(1614,1,'2021-01-03 23:57:12',2,52241,1,100.00,0,100.00,100.00,0.00,'شراء',0,'المحل'),(1615,1,'2021-01-04 00:00:55',6,0,1,50.00,0,50.00,50.00,0.00,'بيع',12,'المحل'),(1616,2,'2021-01-04 00:03:13',3,0,1,22.00,0,22.00,22.00,0.00,'بيع',22,'المحل'),(1617,3,'2021-01-04 00:12:57',1,45346,1,5.00,0,5.00,5.00,0.00,'بيع',3,'المحل'),(1618,4,'2021-01-04 00:13:18',4,47235,1,50.00,0,50.00,50.00,0.00,'بيع',48,'المحل'),(1619,5,'2021-01-04 00:13:29',1,36839,1,5.00,0,5.00,5.00,0.00,'بيع',5,'المحل'),(1620,6,'2021-01-04 00:13:40',1,45832,1,5.00,0,5.00,5.00,0.00,'بيع',5,'المحل'),(1621,7,'2021-01-04 00:13:55',1,43895,1,5.00,0,5.00,5.00,0.00,'بيع',5,'المحل'),(1622,8,'2021-01-04 00:16:06',1,21362,1,5.00,0,5.00,5.00,0.00,'بيع',5,'المحل'),(1623,9,'2021-01-04 00:43:00',1,45346,1,5.00,0,5.00,5.00,0.00,'بيع',5,'المحل'),(1624,10,'2021-01-04 00:45:06',1,21362,1,5.00,0,5.00,5.00,0.00,'بيع',5,'المحل'),(1625,11,'2021-01-04 01:26:05',1,0,1,135.00,0,135.00,135.00,0.00,'بيع',135,'المحل'),(1626,12,'2021-01-04 01:28:56',1,43895,1,10.00,0,10.00,10.00,0.00,'بيع',10,'المحل'),(1627,13,'2021-01-04 03:20:12',3,0,1,31.00,0,31.00,31.00,0.00,'بيع',31,'المحل'),(1628,14,'2021-01-04 10:03:01',1,0,1,1.00,0,1.00,1.00,0.00,'بيع',1,'المحل'),(1629,15,'2021-01-04 09:41:17',6,0,1,50.00,0,50.00,50.00,0.00,'بيع',50,'المحل'),(1630,16,'2021-01-04 10:48:16',2,0,1,7.00,0,7.00,7.00,0.00,'بيع',7,'المحل'),(1631,17,'2021-01-04 10:55:35',3,0,1,120.00,0,120.00,120.00,0.00,'بيع',120,'المحل'),(1632,18,'2021-01-04 11:12:09',2,0,1,7.00,0,7.00,7.00,0.00,'بيع',7,'المحل'),(1633,19,'2021-01-04 11:22:06',1,0,1,10.00,0,10.00,10.00,0.00,'بيع',10,'المحل'),(1634,20,'2021-01-04 11:33:49',3,0,1,20.00,0,20.00,20.00,0.00,'بيع',20,'المحل'),(1635,21,'2021-01-04 11:46:37',1,0,1,5.00,0,5.00,5.00,0.00,'بيع',5,'المحل'),(1636,22,'2021-01-04 12:24:25',1,0,1,25.00,0,25.00,25.00,0.00,'بيع',25,'المحل'),(1637,23,'2021-01-04 12:33:36',3,0,1,15.00,0,15.00,15.00,0.00,'بيع',15,'المحل'),(1638,24,'2021-01-04 12:50:09',2,0,1,12.00,0,12.00,12.00,0.00,'بيع',12,'المحل'),(1639,25,'2021-01-04 13:06:52',2,0,1,15.00,0,15.00,15.00,0.00,'بيع',15,'المحل'),(1640,26,'2021-01-04 13:07:19',1,0,1,2.00,0,2.00,2.00,0.00,'بيع',2,'المحل'),(1641,27,'2021-01-04 13:36:22',4,0,1,16.00,0,16.00,16.00,0.00,'بيع',16,'المحل'),(1642,28,'2021-01-04 13:52:06',3,0,1,67.00,0,67.00,67.00,0.00,'بيع',67,'المحل'),(1643,29,'2021-01-04 13:55:27',1,0,1,5.00,0,5.00,5.00,0.00,'بيع',5,'المحل'),(1644,30,'2021-01-04 14:01:55',2,0,1,15.00,0,15.00,15.00,0.00,'بيع',15,'المحل'),(1645,31,'2021-01-04 14:02:24',1,0,1,12.00,0,12.00,12.00,0.00,'بيع',12,'المحل'),(1646,32,'2021-01-04 14:15:28',3,0,1,30.00,0,30.00,30.00,0.00,'بيع',30,'المحل'),(1647,33,'2021-01-04 14:19:23',2,0,1,10.00,0,10.00,10.00,0.00,'بيع',10,'المحل'),(1648,34,'2021-01-04 14:21:10',1,0,1,10.00,0,10.00,10.00,0.00,'بيع',10,'المحل'),(1649,35,'2021-01-04 14:37:53',2,0,1,10.00,0,10.00,10.00,0.00,'بيع',10,'المحل'),(1650,36,'2021-01-04 14:44:16',1,0,1,12.00,0,12.00,12.00,0.00,'بيع',12,'المحل'),(1651,37,'2021-01-04 14:44:52',1,0,1,5.00,0,5.00,5.00,0.00,'بيع',5,'المحل'),(1652,38,'2021-01-04 15:08:57',4,0,1,19.00,0,19.00,19.00,0.00,'بيع',19,'المحل'),(1653,39,'2021-01-04 15:36:33',1,0,1,1.00,0,1.00,1.00,0.00,'بيع',1,'المحل'),(1654,40,'2021-01-04 15:42:28',1,0,1,10.00,0,10.00,10.00,0.00,'بيع',10,'المحل'),(1655,41,'2021-01-04 15:42:46',1,0,1,5.00,0,5.00,5.00,0.00,'بيع',5,'المحل'),(1656,42,'2021-01-04 15:46:27',1,0,1,4.00,0,4.00,4.00,0.00,'بيع',4,'المحل'),(1657,43,'2021-01-04 16:04:13',1,0,1,5.00,0,5.00,5.00,0.00,'بيع',5,'المحل'),(1658,44,'2021-01-04 16:30:07',1,0,1,5.00,0,5.00,5.00,0.00,'بيع',5,'المحل'),(1659,45,'2021-01-04 17:10:34',30,45346,1,658.00,0,658.00,658.00,0.00,'بيع',153,'المحل'),(1660,46,'2021-01-04 17:23:38',2,0,1,10.00,0,10.00,10.00,0.00,'بيع',10,'المحل'),(1661,47,'2021-01-04 17:25:22',1,0,1,5.00,0,5.00,5.00,0.00,'بيع',5,'المحل'),(1663,49,'2021-01-04 17:39:19',1,47235,1,5.00,0,5.00,5.00,0.00,'بيع',2,'المحل'),(1664,50,'2021-01-04 17:48:14',1,0,1,5.00,0,5.00,5.00,0.00,'بيع',5,'المحل'),(1665,51,'2021-01-04 17:46:11',5,0,1,162.00,0,162.00,162.00,0.00,'بيع',162,'المحل'),(1666,52,'2021-01-04 17:50:45',3,0,1,20.00,0,20.00,20.00,0.00,'بيع',20,'المحل'),(1667,53,'2021-01-04 18:12:29',4,0,1,25.00,0,25.00,25.00,0.00,'بيع',25,'المحل'),(1668,54,'2021-01-04 18:13:41',1,0,1,5.00,0,5.00,5.00,0.00,'بيع',5,'المحل'),(1669,55,'2021-01-04 18:36:23',1,0,1,5.00,0,5.00,5.00,0.00,'بيع',5,'المحل'),(1670,56,'2021-01-04 18:43:08',7,0,1,105.00,0,105.00,105.00,0.00,'بيع',105,'المحل'),(1671,57,'2021-01-04 18:46:40',4,0,1,208.50,0,208.50,208.50,0.00,'بيع',209,'المحل'),(1672,58,'2021-01-04 18:53:18',2,0,1,54.00,0,54.00,54.00,0.00,'بيع',54,'المحل'),(1673,59,'2021-01-04 18:57:18',1,0,1,4.00,0,4.00,4.00,0.00,'بيع',4,'المحل'),(1674,60,'2021-01-04 18:57:35',1,0,1,85.00,0,85.00,85.00,0.00,'بيع',85,'المحل'),(1675,61,'2021-01-04 19:04:59',2,0,1,15.00,0,15.00,15.00,0.00,'بيع',15,'المحل'),(1676,62,'2021-01-04 19:08:29',1,0,1,15.00,0,15.00,15.00,0.00,'بيع',15,'المحل'),(1677,63,'2021-01-04 19:10:06',2,0,1,15.00,0,15.00,15.00,0.00,'بيع',15,'المحل'),(1678,64,'2021-01-04 19:19:04',1,0,1,15.00,0,15.00,15.00,0.00,'بيع',15,'المحل'),(1679,65,'2021-01-04 19:26:47',1,0,1,55.00,0,55.00,55.00,0.00,'بيع',55,'المحل'),(1680,66,'2021-01-04 19:39:25',1,0,1,20.00,0,20.00,20.00,0.00,'بيع',20,'المحل'),(1681,67,'2021-01-04 19:41:50',2,0,1,25.00,0,25.00,25.00,0.00,'بيع',25,'المحل'),(1682,68,'2021-01-04 19:49:50',11,0,1,140.00,0,140.00,140.00,0.00,'بيع',140,'المحل'),(1683,69,'2021-01-04 20:03:04',1,0,1,5.00,0,5.00,5.00,0.00,'بيع',5,'المحل'),(1684,70,'2021-01-04 20:05:53',2,0,1,20.00,0,20.00,20.00,0.00,'بيع',20,'المحل'),(1685,71,'2021-01-04 20:06:27',1,0,1,5.00,0,5.00,5.00,0.00,'بيع',5,'المحل'),(1686,72,'2021-01-04 20:12:24',5,59461,1,201.00,0,201.00,201.00,0.00,'بيع',201,'المحل'),(1687,73,'2021-01-04 20:14:06',1,0,1,15.00,0,15.00,15.00,0.00,'بيع',5,'المحل'),(1688,74,'2021-01-04 20:15:39',1,0,1,5.00,0,5.00,5.00,0.00,'بيع',5,'المحل'),(1689,75,'2021-01-04 20:16:00',1,0,1,10.00,0,10.00,10.00,0.00,'بيع',10,'المحل'),(1690,76,'2021-01-04 20:17:41',1,0,1,10.00,0,10.00,10.00,0.00,'بيع',10,'المحل'),(1691,77,'2021-01-04 20:37:39',4,0,1,50.00,0,50.00,50.00,0.00,'بيع',50,'المحل'),(1692,78,'2021-01-04 20:42:58',1,0,1,5.00,0,5.00,5.00,0.00,'بيع',5,'المحل'),(1693,79,'2021-01-04 20:50:00',1,0,1,10.00,0,10.00,10.00,0.00,'بيع',10,'المحل'),(1694,80,'2021-01-04 21:07:48',2,0,1,30.00,0,30.00,30.00,0.00,'بيع',30,'المحل'),(1695,81,'2021-01-04 21:17:30',1,0,1,20.00,0,20.00,20.00,0.00,'بيع',20,'المحل'),(1696,82,'2021-01-04 21:22:55',4,0,1,30.00,0,30.00,30.00,0.00,'بيع',14,'المحل'),(1697,83,'2021-01-04 21:39:49',1,0,1,10.00,0,10.00,10.00,0.00,'بيع',10,'المحل'),(1698,84,'2021-01-04 21:53:08',5,43895,1,87.00,0,87.00,87.00,0.00,'بيع',51,'المحل'),(1699,85,'2021-01-04 21:59:57',1,0,1,10.00,0,10.00,10.00,0.00,'بيع',10,'المحل'),(1700,86,'2021-01-04 22:12:52',1,47235,1,3.00,0,3.00,3.00,0.00,'بيع',3,'المحل'),(1701,87,'2021-01-04 23:01:51',1,55156,1,35.00,0,35.00,35.00,0.00,'بيع',9,'المحل'),(1702,88,'2021-01-04 23:04:49',1,0,1,10.00,0,10.00,10.00,0.00,'بيع',10,'المحل'),(1703,89,'2021-01-04 23:22:20',1,36839,1,3.00,0,3.00,3.00,0.00,'بيع',3,'المحل'),(1704,90,'2021-01-04 23:32:20',1,0,1,6.00,0,6.00,6.00,0.00,'بيع',6,'المحل'),(1705,91,'2021-01-04 23:36:11',2,0,1,10.00,0,10.00,10.00,0.00,'بيع',10,'المحل'),(1706,92,'2021-01-04 23:39:13',4,0,1,37.00,0,37.00,37.00,0.00,'بيع',13,'المحل'),(1707,93,'2021-01-04 23:42:04',5,0,1,35.00,0,35.00,35.00,0.00,'بيع',35,'المحل'),(1708,94,'2021-01-04 23:54:37',1,0,1,10.00,0,10.00,10.00,0.00,'بيع',10,'المحل'),(1710,2,'2021-01-05 00:06:07',1,0,1,2.00,0,2.00,2.00,0.00,'بيع',2,'المحل'),(1711,3,'2021-01-05 00:22:30',1,36839,1,5.00,0,5.00,5.00,0.00,'بيع',5,'المحل'),(1712,4,'2021-01-05 00:36:23',1,43895,1,10.00,0,10.00,10.00,0.00,'بيع',10,'المحل'),(1713,5,'2021-01-05 00:37:53',3,67779,1,35.00,0,35.00,35.00,0.00,'بيع',14,'المحل'),(1714,6,'2021-01-05 00:39:58',2,0,1,10.00,0,10.00,10.00,0.00,'بيع',10,'المحل'),(1715,7,'2021-01-05 00:54:46',1,0,1,5.00,0,5.00,5.00,0.00,'بيع',5,'المحل'),(1716,8,'2021-01-05 01:05:04',2,0,1,16.00,0,16.00,16.00,0.00,'بيع',6,'المحل'),(1717,9,'2021-01-05 01:24:29',5,64717,1,54.00,0,54.00,54.00,0.00,'بيع',18,'المحل'),(1718,10,'2021-01-05 01:45:47',1,67779,1,20.00,0,20.00,20.00,0.00,'بيع',20,'المحل'),(1719,11,'2021-01-05 01:50:17',1,43895,1,15.00,0,15.00,15.00,0.00,'بيع',15,'المحل'),(1720,12,'2021-01-05 02:05:26',4,47235,1,177.50,0,177.50,177.50,0.00,'بيع',178,'المحل'),(1721,13,'2021-01-05 02:10:30',6,45832,1,106.00,0,106.00,106.00,0.00,'بيع',35,'المحل'),(1722,14,'2021-01-05 02:14:06',1,45832,1,10.00,0,10.00,10.00,0.00,'بيع',10,'المحل'),(1723,15,'2021-01-05 02:15:50',3,67779,1,68.00,0,68.00,68.00,0.00,'بيع',68,'المحل'),(1724,16,'2021-01-05 09:42:40',1,0,1,25.00,0,25.00,25.00,0.00,'بيع',25,'المحل'),(1725,17,'2021-01-05 09:43:26',2,0,1,10.00,0,10.00,10.00,0.00,'بيع',10,'المحل'),(1726,18,'2021-01-05 09:57:08',1,0,1,6.00,0,6.00,6.00,0.00,'بيع',6,'المحل'),(1727,19,'2021-01-05 09:59:09',1,0,1,6.00,0,6.00,6.00,0.00,'بيع',6,'المحل'),(1728,20,'2021-01-05 10:00:32',1,0,1,15.00,0,15.00,15.00,0.00,'بيع',15,'المحل'),(1729,21,'2021-01-05 10:05:07',2,0,1,5.00,0,5.00,5.00,0.00,'بيع',5,'المحل'),(1730,22,'2021-01-05 10:37:32',1,0,1,240.00,0,240.00,240.00,0.00,'بيع',240,'المحل'),(1731,23,'2021-01-05 10:41:33',1,0,1,7.00,0,7.00,7.00,0.00,'بيع',7,'المحل'),(1732,24,'2021-01-05 10:51:14',2,0,1,15.00,0,15.00,15.00,0.00,'بيع',15,'المحل'),(1733,25,'2021-01-05 11:27:18',1,0,1,5.00,0,5.00,5.00,0.00,'بيع',5,'المحل'),(1734,26,'2021-01-05 11:33:00',1,0,1,10.00,0,10.00,10.00,0.00,'بيع',10,'المحل'),(1735,27,'2021-01-05 11:41:01',2,0,1,28.00,0,28.00,28.00,0.00,'بيع',28,'المحل'),(1736,28,'2021-01-05 12:28:00',2,0,1,19.00,0,19.00,19.00,0.00,'بيع',19,'المحل'),(1737,29,'2021-01-05 12:33:15',1,0,1,5.00,0,5.00,5.00,0.00,'بيع',5,'المحل'),(1738,30,'2021-01-05 13:01:40',5,0,1,65.00,0,65.00,65.00,0.00,'بيع',65,'المحل'),(1739,31,'2021-01-05 13:23:21',1,0,1,5.00,0,5.00,5.00,0.00,'بيع',5,'المحل'),(1740,32,'2021-01-05 13:24:58',1,0,1,10.00,0,10.00,10.00,0.00,'بيع',10,'المحل'),(1741,33,'2021-01-05 13:30:20',2,0,1,14.00,0,14.00,14.00,0.00,'بيع',14,'المحل'),(1742,34,'2021-01-05 13:45:59',1,0,1,15.00,0,15.00,15.00,0.00,'بيع',15,'المحل'),(1743,35,'2021-01-05 13:50:59',4,0,1,16.00,0,16.00,16.00,0.00,'بيع',16,'المحل'),(1744,36,'2021-01-05 14:13:23',3,0,1,110.00,0,110.00,110.00,0.00,'بيع',110,'المحل'),(1745,37,'2021-01-05 14:15:02',2,0,1,8.00,0,8.00,8.00,0.00,'بيع',8,'المحل'),(1746,38,'2021-01-05 14:16:49',2,0,1,15.00,0,15.00,15.00,0.00,'بيع',15,'المحل'),(1747,39,'2021-01-05 13:54:19',16,0,1,305.00,5,300.00,300.00,0.00,'بيع',305,'المحل'),(1748,40,'2021-01-05 14:25:01',3,0,1,25.00,0,25.00,25.00,0.00,'بيع',25,'المحل'),(1749,41,'2021-01-05 14:28:18',1,0,1,10.00,0,10.00,10.00,0.00,'بيع',10,'المحل'),(1750,42,'2021-01-05 14:28:34',1,0,1,5.00,0,5.00,5.00,0.00,'بيع',5,'المحل'),(1751,43,'2021-01-05 14:36:10',1,0,1,5.00,0,5.00,5.00,0.00,'بيع',5,'المحل'),(1752,44,'2021-01-05 14:53:02',3,0,1,20.00,0,20.00,20.00,0.00,'بيع',11,'المحل'),(1753,45,'2021-01-05 15:13:09',1,0,1,2.00,0,2.00,2.00,0.00,'بيع',2,'المحل'),(1754,46,'2021-01-05 15:15:47',1,0,1,5.00,0,5.00,5.00,0.00,'بيع',5,'المحل'),(1755,47,'2021-01-05 15:21:36',1,0,1,10.00,0,10.00,10.00,0.00,'بيع',10,'المحل'),(1756,48,'2021-01-05 15:23:49',3,0,1,24.00,0,24.00,24.00,0.00,'بيع',24,'المحل'),(1757,49,'2021-01-05 15:25:29',2,0,1,50.00,0,50.00,50.00,0.00,'بيع',50,'المحل'),(1758,50,'2021-01-05 15:35:25',5,0,1,33.00,0,33.00,33.00,0.00,'بيع',33,'المحل'),(1759,51,'2021-01-05 15:52:51',4,0,1,19.00,0,19.00,19.00,0.00,'بيع',19,'المحل'),(1760,52,'2021-01-05 15:59:59',2,0,1,30.00,0,30.00,30.00,0.00,'بيع',30,'المحل'),(1761,53,'2021-01-05 16:17:41',2,0,1,10.00,0,10.00,10.00,0.00,'بيع',10,'المحل'),(1762,54,'2021-01-05 16:18:39',1,0,1,5.00,0,5.00,5.00,0.00,'بيع',5,'المحل'),(1763,55,'2021-01-05 16:18:48',1,0,1,20.00,0,20.00,20.00,0.00,'بيع',20,'المحل'),(1764,56,'2021-01-05 16:29:37',1,0,1,20.00,0,20.00,20.00,0.00,'بيع',20,'المحل'),(1765,57,'2021-01-05 16:29:47',1,0,1,5.00,0,5.00,5.00,0.00,'بيع',5,'المحل'),(1766,58,'2021-01-05 16:43:59',2,0,1,7.00,0,7.00,7.00,0.00,'بيع',7,'المحل'),(1767,59,'2021-01-05 17:01:50',1,0,1,10.00,0,10.00,10.00,0.00,'بيع',10,'المحل'),(1768,60,'2021-01-05 17:02:08',1,0,1,55.50,0,55.50,55.50,0.00,'بيع',56,'المحل'),(1769,61,'2021-01-05 17:07:04',2,0,1,8.00,0,8.00,8.00,0.00,'بيع',8,'المحل'),(1770,62,'2021-01-05 17:12:18',2,0,1,10.00,0,10.00,10.00,0.00,'بيع',10,'المحل'),(1771,63,'2021-01-05 17:25:43',1,0,1,10.00,0,10.00,10.00,0.00,'بيع',10,'المحل'),(1772,1,'2021-01-05 17:48:07',5,25489,1,761.00,0,761.00,761.00,0.00,'شراء',0,'المحل'),(1773,64,'2021-01-05 17:58:24',1,0,1,5.00,0,5.00,5.00,0.00,'بيع',5,'المحل'),(1774,65,'2021-01-05 18:04:24',2,0,1,55.50,0,55.50,55.50,0.00,'بيع',56,'المحل'),(1775,66,'2021-01-05 18:10:02',1,0,1,45.00,0,45.00,45.00,0.00,'بيع',45,'المحل'),(1776,67,'2021-01-05 18:14:00',1,0,1,3.00,0,3.00,3.00,0.00,'بيع',3,'المحل'),(1777,68,'2021-01-05 18:20:55',2,0,1,15.00,0,15.00,15.00,0.00,'بيع',15,'المحل'),(1778,69,'2021-01-05 18:21:31',4,0,1,51.00,0,51.00,51.00,0.00,'بيع',51,'المحل'),(1779,70,'2021-01-05 18:30:38',1,0,1,9.00,0,9.00,9.00,0.00,'بيع',9,'المحل'),(1780,71,'2021-01-05 18:32:35',1,0,1,150.00,0,150.00,150.00,0.00,'بيع',150,'المحل'),(1781,72,'2021-01-05 18:33:57',2,0,1,15.00,0,15.00,15.00,0.00,'بيع',15,'المحل'),(1782,73,'2021-01-05 18:34:08',1,0,1,15.00,0,15.00,15.00,0.00,'بيع',15,'المحل'),(1783,74,'2021-01-05 18:35:06',1,0,1,34.00,0,34.00,34.00,0.00,'بيع',34,'المحل'),(1784,75,'2021-01-05 18:42:31',2,0,1,10.00,0,10.00,10.00,0.00,'بيع',10,'المحل'),(1785,2,'2021-01-05 18:49:20',6,52241,1,950.00,0,950.00,950.00,0.00,'شراء',916,'المحل'),(1786,76,'2021-01-05 18:51:16',2,0,1,14.00,0,14.00,14.00,0.00,'بيع',14,'المحل'),(1787,77,'2021-01-05 18:52:09',2,0,1,95.00,0,95.00,95.00,0.00,'بيع',95,'المحل'),(1788,78,'2021-01-05 18:56:20',1,0,1,5.00,0,5.00,5.00,0.00,'بيع',5,'المحل'),(1789,79,'2021-01-05 19:03:40',1,0,1,20.00,0,20.00,20.00,0.00,'بيع',20,'المحل'),(1790,80,'2021-01-05 19:08:55',1,0,1,10.00,0,10.00,10.00,0.00,'بيع',10,'المحل'),(1791,81,'2021-01-05 19:22:57',2,0,1,33.00,0,33.00,33.00,0.00,'بيع',33,'المحل'),(1792,82,'2021-01-05 19:36:24',1,0,1,20.00,0,20.00,20.00,0.00,'بيع',20,'المحل'),(1793,83,'2021-01-05 19:58:31',1,0,1,15.00,0,15.00,15.00,0.00,'بيع',15,'المحل'),(1794,84,'2021-01-05 20:03:59',1,0,1,25.00,0,25.00,25.00,0.00,'بيع',25,'المحل'),(1795,85,'2021-01-05 20:06:41',1,0,1,3.00,0,3.00,3.00,0.00,'بيع',3,'المحل'),(1796,86,'2021-01-05 20:06:50',1,0,1,2.00,0,2.00,2.00,0.00,'بيع',2,'المحل'),(1797,87,'2021-01-05 20:36:27',2,0,1,25.00,0,25.00,25.00,0.00,'بيع',25,'المحل'),(1798,88,'2021-01-05 21:04:24',7,0,1,40.00,0,40.00,40.00,0.00,'بيع',40,'المحل'),(1799,89,'2021-01-05 21:12:05',3,0,1,16.00,0,16.00,16.00,0.00,'بيع',16,'المحل'),(1800,90,'2021-01-05 21:28:30',3,43895,1,40.00,0,40.00,40.00,0.00,'بيع',40,'المحل'),(1801,91,'2021-01-05 21:36:12',1,45346,1,12.00,0,12.00,12.00,0.00,'بيع',12,'المحل'),(1802,3,'2021-01-05 21:49:26',8,96628,1,2569.53,0,2569.53,2569.53,0.00,'شراء',2376,'المحل'),(1803,92,'2021-01-05 22:03:34',2,0,1,7.00,0,7.00,7.00,0.00,'بيع',7,'المحل'),(1804,93,'2021-01-05 22:08:36',4,69527,1,49.00,0,49.00,49.00,0.00,'بيع',49,'المحل'),(1805,94,'2021-01-05 22:09:54',1,45832,1,34.00,0,34.00,34.00,0.00,'بيع',34,'المحل'),(1806,95,'2021-01-05 22:12:53',2,43895,1,15.00,0,15.00,15.00,0.00,'بيع',6,'المحل'),(1807,96,'2021-01-05 22:19:20',1,0,1,16.00,0,16.00,16.00,0.00,'بيع',16,'المحل'),(1808,97,'2021-01-05 22:26:45',1,0,1,5.00,0,5.00,5.00,0.00,'بيع',5,'المحل'),(1809,98,'2021-01-05 22:26:53',1,0,1,5.00,0,5.00,5.00,0.00,'بيع',5,'المحل'),(1810,99,'2021-01-05 22:29:12',1,0,1,10.00,0,10.00,10.00,0.00,'بيع',10,'المحل'),(1811,100,'2021-01-05 22:32:10',1,0,1,5.00,0,5.00,5.00,0.00,'بيع',5,'المحل'),(1812,101,'2021-01-05 22:40:15',1,0,1,10.00,0,10.00,10.00,0.00,'بيع',10,'المحل'),(1813,102,'2021-01-05 22:43:50',3,0,1,8.00,0,8.00,8.00,0.00,'بيع',8,'المحل'),(1814,103,'2021-01-05 22:44:58',2,0,1,15.00,0,15.00,15.00,0.00,'بيع',15,'المحل'),(1815,104,'2021-01-05 23:13:14',1,0,1,9.00,0,9.00,9.00,0.00,'بيع',4,'المحل'),(1816,105,'2021-01-05 23:32:07',2,0,1,10.00,0,10.00,10.00,0.00,'بيع',10,'المحل'),(1817,106,'2021-01-05 23:52:50',2,55156,1,295.00,15,280.00,280.00,0.00,'بيع',60,'المحل'),(1818,107,'2021-01-05 23:56:11',1,0,1,5.00,0,5.00,5.00,0.00,'بيع',5,'المحل'),(1819,108,'2021-01-05 23:56:41',1,0,1,2.00,0,2.00,2.00,0.00,'بيع',2,'المحل'),(1820,1,'2021-01-06 00:05:31',1,0,1,1.00,0,1.00,1.00,0.00,'بيع',1,'المحل'),(1821,2,'2021-01-06 00:21:03',3,0,1,55.00,0,55.00,55.00,0.00,'بيع',55,'المحل'),(1822,3,'2021-01-06 00:22:04',1,0,1,6.00,0,6.00,6.00,0.00,'بيع',6,'المحل'),(1823,4,'2021-01-06 00:31:38',10,0,1,225.00,0,225.00,225.00,0.00,'بيع',225,'المحل'),(1824,5,'2021-01-06 00:34:07',2,0,1,11.00,0,11.00,11.00,0.00,'بيع',11,'المحل'),(1825,6,'2021-01-06 00:44:34',1,0,1,10.00,0,10.00,10.00,0.00,'بيع',10,'المحل'),(1826,7,'2021-01-06 00:52:08',1,28327,1,20.00,0,20.00,20.00,0.00,'بيع',20,'المحل'),(1827,8,'2021-01-06 00:56:34',1,0,1,30.00,0,30.00,30.00,0.00,'بيع',30,'المحل'),(1828,9,'2021-01-06 01:00:11',3,0,1,55.00,0,55.00,55.00,0.00,'بيع',55,'المحل'),(1829,10,'2021-01-06 01:22:35',3,0,1,10.00,0,10.00,10.00,0.00,'بيع',10,'المحل'),(1830,11,'2021-01-06 01:25:11',1,45832,1,5.00,0,5.00,5.00,0.00,'بيع',5,'المحل'),(1831,12,'2021-01-06 01:39:24',5,64717,1,50.00,0,50.00,50.00,0.00,'بيع',50,'المحل'),(1832,13,'2021-01-06 01:44:08',1,0,1,17.00,0,17.00,17.00,0.00,'بيع',17,'المحل'),(1833,14,'2021-01-06 01:49:33',1,0,1,10.00,0,10.00,10.00,0.00,'بيع',10,'المحل'),(1834,15,'2021-01-06 01:53:23',2,0,1,30.00,0,30.00,30.00,0.00,'بيع',30,'المحل'),(1835,16,'2021-01-06 02:06:05',2,45832,1,20.00,0,20.00,20.00,0.00,'بيع',20,'المحل'),(1836,17,'2021-01-06 02:07:54',3,45346,1,30.00,0,30.00,30.00,0.00,'بيع',30,'المحل'),(1837,18,'2021-01-06 02:09:43',1,0,1,10.00,0,10.00,10.00,0.00,'بيع',10,'المحل'),(1838,1,'2021-01-06 02:18:50',1,84554,1,115.00,0,115.00,115.00,0.00,'شراء',0,'المحل'),(1839,19,'2021-01-06 02:21:42',2,0,1,134.00,0,134.00,134.00,0.00,'بيع',134,'المحل'),(1840,20,'2021-01-06 02:30:14',1,55156,1,60.00,0,60.00,60.00,0.00,'بيع',10,'المحل'),(1841,21,'2021-01-06 03:03:10',1,0,1,5.00,0,5.00,5.00,0.00,'بيع',5,'المحل'),(1842,22,'2021-01-06 10:14:45',5,0,1,30.00,0,30.00,30.00,0.00,'بيع',15,'المحل'),(1843,23,'2021-01-06 10:44:50',1,0,1,10.00,0,10.00,10.00,0.00,'بيع',10,'المحل'),(1844,24,'2021-01-06 10:52:30',1,0,1,5.00,0,5.00,5.00,0.00,'بيع',5,'المحل'),(1845,25,'2021-01-06 10:52:47',1,0,1,10.00,0,10.00,10.00,0.00,'بيع',10,'المحل'),(1846,26,'2021-01-06 10:53:05',1,0,1,2.00,0,2.00,2.00,0.00,'بيع',2,'المحل'),(1847,27,'2021-01-06 11:04:22',8,0,1,81.00,0,81.00,81.00,0.00,'بيع',81,'المحل'),(1848,28,'2021-01-06 11:13:41',1,0,1,5.00,0,5.00,5.00,0.00,'بيع',5,'المحل'),(1849,29,'2021-01-06 11:27:11',2,0,1,17.00,0,17.00,17.00,0.00,'بيع',6,'المحل'),(1850,30,'2021-01-06 11:28:06',1,0,1,5.00,0,5.00,5.00,0.00,'بيع',5,'المحل'),(1851,31,'2021-01-06 11:32:17',2,0,1,25.00,0,25.00,25.00,0.00,'بيع',25,'المحل'),(1852,32,'2021-01-06 11:35:17',1,0,1,5.00,0,5.00,5.00,0.00,'بيع',5,'المحل'),(1853,33,'2021-01-06 11:37:36',1,0,1,5.00,0,5.00,5.00,0.00,'بيع',5,'المحل'),(1854,34,'2021-01-06 11:43:02',1,0,1,3.00,0,3.00,3.00,0.00,'بيع',3,'المحل'),(1855,35,'2021-01-06 11:51:04',1,0,1,5.00,0,5.00,5.00,0.00,'بيع',5,'المحل'),(1856,36,'2021-01-06 12:06:44',8,0,1,54.00,0,54.00,54.00,0.00,'بيع',54,'المحل'),(1857,37,'2021-01-06 12:20:41',2,0,1,22.00,0,22.00,22.00,0.00,'بيع',22,'المحل'),(1858,38,'2021-01-06 12:24:35',1,0,1,1.00,0,1.00,1.00,0.00,'بيع',1,'المحل'),(1859,39,'2021-01-06 12:25:58',1,0,1,3.00,0,3.00,3.00,0.00,'بيع',3,'المحل'),(1860,40,'2021-01-06 12:34:00',2,0,1,10.00,0,10.00,10.00,0.00,'بيع',10,'المحل'),(1861,41,'2021-01-06 12:41:01',1,0,1,5.00,0,5.00,5.00,0.00,'بيع',5,'المحل'),(1862,42,'2021-01-06 12:47:12',1,0,1,5.00,0,5.00,5.00,0.00,'بيع',5,'المحل'),(1863,43,'2021-01-06 12:52:17',1,0,1,10.00,0,10.00,10.00,0.00,'بيع',10,'المحل'),(1864,44,'2021-01-06 13:02:13',1,0,1,5.00,0,5.00,5.00,0.00,'بيع',5,'المحل'),(1865,45,'2021-01-06 13:03:45',2,0,1,11.00,0,11.00,11.00,0.00,'بيع',11,'المحل'),(1866,46,'2021-01-06 13:24:37',2,0,1,30.00,0,30.00,30.00,0.00,'بيع',30,'المحل'),(1867,47,'2021-01-06 13:31:31',1,0,1,5.00,0,5.00,5.00,0.00,'بيع',5,'المحل'),(1868,48,'2021-01-06 13:33:05',1,0,1,40.00,0,40.00,40.00,0.00,'بيع',16,'المحل'),(1869,49,'2021-01-06 13:51:09',3,0,1,135.50,0,135.50,135.50,0.00,'بيع',136,'المحل'),(1870,50,'2021-01-06 14:19:31',1,0,1,10.00,0,10.00,10.00,0.00,'بيع',10,'المحل'),(1871,51,'2021-01-06 14:19:43',3,0,1,25.00,0,25.00,25.00,0.00,'بيع',25,'المحل'),(1872,52,'2021-01-06 14:29:22',2,0,1,11.00,0,11.00,11.00,0.00,'بيع',11,'المحل'),(1873,53,'2021-01-06 14:42:15',1,0,1,5.00,0,5.00,5.00,0.00,'بيع',5,'المحل'),(1874,54,'2021-01-06 15:16:45',6,0,1,65.00,0,65.00,65.00,0.00,'بيع',65,'المحل'),(1875,55,'2021-01-06 15:42:28',1,0,1,5.00,0,5.00,5.00,0.00,'بيع',5,'المحل'),(1876,56,'2021-01-06 16:13:10',1,0,1,10.00,0,10.00,10.00,0.00,'بيع',10,'المحل'),(1877,57,'2021-01-06 16:30:19',1,0,1,10.00,0,10.00,10.00,0.00,'بيع',10,'المحل'),(1878,58,'2021-01-06 16:30:31',2,0,1,15.00,0,15.00,15.00,0.00,'بيع',15,'المحل'),(1879,59,'2021-01-06 18:22:20',5,0,1,56.00,0,56.00,56.00,0.00,'بيع',56,'المحل'),(1880,60,'2021-01-06 18:24:24',1,0,1,5.00,0,5.00,5.00,0.00,'بيع',5,'المحل'),(1881,61,'2021-01-06 18:25:23',1,0,1,5.00,0,5.00,5.00,0.00,'بيع',5,'المحل'),(1882,62,'2021-01-06 18:28:08',1,0,1,10.00,0,10.00,10.00,0.00,'بيع',10,'المحل'),(1883,63,'2021-01-06 18:28:25',1,0,1,5.00,0,5.00,5.00,0.00,'بيع',5,'المحل'),(1884,64,'2021-01-06 18:29:43',1,0,1,10.00,0,10.00,10.00,0.00,'بيع',10,'المحل'),(1885,65,'2021-01-06 18:30:25',1,0,1,15.00,0,15.00,15.00,0.00,'بيع',15,'المحل'),(1886,66,'2021-01-06 18:49:34',2,0,1,15.00,0,15.00,15.00,0.00,'بيع',15,'المحل'),(1887,67,'2021-01-06 18:49:40',1,0,1,1.00,0,1.00,1.00,0.00,'بيع',1,'المحل'),(1888,68,'2021-01-06 18:50:54',1,0,1,15.00,0,15.00,15.00,0.00,'بيع',15,'المحل'),(1889,69,'2021-01-06 19:08:36',1,0,1,5.00,0,5.00,5.00,0.00,'بيع',5,'المحل'),(1890,70,'2021-01-06 19:08:44',6,0,1,45.00,0,45.00,45.00,0.00,'بيع',45,'المحل'),(1891,71,'2021-01-06 19:09:49',1,0,1,15.00,0,15.00,15.00,0.00,'بيع',15,'المحل'),(1892,72,'2021-01-06 19:10:38',1,0,1,5.00,0,5.00,5.00,0.00,'بيع',5,'المحل'),(1893,73,'2021-01-06 19:11:11',4,0,1,42.00,0,42.00,42.00,0.00,'بيع',42,'المحل'),(1894,74,'2021-01-06 19:17:59',2,0,1,20.00,0,20.00,20.00,0.00,'بيع',20,'المحل'),(1895,75,'2021-01-06 19:38:36',1,0,1,115.20,0,115.20,115.20,0.00,'بيع',115,'المحل'),(1896,76,'2021-01-06 19:55:36',1,45346,1,12.00,0,12.00,12.00,0.00,'بيع',12,'المحل'),(1897,77,'2021-01-06 19:55:59',3,47235,1,40.00,0,40.00,40.00,0.00,'بيع',15,'المحل'),(1898,78,'2021-01-06 20:01:06',2,0,1,5.00,0,5.00,5.00,0.00,'بيع',5,'المحل'),(1899,79,'2021-01-06 20:03:19',1,0,1,5.00,0,5.00,5.00,0.00,'بيع',5,'المحل'),(1900,80,'2021-01-06 20:07:35',4,0,1,40.00,0,40.00,40.00,0.00,'بيع',40,'المحل'),(1901,81,'2021-01-06 20:12:20',1,0,1,5.00,0,5.00,5.00,0.00,'بيع',5,'المحل'),(1902,82,'2021-01-06 20:18:24',3,0,1,140.00,0,140.00,140.00,0.00,'بيع',140,'المحل'),(1903,83,'2021-01-06 20:23:32',2,0,1,30.00,0,30.00,30.00,0.00,'بيع',30,'المحل'),(1904,84,'2021-01-06 20:43:53',1,0,1,15.00,0,15.00,15.00,0.00,'بيع',15,'المحل'),(1905,85,'2021-01-06 20:50:39',2,0,1,5.00,0,5.00,5.00,0.00,'بيع',5,'المحل'),(1906,86,'2021-01-06 20:58:20',2,0,1,25.00,0,25.00,25.00,0.00,'بيع',25,'المحل'),(1907,87,'2021-01-06 21:13:15',6,0,1,195.00,0,195.00,195.00,0.00,'بيع',195,'المحل'),(1908,88,'2021-01-06 21:15:19',1,0,1,10.00,0,10.00,10.00,0.00,'بيع',10,'المحل'),(1909,89,'2021-01-06 21:23:42',1,45832,1,17.00,0,17.00,17.00,0.00,'بيع',17,'المحل'),(1910,90,'2021-01-06 21:29:03',3,69527,1,20.00,0,20.00,20.00,0.00,'بيع',4,'المحل'),(1911,91,'2021-01-06 21:40:27',1,0,1,5.00,0,5.00,5.00,0.00,'بيع',5,'المحل'),(1912,92,'2021-01-06 21:43:54',2,0,1,15.00,0,15.00,15.00,0.00,'بيع',15,'المحل'),(1913,93,'2021-01-06 21:44:15',2,69527,1,35.00,0,35.00,35.00,0.00,'بيع',22,'المحل'),(1914,94,'2021-01-06 21:46:17',1,0,1,10.00,0,10.00,10.00,0.00,'بيع',10,'المحل'),(1915,95,'2021-01-06 21:46:55',1,0,1,15.00,0,15.00,15.00,0.00,'بيع',15,'المحل'),(1916,96,'2021-01-06 21:47:56',4,0,1,50.00,0,50.00,50.00,0.00,'بيع',50,'المحل'),(1917,97,'2021-01-06 22:15:47',1,0,1,4.00,0,4.00,4.00,0.00,'بيع',4,'المحل'),(1918,98,'2021-01-06 22:21:45',1,0,1,17.00,2,15.00,15.00,0.00,'بيع',7,'المحل'),(1919,99,'2021-01-06 22:37:00',1,36839,1,3.00,0,3.00,3.00,0.00,'بيع',3,'المحل'),(1920,100,'2021-01-06 22:45:13',4,0,1,99.00,0,99.00,99.00,0.00,'بيع',99,'المحل'),(1921,101,'2021-01-06 22:52:52',2,0,1,15.00,0,15.00,15.00,0.00,'بيع',15,'المحل'),(1922,102,'2021-01-06 23:04:09',4,0,1,10.00,0,10.00,10.00,0.00,'بيع',10,'المحل'),(1923,103,'2021-01-06 23:06:08',2,0,1,10.00,0,10.00,10.00,0.00,'بيع',10,'المحل'),(1924,104,'2021-01-06 23:13:12',1,45346,1,12.00,0,12.00,12.00,0.00,'بيع',12,'المحل'),(1925,105,'2021-01-06 23:13:26',2,0,1,15.00,0,15.00,15.00,0.00,'بيع',15,'المحل'),(1926,106,'2021-01-06 23:33:06',4,0,1,20.00,0,20.00,20.00,0.00,'بيع',20,'المحل'),(1927,107,'2021-01-06 23:39:53',1,0,1,6.00,0,6.00,6.00,0.00,'بيع',6,'المحل'),(1928,108,'2021-01-06 23:43:44',1,0,1,5.00,0,5.00,5.00,0.00,'بيع',5,'المحل'),(1929,109,'2021-01-06 23:55:19',5,0,1,80.00,0,80.00,80.00,0.00,'بيع',80,'المحل'),(1930,1,'2021-01-07 00:04:28',1,0,1,10.00,0,10.00,10.00,0.00,'بيع',10,'المحل'),(1931,2,'2021-01-07 00:04:48',1,45346,1,20.00,0,20.00,20.00,0.00,'بيع',20,'المحل'),(1932,3,'2021-01-07 00:07:28',2,69748,1,27.00,0,27.00,27.00,0.00,'بيع',12,'المحل'),(1933,4,'2021-01-07 00:19:42',1,0,1,5.00,0,5.00,5.00,0.00,'بيع',5,'المحل'),(1934,5,'2021-01-07 00:19:49',1,0,1,2.00,0,2.00,2.00,0.00,'بيع',2,'المحل'),(1935,6,'2021-01-07 00:38:51',6,0,1,25.00,0,25.00,25.00,0.00,'بيع',25,'المحل'),(1936,7,'2021-01-07 00:48:55',2,0,1,20.00,0,20.00,20.00,0.00,'بيع',20,'المحل'),(1937,8,'2021-01-07 01:05:15',2,0,1,50.00,0,50.00,50.00,0.00,'بيع',50,'المحل'),(1938,9,'2021-01-07 01:09:22',2,0,1,15.00,0,15.00,15.00,0.00,'بيع',13,'المحل'),(1939,10,'2021-01-07 01:12:05',1,0,1,17.00,0,17.00,17.00,0.00,'بيع',17,'المحل'),(1940,11,'2021-01-07 01:21:45',1,0,1,3.00,0,3.00,3.00,0.00,'بيع',3,'المحل'),(1941,12,'2021-01-07 01:33:54',1,47235,1,15.00,0,15.00,15.00,0.00,'بيع',5,'المحل'),(1942,13,'2021-01-07 01:40:47',1,45832,1,17.00,0,17.00,17.00,0.00,'بيع',7,'المحل'),(1943,14,'2021-01-07 01:54:15',1,0,1,10.00,0,10.00,10.00,0.00,'بيع',10,'المحل'),(1944,15,'2021-01-07 09:38:13',3,0,1,30.00,0,30.00,30.00,0.00,'بيع',30,'المحل'),(1945,16,'2021-01-07 09:39:53',1,0,1,5.00,0,5.00,5.00,0.00,'بيع',5,'المحل'),(1946,17,'2021-01-07 09:52:12',1,0,1,5.00,0,5.00,5.00,0.00,'بيع',5,'المحل'),(1947,18,'2021-01-07 10:15:03',2,0,1,10.00,0,10.00,10.00,0.00,'بيع',10,'المحل'),(1948,19,'2021-01-07 10:48:39',2,0,1,15.00,0,15.00,15.00,0.00,'بيع',15,'المحل'),(1949,20,'2021-01-07 10:52:13',2,0,1,25.00,0,25.00,25.00,0.00,'بيع',25,'المحل'),(1950,21,'2021-01-07 10:53:11',1,0,1,10.00,0,10.00,10.00,0.00,'بيع',10,'المحل'),(1951,22,'2021-01-07 11:18:41',1,0,1,6.00,0,6.00,6.00,0.00,'بيع',6,'المحل'),(1952,23,'2021-01-07 11:45:55',2,0,1,20.00,0,20.00,20.00,0.00,'بيع',8,'المحل'),(1953,24,'2021-01-07 12:02:17',1,0,1,5.00,0,5.00,5.00,0.00,'بيع',5,'المحل'),(1954,25,'2021-01-07 12:05:38',3,0,1,15.00,0,15.00,15.00,0.00,'بيع',15,'المحل'),(1955,26,'2021-01-07 12:43:01',3,0,1,22.00,0,22.00,22.00,0.00,'بيع',22,'المحل'),(1956,27,'2021-01-07 13:01:12',2,0,1,5.00,0,5.00,5.00,0.00,'بيع',5,'المحل'),(1957,28,'2021-01-07 13:14:56',4,0,1,16.00,0,16.00,16.00,0.00,'بيع',16,'المحل'),(1958,29,'2021-01-07 13:27:17',1,0,1,5.00,0,5.00,5.00,0.00,'بيع',5,'المحل'),(1959,30,'2021-01-07 13:37:16',1,0,1,7.00,0,7.00,7.00,0.00,'بيع',7,'المحل'),(1960,31,'2021-01-07 13:40:46',1,0,1,10.00,0,10.00,10.00,0.00,'بيع',10,'المحل'),(1961,32,'2021-01-07 13:42:59',1,0,1,3.00,0,3.00,3.00,0.00,'بيع',3,'المحل'),(1962,33,'2021-01-07 13:51:13',1,0,1,10.00,0,10.00,10.00,0.00,'بيع',10,'المحل'),(1963,34,'2021-01-07 13:56:27',1,0,1,5.00,0,5.00,5.00,0.00,'بيع',5,'المحل'),(1964,35,'2021-01-07 14:23:28',1,45832,1,17.00,0,17.00,17.00,0.00,'بيع',17,'المحل'),(1965,36,'2021-01-07 14:23:59',1,0,1,15.00,0,15.00,15.00,0.00,'بيع',15,'المحل'),(1966,37,'2021-01-07 14:26:58',2,0,1,15.00,0,15.00,15.00,0.00,'بيع',15,'المحل'),(1967,38,'2021-01-07 14:29:30',1,0,1,10.00,0,10.00,10.00,0.00,'بيع',10,'المحل'),(1968,39,'2021-01-07 14:35:10',1,0,1,5.00,0,5.00,5.00,0.00,'بيع',5,'المحل'),(1969,40,'2021-01-07 14:35:59',2,0,1,22.00,0,22.00,22.00,0.00,'بيع',22,'المحل'),(1970,41,'2021-01-07 14:44:28',1,0,1,10.00,0,10.00,10.00,0.00,'بيع',10,'المحل'),(1971,42,'2021-01-07 14:46:33',1,0,1,10.00,0,10.00,10.00,0.00,'بيع',10,'المحل'),(1972,43,'2021-01-07 14:55:36',1,56791,1,5.00,0,5.00,5.00,0.00,'بيع',5,'المحل'),(1973,44,'2021-01-07 15:19:20',1,52246,1,5.00,0,5.00,5.00,0.00,'بيع',1,'المحل'),(1974,45,'2021-01-07 15:26:37',1,86777,1,5.00,0,5.00,5.00,0.00,'بيع',5,'المحل'),(1975,46,'2021-01-07 15:45:18',1,0,1,5.00,0,5.00,5.00,0.00,'بيع',5,'المحل'),(1976,47,'2021-01-07 15:47:02',1,52246,1,5.00,0,5.00,5.00,0.00,'بيع',5,'المحل'),(1977,48,'2021-01-07 16:04:58',1,47235,1,17.00,0,17.00,17.00,0.00,'بيع',17,'المحل'),(1978,49,'2021-01-07 16:22:59',1,0,1,5.00,0,5.00,5.00,0.00,'بيع',5,'المحل'),(1979,50,'2021-01-07 16:16:53',2,0,1,27.00,0,27.00,27.00,0.00,'بيع',27,'المحل'),(1980,51,'2021-01-07 16:23:50',1,0,1,5.00,0,5.00,5.00,0.00,'بيع',5,'المحل'),(1981,52,'2021-01-07 16:28:27',2,0,1,15.00,0,15.00,15.00,0.00,'بيع',15,'المحل'),(1982,53,'2021-01-07 16:34:24',1,0,1,90.00,0,90.00,90.00,0.00,'بيع',90,'المحل'),(1983,54,'2021-01-07 16:41:50',5,0,1,30.00,0,30.00,30.00,0.00,'بيع',30,'المحل'),(1984,55,'2021-01-07 16:45:39',3,0,1,35.00,0,35.00,35.00,0.00,'بيع',35,'المحل'),(1985,56,'2021-01-07 16:50:27',2,0,1,27.00,0,27.00,27.00,0.00,'بيع',27,'المحل'),(1986,57,'2021-01-07 16:57:02',1,0,1,5.00,0,5.00,5.00,0.00,'بيع',5,'المحل'),(1987,58,'2021-01-07 16:57:06',3,0,1,45.00,0,45.00,45.00,0.00,'بيع',45,'المحل'),(1988,59,'2021-01-07 17:00:23',1,0,1,24.00,0,24.00,24.00,0.00,'بيع',24,'المحل'),(1989,60,'2021-01-07 17:01:36',1,0,1,1.00,0,1.00,1.00,0.00,'بيع',1,'المحل'),(1990,61,'2021-01-07 17:07:30',1,0,1,5.00,0,5.00,5.00,0.00,'بيع',5,'المحل'),(1991,62,'2021-01-07 17:49:18',3,0,1,15.00,0,15.00,15.00,0.00,'بيع',15,'المحل'),(1992,63,'2021-01-07 18:13:22',1,47235,1,1.00,0,1.00,1.00,0.00,'بيع',1,'المحل'),(1993,64,'2021-01-07 18:25:42',1,0,1,12.00,0,12.00,12.00,0.00,'بيع',12,'المحل'),(1994,65,'2021-01-07 18:35:38',1,0,1,15.00,0,15.00,15.00,0.00,'بيع',15,'المحل'),(1995,66,'2021-01-07 18:36:46',1,0,1,10.00,0,10.00,10.00,0.00,'بيع',10,'المحل'),(1996,67,'2021-01-07 18:43:09',1,0,1,2.00,0,2.00,2.00,0.00,'بيع',2,'المحل'),(1997,68,'2021-01-07 18:46:59',3,0,1,30.00,0,30.00,30.00,0.00,'بيع',30,'المحل'),(1998,69,'2021-01-07 19:01:25',2,0,1,41.00,0,41.00,41.00,0.00,'بيع',41,'المحل'),(1999,70,'2021-01-07 19:35:33',2,0,1,10.00,0,10.00,10.00,0.00,'بيع',10,'المحل'),(2000,71,'2021-01-07 19:45:27',1,0,1,5.00,0,5.00,5.00,0.00,'بيع',5,'المحل'),(2001,72,'2021-01-07 19:50:08',1,0,1,9.00,0,9.00,9.00,0.00,'بيع',7,'المحل'),(2002,73,'2021-01-07 19:51:52',5,0,1,23.00,0,23.00,23.00,0.00,'بيع',23,'المحل'),(2003,74,'2021-01-07 20:03:47',9,0,1,301.00,0,301.00,301.00,0.00,'بيع',301,'المحل'),(2004,75,'2021-01-07 20:13:03',4,0,1,105.00,0,105.00,105.00,0.00,'بيع',36,'المحل'),(2005,76,'2021-01-07 20:16:38',1,0,1,15.00,0,15.00,15.00,0.00,'بيع',15,'المحل'),(2006,77,'2021-01-07 20:20:19',1,0,1,7.00,0,7.00,7.00,0.00,'بيع',7,'المحل'),(2007,78,'2021-01-07 20:28:30',2,0,1,10.00,0,10.00,10.00,0.00,'بيع',10,'المحل'),(2008,79,'2021-01-07 20:29:13',2,0,1,15.00,0,15.00,15.00,0.00,'بيع',15,'المحل'),(2009,80,'2021-01-07 21:08:36',2,0,1,5.00,0,5.00,5.00,0.00,'بيع',5,'المحل'),(2010,81,'2021-01-07 21:08:57',2,0,1,4.00,0,4.00,4.00,0.00,'بيع',4,'المحل'),(2011,82,'2021-01-07 21:10:17',1,0,1,10.00,0,10.00,10.00,0.00,'بيع',10,'المحل'),(2012,83,'2021-01-07 21:26:58',1,0,1,6.00,0,6.00,6.00,0.00,'بيع',6,'المحل'),(2013,84,'2021-01-07 21:31:10',2,0,1,20.00,0,20.00,20.00,0.00,'بيع',20,'المحل'),(2014,85,'2021-01-07 21:31:51',1,0,1,1.00,0,1.00,1.00,0.00,'بيع',1,'المحل'),(2015,86,'2021-01-07 21:33:18',1,0,1,30.00,0,30.00,30.00,0.00,'بيع',30,'المحل'),(2016,87,'2021-01-07 21:41:03',1,0,1,10.00,0,10.00,10.00,0.00,'بيع',10,'المحل'),(2017,88,'2021-01-07 21:41:52',1,0,1,6.00,0,6.00,6.00,0.00,'بيع',6,'المحل'),(2018,89,'2021-01-07 21:42:15',1,0,1,10.00,0,10.00,10.00,0.00,'بيع',10,'المحل'),(2019,90,'2021-01-07 21:55:00',3,0,1,21.00,0,21.00,21.00,0.00,'بيع',8,'المحل'),(2020,91,'2021-01-07 21:57:41',1,0,1,5.00,0,5.00,5.00,0.00,'بيع',5,'المحل'),(2021,92,'2021-01-07 21:59:09',1,0,1,10.00,0,10.00,10.00,0.00,'بيع',10,'المحل'),(2022,93,'2021-01-07 22:02:52',1,0,1,9.00,0,9.00,9.00,0.00,'بيع',9,'المحل'),(2023,94,'2021-01-07 22:10:16',3,0,1,20.00,0,20.00,20.00,0.00,'بيع',20,'المحل'),(2024,95,'2021-01-07 22:23:39',2,0,1,10.00,0,10.00,10.00,0.00,'بيع',10,'المحل'),(2025,96,'2021-01-07 22:24:36',4,0,1,45.00,0,45.00,45.00,0.00,'بيع',45,'المحل'),(2026,97,'2021-01-07 22:46:48',1,0,1,135.00,0,135.00,135.00,0.00,'بيع',135,'المحل'),(2027,98,'2021-01-07 22:48:18',1,56791,1,5.00,0,5.00,5.00,0.00,'بيع',2,'المحل'),(2028,99,'2021-01-07 22:50:02',1,36839,1,3.00,0,3.00,3.00,0.00,'بيع',1,'المحل'),(2029,100,'2021-01-07 23:00:21',1,0,1,15.00,0,15.00,15.00,0.00,'بيع',15,'المحل'),(2030,101,'2021-01-07 23:05:36',1,0,1,5.00,0,5.00,5.00,0.00,'بيع',5,'المحل'),(2031,102,'2021-01-07 23:06:16',1,64717,1,499.92,0,499.92,499.92,0.00,'بيع',500,'المحل'),(2032,103,'2021-01-07 23:22:28',1,36839,1,90.00,0,90.00,90.00,0.00,'بيع',90,'المحل'),(2033,104,'2021-01-07 23:24:12',1,0,1,10.00,0,10.00,10.00,0.00,'بيع',10,'المحل'),(2034,105,'2021-01-07 23:45:34',2,0,1,10.00,0,10.00,10.00,0.00,'بيع',10,'المحل'),(2035,106,'2021-01-07 23:57:27',3,0,1,30.00,0,30.00,30.00,0.00,'بيع',30,'المحل'),(2036,1,'2021-01-08 00:18:20',7,0,1,195.00,0,195.00,195.00,0.00,'بيع',195,'المحل'),(2037,2,'2021-01-08 01:03:42',6,0,1,100.00,0,100.00,100.00,0.00,'بيع',100,'المحل'),(2038,3,'2021-01-08 01:07:15',1,0,1,10.00,0,10.00,10.00,0.00,'بيع',10,'المحل'),(2040,5,'2021-01-08 01:12:57',2,0,1,20.00,0,20.00,20.00,0.00,'بيع',6,'المحل'),(2041,6,'2021-01-08 01:15:43',1,0,1,5.00,0,5.00,5.00,0.00,'بيع',5,'المحل'),(2042,7,'2021-01-08 01:16:01',1,0,1,10.00,0,10.00,10.00,0.00,'بيع',10,'المحل'),(2043,8,'2021-01-08 01:16:23',1,64717,1,10.00,0,10.00,10.00,0.00,'بيع',10,'المحل'),(2044,9,'2021-01-08 01:27:30',1,0,1,55.00,0,55.00,55.00,0.00,'بيع',55,'المحل'),(2045,10,'2021-01-08 01:29:22',3,0,1,26.00,0,26.00,26.00,0.00,'بيع',26,'المحل'),(2046,11,'2021-01-08 01:24:10',6,24436,1,90.00,0,90.00,120.00,-30.00,'بيع',43,'المحل'),(2047,12,'2021-01-08 01:35:08',1,64717,1,15.00,0,15.00,15.00,0.00,'بيع',12,'المحل'),(2048,13,'2021-01-08 01:37:56',1,0,1,3.00,0,3.00,3.00,0.00,'بيع',0,'المحل'),(2049,14,'2021-01-08 01:44:19',1,0,1,7.00,0,7.00,7.00,0.00,'بيع',7,'المحل'),(2050,15,'2021-01-08 01:50:19',1,0,1,12.00,0,12.00,12.00,0.00,'بيع',12,'المحل'),(2051,16,'2021-01-08 01:50:41',1,0,1,3.00,0,3.00,3.00,0.00,'بيع',3,'المحل'),(2052,17,'2021-01-08 01:53:41',7,0,1,215.00,0,215.00,215.00,0.00,'بيع',215,'المحل'),(2053,18,'2021-01-08 01:58:44',2,47235,1,50.00,0,50.00,50.00,0.00,'بيع',50,'المحل'),(2054,19,'2021-01-08 02:00:18',1,0,1,3.00,0,3.00,3.00,0.00,'بيع',3,'المحل'),(2055,20,'2021-01-08 02:11:43',1,0,1,45.00,0,45.00,45.00,0.00,'بيع',45,'المحل'),(2056,21,'2021-01-08 02:11:58',4,43895,1,40.00,0,40.00,40.00,0.00,'بيع',19,'المحل'),(2057,22,'2021-01-08 02:14:19',1,45832,1,17.00,0,17.00,17.00,0.00,'بيع',17,'المحل'),(2058,23,'2021-01-08 02:26:28',1,0,1,5.00,0,5.00,5.00,0.00,'بيع',5,'المحل'),(2059,24,'2021-01-08 03:14:55',1,0,1,10.00,0,10.00,10.00,0.00,'بيع',10,'المحل'),(2060,25,'2021-01-08 04:13:48',1,0,1,22.00,0,22.00,22.00,0.00,'بيع',22,'المحل'),(2061,26,'2021-01-08 04:44:25',9,0,1,81.00,0,81.00,81.00,0.00,'بيع',81,'المحل'),(2062,27,'2021-01-08 04:51:45',1,0,1,3.00,0,3.00,3.00,0.00,'بيع',3,'المحل'),(2063,28,'2021-01-08 05:05:31',2,0,1,5.00,0,5.00,5.00,0.00,'بيع',5,'المحل'),(2064,29,'2021-01-08 05:13:58',1,0,1,5.00,0,5.00,5.00,0.00,'بيع',5,'المحل'),(2065,30,'2021-01-08 05:20:38',2,0,1,40.00,0,40.00,40.00,0.00,'بيع',40,'المحل'),(2066,31,'2021-01-08 05:21:25',1,0,1,5.00,0,5.00,5.00,0.00,'بيع',5,'المحل'),(2067,32,'2021-01-08 06:25:52',1,0,1,5.00,0,5.00,5.00,0.00,'بيع',5,'المحل'),(2068,33,'2021-01-08 07:44:35',2,0,1,10.00,0,10.00,10.00,0.00,'بيع',10,'المحل'),(2069,34,'2021-01-08 07:48:51',3,0,1,17.00,0,17.00,17.00,0.00,'بيع',17,'المحل'),(2070,35,'2021-01-08 06:26:04',1,0,1,3.00,0,3.00,3.00,0.00,'بيع',3,'المحل'),(2071,36,'2021-01-08 08:37:30',4,0,1,34.00,0,34.00,34.00,0.00,'بيع',34,'المحل'),(2072,37,'2021-01-08 09:15:52',4,0,1,15.00,0,15.00,15.00,0.00,'بيع',15,'المحل'),(2073,38,'2021-01-08 09:19:03',1,0,1,5.00,0,5.00,5.00,0.00,'بيع',5,'المحل'),(2074,39,'2021-01-08 09:34:04',1,0,1,5.00,0,5.00,5.00,0.00,'بيع',5,'المحل'),(2075,40,'2021-01-08 09:52:27',1,0,1,10.00,0,10.00,10.00,0.00,'بيع',10,'المحل'),(2076,41,'2021-01-08 09:54:28',1,0,1,5.00,0,5.00,5.00,0.00,'بيع',5,'المحل'),(2077,42,'2021-01-08 10:07:21',1,0,1,5.00,0,5.00,5.00,0.00,'بيع',5,'المحل'),(2078,43,'2021-01-08 10:11:49',2,0,1,11.00,0,11.00,11.00,0.00,'بيع',11,'المحل'),(2079,44,'2021-01-08 10:18:22',1,0,1,10.00,0,10.00,10.00,0.00,'بيع',10,'المحل'),(2080,45,'2021-01-08 10:24:44',2,0,1,15.00,0,15.00,15.00,0.00,'بيع',15,'المحل'),(2081,46,'2021-01-08 10:52:14',1,0,1,20.00,0,20.00,20.00,0.00,'بيع',20,'المحل'),(2082,47,'2021-01-08 10:57:13',4,0,1,25.00,0,25.00,25.00,0.00,'بيع',25,'المحل'),(2083,48,'2021-01-08 11:00:09',1,0,1,5.00,0,5.00,5.00,0.00,'بيع',5,'المحل'),(2084,49,'2021-01-08 11:09:47',1,0,1,2.00,0,2.00,2.00,0.00,'بيع',2,'المحل'),(2085,50,'2021-01-08 11:32:35',2,0,1,20.00,0,20.00,20.00,0.00,'بيع',10,'المحل'),(2086,51,'2021-01-08 11:51:37',2,0,1,10.00,0,10.00,10.00,0.00,'بيع',6,'المحل'),(2087,52,'2021-01-08 11:57:04',2,0,1,25.00,0,25.00,25.00,0.00,'بيع',25,'المحل'),(2088,53,'2021-01-08 11:57:49',3,0,1,25.00,0,25.00,25.00,0.00,'بيع',25,'المحل'),(2089,54,'2021-01-08 12:52:30',4,0,1,30.00,0,30.00,30.00,0.00,'بيع',30,'المحل'),(2090,55,'2021-01-08 13:03:03',1,0,1,5.00,0,5.00,5.00,0.00,'بيع',5,'المحل'),(2091,56,'2021-01-08 13:03:26',4,0,1,57.00,0,57.00,57.00,0.00,'بيع',25,'المحل'),(2092,57,'2021-01-08 13:36:36',2,0,1,20.00,0,20.00,20.00,0.00,'بيع',20,'المحل'),(2093,58,'2021-01-08 13:48:57',2,0,1,10.00,0,10.00,10.00,0.00,'بيع',10,'المحل'),(2094,59,'2021-01-08 13:50:20',1,0,1,10.00,0,10.00,10.00,0.00,'بيع',10,'المحل'),(2095,60,'2021-01-08 13:59:22',2,0,1,6.00,0,6.00,6.00,0.00,'بيع',6,'المحل'),(2096,61,'2021-01-08 14:23:37',1,0,1,10.00,0,10.00,10.00,0.00,'بيع',10,'المحل'),(2097,62,'2021-01-08 14:33:04',1,0,1,17.00,0,17.00,17.00,0.00,'بيع',7,'المحل'),(2098,63,'2021-01-08 14:45:15',1,0,1,5.00,0,5.00,5.00,0.00,'بيع',5,'المحل'),(2099,64,'2021-01-08 14:45:28',1,0,1,10.00,0,10.00,10.00,0.00,'بيع',10,'المحل'),(2100,65,'2021-01-08 14:48:57',2,45832,1,20.00,0,20.00,20.00,0.00,'بيع',10,'المحل'),(2101,66,'2021-01-08 14:50:09',1,0,1,10.00,0,10.00,10.00,0.00,'بيع',10,'المحل'),(2102,67,'2021-01-08 14:53:29',4,0,1,32.00,0,32.00,32.00,0.00,'بيع',32,'المحل'),(2103,68,'2021-01-08 15:08:41',1,0,1,5.00,0,5.00,5.00,0.00,'بيع',5,'المحل'),(2104,69,'2021-01-08 15:15:04',1,0,1,10.00,0,10.00,10.00,0.00,'بيع',10,'المحل'),(2105,70,'2021-01-08 15:23:35',1,0,1,5.00,0,5.00,5.00,0.00,'بيع',5,'المحل'),(2106,71,'2021-01-08 15:33:10',4,0,1,50.00,0,50.00,50.00,0.00,'بيع',50,'المحل'),(2107,72,'2021-01-08 15:41:09',3,0,1,16.00,0,16.00,16.00,0.00,'بيع',16,'المحل'),(2108,73,'2021-01-08 15:59:27',1,0,1,90.00,0,90.00,90.00,0.00,'بيع',90,'المحل'),(2109,74,'2021-01-08 16:01:10',1,0,1,5.00,0,5.00,5.00,0.00,'بيع',5,'المحل'),(2110,75,'2021-01-08 16:01:44',2,0,1,25.00,0,25.00,25.00,0.00,'بيع',25,'المحل'),(2111,76,'2021-01-08 15:51:08',3,0,1,23.00,0,23.00,23.00,0.00,'بيع',23,'المحل'),(2112,77,'2021-01-08 16:04:03',1,0,1,5.00,0,5.00,5.00,0.00,'بيع',1,'المحل'),(2113,78,'2021-01-08 16:10:59',2,0,1,65.00,0,65.00,65.00,0.00,'بيع',65,'المحل'),(2114,79,'2021-01-08 16:25:05',3,0,1,21.00,0,21.00,21.00,0.00,'بيع',21,'المحل'),(2115,80,'2021-01-08 16:44:56',1,45832,1,17.00,0,17.00,17.00,0.00,'بيع',7,'المحل'),(2116,81,'2021-01-08 16:45:20',2,0,1,15.00,0,15.00,15.00,0.00,'بيع',15,'المحل'),(2117,82,'2021-01-08 16:54:48',4,0,1,35.00,0,35.00,35.00,0.00,'بيع',12,'المحل'),(2118,83,'2021-01-08 17:00:39',1,0,1,5.00,0,5.00,5.00,0.00,'بيع',5,'المحل'),(2119,84,'2021-01-08 17:19:16',5,0,1,46.00,0,46.00,46.00,0.00,'بيع',46,'المحل'),(2120,85,'2021-01-08 17:23:40',3,0,1,33.00,0,33.00,33.00,0.00,'بيع',33,'المحل'),(2121,86,'2021-01-08 17:35:25',1,0,1,20.00,0,20.00,20.00,0.00,'بيع',20,'المحل'),(2122,87,'2021-01-08 17:41:25',4,0,1,32.00,0,32.00,32.00,0.00,'بيع',9,'المحل'),(2123,88,'2021-01-08 18:02:32',1,0,1,5.00,0,5.00,5.00,0.00,'بيع',5,'المحل'),(2124,89,'2021-01-08 18:04:26',1,0,1,1.00,0,1.00,1.00,0.00,'بيع',1,'المحل'),(2125,90,'2021-01-08 18:48:44',1,0,1,10.00,0,10.00,10.00,0.00,'بيع',10,'المحل'),(2126,91,'2021-01-08 18:52:42',1,0,1,15.00,0,15.00,15.00,0.00,'بيع',15,'المحل'),(2127,92,'2021-01-08 19:03:54',2,47235,1,20.00,0,20.00,20.00,0.00,'بيع',20,'المحل'),(2128,93,'2021-01-08 19:08:38',1,69748,1,24.00,0,24.00,24.00,0.00,'بيع',24,'المحل'),(2129,94,'2021-01-08 19:26:40',1,0,1,5.00,0,5.00,5.00,0.00,'بيع',5,'المحل'),(2130,95,'2021-01-08 19:26:53',1,0,1,7.00,0,7.00,7.00,0.00,'بيع',7,'المحل'),(2131,96,'2021-01-08 19:43:14',1,0,1,5.00,0,5.00,5.00,0.00,'بيع',5,'المحل'),(2132,97,'2021-01-08 19:45:37',6,64717,1,40.00,0,40.00,40.00,0.00,'بيع',19,'المحل'),(2133,98,'2021-01-08 19:49:46',3,0,1,168.50,0,168.50,168.50,0.00,'بيع',169,'المحل'),(2134,99,'2021-01-08 20:01:54',2,0,1,22.00,0,22.00,22.00,0.00,'بيع',22,'المحل'),(2135,100,'2021-01-08 20:04:04',1,0,1,55.00,0,55.00,55.00,0.00,'بيع',55,'المحل'),(2136,101,'2021-01-08 20:29:19',1,0,1,2.00,0,2.00,2.00,0.00,'بيع',2,'المحل'),(2137,102,'2021-01-08 20:36:15',1,0,1,10.00,0,10.00,10.00,0.00,'بيع',10,'المحل'),(2138,103,'2021-01-08 20:37:22',1,0,1,5.00,0,5.00,5.00,0.00,'بيع',5,'المحل'),(2139,104,'2021-01-08 20:38:01',1,0,1,5.00,0,5.00,5.00,0.00,'بيع',5,'المحل'),(2140,105,'2021-01-08 20:52:49',1,0,1,55.50,5,50.50,50.50,0.00,'بيع',12,'المحل'),(2141,106,'2021-01-08 20:57:28',2,0,1,30.00,0,30.00,30.00,0.00,'بيع',16,'المحل'),(2142,107,'2021-01-08 21:02:06',1,0,1,9.00,0,9.00,9.00,0.00,'بيع',9,'المحل'),(2143,108,'2021-01-08 21:11:23',1,0,1,10.00,0,10.00,10.00,0.00,'بيع',10,'المحل'),(2144,109,'2021-01-08 21:12:13',2,0,1,21.00,0,21.00,21.00,0.00,'بيع',11,'المحل'),(2145,110,'2021-01-08 21:14:47',4,0,1,51.00,0,51.00,51.00,0.00,'بيع',15,'المحل'),(2146,111,'2021-01-08 21:22:35',3,0,1,25.00,0,25.00,25.00,0.00,'بيع',25,'المحل'),(2147,112,'2021-01-08 21:25:49',1,0,1,5.00,0,5.00,5.00,0.00,'بيع',5,'المحل'),(2148,113,'2021-01-08 21:28:09',4,0,1,200.00,0,200.00,200.00,0.00,'بيع',200,'المحل'),(2149,114,'2021-01-08 21:29:33',1,69527,1,15.00,0,15.00,15.00,0.00,'بيع',12,'المحل'),(2150,115,'2021-01-08 21:31:32',4,0,1,20.00,0,20.00,20.00,0.00,'بيع',20,'المحل'),(2151,116,'2021-01-08 21:40:26',2,45832,1,17.00,0,17.00,17.00,0.00,'بيع',8,'المحل'),(2152,117,'2021-01-08 21:51:41',5,36839,1,50.00,0,50.00,50.00,0.00,'بيع',48,'المحل'),(2153,118,'2021-01-08 21:52:02',3,0,1,45.00,0,45.00,45.00,0.00,'بيع',45,'المحل'),(2154,119,'2021-01-08 22:00:42',5,0,1,55.00,0,55.00,55.00,0.00,'بيع',55,'المحل'),(2155,120,'2021-01-08 22:06:02',1,0,1,5.00,0,5.00,5.00,0.00,'بيع',5,'المحل'),(2156,121,'2021-01-08 22:09:23',1,69527,1,45.00,0,45.00,45.00,0.00,'بيع',45,'المحل'),(2157,122,'2021-01-08 22:13:02',6,0,1,78.00,0,78.00,78.00,0.00,'بيع',27,'المحل'),(2158,123,'2021-01-08 22:18:25',1,0,1,5.00,0,5.00,5.00,0.00,'بيع',5,'المحل'),(2159,124,'2021-01-08 22:18:56',2,0,1,5.00,0,5.00,5.00,0.00,'بيع',1,'المحل'),(2160,125,'2021-01-08 22:34:10',1,0,1,5.00,0,5.00,5.00,0.00,'بيع',5,'المحل'),(2161,126,'2021-01-08 22:47:50',1,47235,1,5.00,0,5.00,5.00,0.00,'بيع',4,'المحل'),(2162,127,'2021-01-08 22:49:00',1,47235,1,15.00,0,15.00,15.00,0.00,'بيع',15,'المحل'),(2163,128,'2021-01-08 22:51:55',1,0,1,5.00,0,5.00,5.00,0.00,'بيع',5,'المحل'),(2164,129,'2021-01-08 23:06:59',1,0,1,30.00,0,30.00,30.00,0.00,'بيع',30,'المحل'),(2165,130,'2021-01-08 23:14:08',2,0,1,75.00,0,75.00,75.00,0.00,'بيع',75,'المحل'),(2166,131,'2021-01-08 23:17:11',1,0,1,5.00,0,5.00,5.00,0.00,'بيع',5,'المحل'),(2167,132,'2021-01-08 23:26:44',1,0,1,10.00,0,10.00,10.00,0.00,'بيع',10,'المحل'),(2168,133,'2021-01-08 23:27:36',2,0,1,8.00,0,8.00,8.00,0.00,'بيع',8,'المحل'),(2169,134,'2021-01-08 23:38:33',1,0,1,2.00,0,2.00,2.00,0.00,'بيع',2,'المحل'),(2170,135,'2021-01-08 23:39:25',1,0,1,10.00,0,10.00,10.00,0.00,'بيع',10,'المحل'),(2171,136,'2021-01-08 23:41:36',2,0,1,25.00,0,25.00,25.00,0.00,'بيع',25,'المحل'),(2172,137,'2021-01-08 23:46:31',1,0,1,12.00,0,12.00,12.00,0.00,'بيع',12,'المحل'),(2173,138,'2021-01-08 23:47:43',1,0,1,15.00,0,15.00,15.00,0.00,'بيع',15,'المحل'),(2174,1,'2021-01-09 00:12:03',2,0,1,15.00,0,15.00,15.00,0.00,'بيع',15,'المحل'),(2175,2,'2021-01-09 00:17:30',1,0,1,10.00,0,10.00,10.00,0.00,'بيع',10,'المحل'),(2176,3,'2021-01-09 00:19:57',1,0,1,5.00,0,5.00,5.00,0.00,'بيع',5,'المحل'),(2177,4,'2021-01-09 00:24:34',2,0,1,40.00,0,40.00,40.00,0.00,'بيع',40,'المحل'),(2178,5,'2021-01-09 00:35:39',5,45832,1,107.00,0,107.00,107.00,0.00,'بيع',107,'المحل'),(2179,6,'2021-01-09 00:45:31',1,47235,1,7.00,0,7.00,7.00,0.00,'بيع',7,'المحل'),(2180,7,'2021-01-09 00:47:12',2,0,1,15.00,0,15.00,15.00,0.00,'بيع',15,'المحل'),(2181,8,'2021-01-09 00:58:20',2,0,1,17.00,0,17.00,17.00,0.00,'بيع',17,'المحل'),(2182,9,'2021-01-09 00:59:34',3,0,1,50.00,0,50.00,50.00,0.00,'بيع',50,'المحل'),(2183,10,'2021-01-09 01:02:43',3,59891,1,36.00,0,36.00,36.00,0.00,'بيع',36,'المحل'),(2184,11,'2021-01-09 01:08:27',3,0,1,7.00,0,7.00,7.00,0.00,'بيع',7,'المحل'),(2185,12,'2021-01-09 01:26:26',2,0,1,30.00,0,30.00,30.00,0.00,'بيع',30,'المحل'),(2186,13,'2021-01-09 01:43:55',1,0,1,10.00,0,10.00,10.00,0.00,'بيع',10,'المحل'),(2187,14,'2021-01-09 01:01:42',1,0,1,5.00,0,5.00,5.00,0.00,'بيع',5,'المحل'),(2188,15,'2021-01-09 02:47:42',1,0,1,10.00,0,10.00,10.00,0.00,'بيع',10,'المحل'),(2189,16,'2021-01-09 02:53:53',1,0,1,20.00,0,20.00,20.00,0.00,'بيع',20,'المحل'),(2190,17,'2021-01-09 02:55:31',2,0,1,30.00,0,30.00,30.00,0.00,'بيع',30,'المحل'),(2191,18,'2021-01-09 03:08:55',4,0,1,15.00,0,15.00,15.00,0.00,'بيع',15,'المحل'),(2192,19,'2021-01-09 03:10:40',2,0,1,25.00,0,25.00,25.00,0.00,'بيع',25,'المحل'),(2193,20,'2021-01-09 03:14:04',2,0,1,25.00,0,25.00,25.00,0.00,'بيع',25,'المحل'),(2194,21,'2021-01-09 03:15:16',1,0,1,15.00,0,15.00,15.00,0.00,'بيع',15,'المحل'),(2195,22,'2021-01-09 03:18:25',5,0,1,25.00,0,25.00,25.00,0.00,'بيع',25,'المحل'),(2196,23,'2021-01-09 10:02:19',1,0,1,10.00,0,10.00,10.00,0.00,'بيع',10,'المحل'),(2197,24,'2021-01-09 10:31:27',1,0,1,10.00,0,10.00,10.00,0.00,'بيع',4,'المحل'),(2198,25,'2021-01-09 10:38:07',1,0,1,1.00,0,1.00,1.00,0.00,'بيع',1,'المحل'),(2199,26,'2021-01-09 10:44:27',2,0,1,19.00,0,19.00,19.00,0.00,'بيع',19,'المحل'),(2200,27,'2021-01-09 10:50:17',1,0,1,5.00,0,5.00,5.00,0.00,'بيع',5,'المحل'),(2201,28,'2021-01-09 11:04:04',1,0,1,10.00,0,10.00,10.00,0.00,'بيع',10,'المحل'),(2202,29,'2021-01-09 11:20:40',2,0,1,15.00,0,15.00,15.00,0.00,'بيع',15,'المحل'),(2203,30,'2021-01-09 11:46:40',1,0,1,10.00,0,10.00,10.00,0.00,'بيع',10,'المحل'),(2204,31,'2021-01-09 12:12:09',1,0,1,5.00,0,5.00,5.00,0.00,'بيع',5,'المحل'),(2205,32,'2021-01-09 12:22:26',1,0,1,5.00,0,5.00,5.00,0.00,'بيع',5,'المحل'),(2206,33,'2021-01-09 12:23:28',2,0,1,15.00,0,15.00,15.00,0.00,'بيع',15,'المحل'),(2207,34,'2021-01-09 12:29:21',1,0,1,10.00,0,10.00,10.00,0.00,'بيع',10,'المحل'),(2208,35,'2021-01-09 12:40:26',1,0,1,36.00,0,36.00,36.00,0.00,'بيع',36,'المحل'),(2209,36,'2021-01-09 12:40:39',1,0,1,5.00,0,5.00,5.00,0.00,'بيع',5,'المحل'),(2210,37,'2021-01-09 12:42:40',2,0,1,10.00,0,10.00,10.00,0.00,'بيع',10,'المحل'),(2211,38,'2021-01-09 12:49:05',1,0,1,3.00,0,3.00,3.00,0.00,'بيع',3,'المحل'),(2212,39,'2021-01-09 12:57:31',1,0,1,1.00,0,1.00,1.00,0.00,'بيع',1,'المحل'),(2213,40,'2021-01-09 13:19:55',1,0,1,5.00,0,5.00,5.00,0.00,'بيع',5,'المحل'),(2214,41,'2021-01-09 13:37:37',1,0,1,10.00,0,10.00,10.00,0.00,'بيع',10,'المحل'),(2215,42,'2021-01-09 13:37:54',1,0,1,3.00,0,3.00,3.00,0.00,'بيع',3,'المحل'),(2216,43,'2021-01-09 13:57:57',1,0,1,12.00,0,12.00,12.00,0.00,'بيع',12,'المحل'),(2217,44,'2021-01-09 13:59:53',4,0,1,16.00,0,16.00,16.00,0.00,'بيع',16,'المحل'),(2218,45,'2021-01-09 14:04:52',2,0,1,40.00,0,40.00,40.00,0.00,'بيع',40,'المحل'),(2219,46,'2021-01-09 14:11:02',1,0,1,5.00,0,5.00,5.00,0.00,'بيع',5,'المحل'),(2220,47,'2021-01-09 14:32:00',2,0,1,8.00,0,8.00,8.00,0.00,'بيع',8,'المحل'),(2221,48,'2021-01-09 14:38:50',2,0,1,9.00,0,9.00,9.00,0.00,'بيع',9,'المحل'),(2222,49,'2021-01-09 14:48:22',2,0,1,15.00,0,15.00,15.00,0.00,'بيع',15,'المحل'),(2223,50,'2021-01-09 14:54:20',2,0,1,10.00,0,10.00,10.00,0.00,'بيع',10,'المحل'),(2224,51,'2021-01-09 15:01:57',3,0,1,14.00,0,14.00,14.00,0.00,'بيع',3,'المحل'),(2225,52,'2021-01-09 15:07:22',1,0,1,20.00,0,20.00,20.00,0.00,'بيع',20,'المحل'),(2226,53,'2021-01-09 15:12:26',1,0,1,12.00,0,12.00,12.00,0.00,'بيع',12,'المحل'),(2227,54,'2021-01-09 15:12:46',1,0,1,10.00,0,10.00,10.00,0.00,'بيع',10,'المحل'),(2228,55,'2021-01-09 15:17:55',1,0,1,2.00,0,2.00,2.00,0.00,'بيع',2,'المحل'),(2229,56,'2021-01-09 15:19:34',1,0,1,5.00,0,5.00,5.00,0.00,'بيع',5,'المحل'),(2230,57,'2021-01-09 15:26:48',3,0,1,21.00,0,21.00,21.00,0.00,'بيع',9,'المحل'),(2231,58,'2021-01-09 15:31:40',1,0,1,3.00,0,3.00,3.00,0.00,'بيع',3,'المحل'),(2232,59,'2021-01-09 15:40:42',3,0,1,16.00,0,16.00,16.00,0.00,'بيع',16,'المحل'),(2233,60,'2021-01-09 16:18:57',1,0,1,15.00,0,15.00,15.00,0.00,'بيع',2,'المحل'),(2234,61,'2021-01-09 16:37:04',1,0,1,10.00,0,10.00,10.00,0.00,'بيع',10,'المحل'),(2235,62,'2021-01-09 16:48:33',1,0,1,10.00,0,10.00,10.00,0.00,'بيع',10,'المحل'),(2236,63,'2021-01-09 16:53:17',4,0,1,11.00,0,11.00,11.00,0.00,'بيع',11,'المحل'),(2237,64,'2021-01-09 16:57:05',1,0,1,9.00,0,9.00,9.00,0.00,'بيع',9,'المحل'),(2238,65,'2021-01-09 17:00:31',1,0,1,15.00,0,15.00,15.00,0.00,'بيع',15,'المحل'),(2239,66,'2021-01-09 17:10:55',2,0,1,10.00,0,10.00,10.00,0.00,'بيع',10,'المحل'),(2240,67,'2021-01-09 17:17:05',1,0,1,5.00,0,5.00,5.00,0.00,'بيع',5,'المحل'),(2241,68,'2021-01-09 17:34:39',1,0,1,10.00,0,10.00,10.00,0.00,'بيع',10,'المحل'),(2242,69,'2021-01-09 17:39:06',1,0,1,25.50,0,25.50,25.50,0.00,'بيع',26,'المحل'),(2243,70,'2021-01-09 17:41:00',1,0,1,5.00,0,5.00,5.00,0.00,'بيع',5,'المحل'),(2244,71,'2021-01-09 17:42:54',1,0,1,5.00,0,5.00,5.00,0.00,'بيع',5,'المحل'),(2245,72,'2021-01-09 17:55:29',2,0,1,20.00,0,20.00,20.00,0.00,'بيع',20,'المحل'),(2246,73,'2021-01-09 18:03:32',1,0,1,16.00,0,16.00,16.00,0.00,'بيع',16,'المحل'),(2247,74,'2021-01-09 18:04:45',1,0,1,5.00,0,5.00,5.00,0.00,'بيع',5,'المحل'),(2248,75,'2021-01-09 18:20:26',3,0,1,22.00,0,22.00,22.00,0.00,'بيع',11,'المحل'),(2249,76,'2021-01-09 18:32:45',2,0,1,20.00,0,20.00,20.00,0.00,'بيع',20,'المحل'),(2250,77,'2021-01-09 18:33:05',2,0,1,14.00,0,14.00,14.00,0.00,'بيع',14,'المحل'),(2251,78,'2021-01-09 18:41:41',1,0,1,3.00,0,3.00,3.00,0.00,'بيع',3,'المحل'),(2252,79,'2021-01-09 18:42:04',1,0,1,5.00,0,5.00,5.00,0.00,'بيع',5,'المحل'),(2254,81,'2021-01-09 19:17:06',1,0,1,5.00,0,5.00,5.00,0.00,'بيع',5,'المحل'),(2255,82,'2021-01-09 19:20:07',1,0,1,170.00,0,170.00,170.00,0.00,'بيع',170,'المحل'),(2256,83,'2021-01-09 19:21:43',2,0,1,10.00,0,10.00,10.00,0.00,'بيع',10,'المحل'),(2257,84,'2021-01-09 19:24:45',1,0,1,20.00,0,20.00,20.00,0.00,'بيع',20,'المحل'),(2258,85,'2021-01-09 19:27:18',3,0,1,20.00,0,20.00,20.00,0.00,'بيع',20,'المحل'),(2259,86,'2021-01-09 19:27:58',2,0,1,10.00,0,10.00,10.00,0.00,'بيع',10,'المحل'),(2260,87,'2021-01-09 19:31:57',1,0,1,5.00,0,5.00,5.00,0.00,'بيع',5,'المحل'),(2261,88,'2021-01-09 19:35:33',1,0,1,12.00,0,12.00,12.00,0.00,'بيع',5,'المحل'),(2262,89,'2021-01-09 19:51:46',1,0,1,5.00,0,5.00,5.00,0.00,'بيع',5,'المحل'),(2263,90,'2021-01-09 20:18:08',1,0,1,10.00,0,10.00,10.00,0.00,'بيع',10,'المحل'),(2264,91,'2021-01-09 20:20:59',2,0,1,21.00,0,21.00,21.00,0.00,'بيع',21,'المحل'),(2265,92,'2021-01-09 20:26:38',2,0,1,60.00,0,60.00,60.00,0.00,'بيع',60,'المحل'),(2267,94,'2021-01-09 20:47:55',1,0,1,12.00,0,12.00,12.00,0.00,'بيع',12,'المحل'),(2268,95,'2021-01-09 20:49:20',1,0,1,5.00,0,5.00,5.00,0.00,'بيع',5,'المحل'),(2269,96,'2021-01-09 20:50:47',1,0,1,30.00,0,30.00,30.00,0.00,'بيع',30,'المحل'),(2270,97,'2021-01-09 20:54:05',1,0,1,5.00,0,5.00,5.00,0.00,'بيع',5,'المحل'),(2271,98,'2021-01-09 21:01:29',1,36839,1,3.00,0,3.00,3.00,0.00,'بيع',3,'المحل'),(2272,99,'2021-01-09 21:07:33',1,0,1,17.00,0,17.00,17.00,0.00,'بيع',17,'المحل'),(2273,100,'2021-01-09 21:11:00',1,0,1,10.00,0,10.00,10.00,0.00,'بيع',10,'المحل'),(2275,102,'2021-01-09 21:11:43',2,43895,1,20.00,0,20.00,20.00,0.00,'بيع',20,'المحل'),(2276,103,'2021-01-09 21:16:55',1,0,1,5.00,0,5.00,5.00,0.00,'بيع',5,'المحل'),(2277,104,'2021-01-09 21:19:45',1,69527,1,15.00,0,15.00,15.00,0.00,'بيع',6,'المحل'),(2279,106,'2021-01-09 21:58:29',1,45832,1,17.00,0,17.00,17.00,0.00,'بيع',17,'المحل'),(2280,107,'2021-01-09 21:59:53',1,69527,1,5.00,0,5.00,5.00,0.00,'بيع',5,'المحل'),(2281,108,'2021-01-09 23:23:05',1,0,1,35.00,0,35.00,35.00,0.00,'بيع',35,'المحل'),(2282,109,'2021-01-09 23:25:31',1,0,1,30.00,0,30.00,30.00,0.00,'بيع',30,'المحل'),(2283,1,'2021-01-10 19:13:02',1,52239,1,4.00,0,4.00,4.00,0.00,'بيع',4,'المحل'),(2284,1,'2021-01-12 23:23:47',2,51784,1,570.00,0,570.00,570.00,0.00,'شراء',0,'الدرج'),(2285,1,'2021-01-13 18:27:24',1,0,1,8.00,0,8.00,8.00,0.00,'بيع',8,'المحل'),(2286,1,'2021-01-16 14:50:32',4,96628,1,2062.90,0,2062.90,2062.90,0.00,'شراء',0,'البيت'),(2287,1,'2021-01-16 16:41:07',5,19719,1,269.00,9,260.00,260.00,0.00,'بيع',269,'المحل'),(2288,2,'2021-01-16 16:42:40',3,96628,1,521.00,0,521.00,521.00,0.00,'شراء',0,'jessy'),(2289,1,'2021-01-18 16:39:46',2,96628,1,1760.00,0,1760.00,1760.00,0.00,'شراء',0,'jessy'),(2290,1,'2021-01-25 17:47:46',1,96628,1,960.00,0,960.00,960.00,0.00,'شراء',0,'الدرج'),(2292,2,'2021-01-25 18:53:15',1,52241,1,480.00,0,480.00,480.00,0.00,'شراء',0,'الدرج'),(2293,1,'2021-01-26 19:59:12',2,55156,1,30.00,0,30.00,30.00,0.00,'بيع',5,'الدرج'),(2294,1,'2021-01-26 23:11:10',1,51784,1,204.00,0,204.00,0.00,204.00,'شراء',0,'الدرج'),(2295,1,'2021-01-28 18:43:59',1,55156,1,30.00,0,30.00,30.00,0.00,'بيع',30,'الدرج'),(2296,2,'2021-01-28 18:52:34',3,55156,1,116.00,0,116.00,116.00,0.00,'بيع',116,'الدرج'),(2297,3,'2021-01-28 18:52:30',3,52239,1,116.00,0,116.00,116.00,0.00,'بيع',116,'الدرج'),(2298,1,'2021-01-30 01:49:07',1,0,1,6.00,0,6.00,6.00,0.00,'بيع',1,'الدرج'),(2299,1,'2021-01-30 01:49:35',1,51784,1,30.00,0,30.00,30.00,0.00,'شراء',0,'الدرج'),(2300,2,'2021-01-30 01:55:36',3,0,1,35.00,0,35.00,35.00,0.00,'بيع',8,'الدرج'),(2301,2,'2021-01-30 01:56:05',1,96628,1,32.00,0,32.00,32.00,0.00,'شراء',0,'الدرج'),(2302,3,'2021-01-30 11:26:03',1,0,1,5.00,0,5.00,5.00,0.00,'بيع',5,'الدرج'),(2303,4,'2021-01-30 11:31:41',1,0,1,25.00,0,25.00,25.00,0.00,'بيع',5,'الدرج'),(2304,5,'2021-01-30 11:36:00',1,0,1,11.00,0,11.00,11.00,0.00,'بيع',6,'الدرج'),(2305,6,'2021-01-30 16:33:38',2,1,1,27.00,0,27.00,27.00,0.00,'بيع',27,'الدرج'),(2306,1,'2021-02-01 16:10:55',4,54957,1,26.00,0,26.00,26.00,0.00,'بيع',26,'الدرج'),(2307,1,'2021-02-02 17:00:05',1,54957,1,15.00,0,15.00,15.00,0.00,'بيع',15,'الدرج'),(2308,1,'2021-02-04 14:19:44',1,0,1,10.00,0,10.00,10.00,0.00,'بيع',10,'الدرج'),(2309,1,'2021-02-04 14:21:27',1,51784,1,400.00,0,400.00,400.00,0.00,'شراء',-20,'الدرج'),(2310,2,'2021-02-04 23:56:46',1,56791,1,20.00,0,20.00,20.00,0.00,'بيع',20,'الدرج'),(2311,3,'2021-02-04 23:57:30',1,56791,1,30.00,0,30.00,30.00,0.00,'بيع',30,'الدرج'),(2312,4,'2021-02-04 23:57:41',2,56791,1,20.00,0,20.00,20.00,0.00,'بيع',20,'الدرج'),(2313,5,'2021-02-04 23:57:53',1,56791,1,17.00,0,17.00,17.00,0.00,'بيع',17,'الدرج'),(2314,1,'2021-02-05 00:04:47',2,52239,1,15.00,0,15.00,15.00,0.00,'بيع',15,'الدرج'),(2315,2,'2021-02-05 20:53:46',1,55156,1,10.00,0,10.00,10.00,0.00,'بيع',10,'الدرج'),(2316,3,'2021-02-05 20:53:58',1,55156,1,5.00,0,5.00,5.00,0.00,'بيع',5,'الدرج'),(2317,4,'2021-02-05 20:54:23',1,55156,1,8.00,0,8.00,8.00,0.00,'بيع',2,'الدرج'),(2318,5,'2021-02-05 21:01:21',1,52239,1,15.00,0,15.00,15.00,0.00,'بيع',15,'الدرج'),(2319,6,'2021-02-05 21:01:33',1,52239,1,10.00,0,10.00,10.00,0.00,'بيع',10,'الدرج'),(2320,1,'2021-02-13 21:04:06',4,0,1,675.00,0,675.00,675.00,0.00,'بيع',139,'الدرج'),(2321,2,'2021-02-13 21:05:25',4,45832,1,77.00,0,77.00,30.00,47.00,'بيع',18,'الدرج'),(2322,3,'2021-02-13 21:05:40',5,0,1,61.00,0,61.00,61.00,0.00,'بيع',61,'الدرج'),(2323,1,'2021-02-13 21:06:26',3,51784,1,7860.00,0,7860.00,7860.00,0.00,'شراء',0,'البيت'),(2324,4,'2021-02-13 21:32:58',4,55156,1,107.00,0,107.00,107.00,0.00,'بيع',107,'الدرج'),(2325,1,'2021-02-15 14:59:48',3,96628,1,5232.00,0,5232.00,5232.00,0.00,'شراء',0,'البيت'),(2326,1,'2021-04-01 20:40:39',4,0,1,195.00,50,145.00,145.00,0.00,'بيع',195,'الدرج'),(2327,1,'2021-05-23 22:11:59',1,55156,1,40.00,10,30.00,30.00,0.00,'بيع',12,'الدرج'),(2328,1,'2021-05-23 22:41:56',1,52241,1,115.00,15,100.00,100.00,0.00,'شراء',0,'الدرج'),(2329,2,'2021-05-23 22:43:54',1,0,1,40.00,5,35.00,0.00,35.00,'بيع',40,'الدرج'),(2330,1,'2021-06-10 17:26:15',2,96828,1,560.00,0,560.00,560.00,0.00,'شراء',0,'الدرج'),(2331,1,'2021-06-29 16:49:20',4,0,1,132.00,0,132.00,132.00,0.00,'بيع',44,'الدرج'),(2332,1,'2023-06-24 18:52:41',2,96628,1,145.00,0,145.00,145.00,0.00,'شراء',0,'jessy'),(2333,2,'2023-06-24 19:15:34',1,96628,1,150.00,0,150.00,150.00,0.00,'شراء',0,'jessy'),(2334,1,'2023-06-24 19:17:45',3,55156,1,35.00,0,35.00,35.00,0.00,'بيع',35,'الدرج');
/*!40000 ALTER TABLE `bill` ENABLE KEYS */;
UNLOCK TABLES;

--
-- Table structure for table `bill_buy_info`
--

DROP TABLE IF EXISTS `bill_buy_info`;
/*!40101 SET @saved_cs_client     = @@character_set_client */;
/*!50503 SET character_set_client = utf8mb4 */;
CREATE TABLE `bill_buy_info` (
  `item` varchar(50) NOT NULL,
  `bill` int NOT NULL,
  `unit` varchar(50) NOT NULL,
  `unit_price` decimal(10,2) NOT NULL,
  `num_total` decimal(10,2) NOT NULL,
  `total_price` decimal(10,2) NOT NULL,
  `date_end` varchar(20) DEFAULT NULL,
  KEY `bill` (`bill`),
  KEY `item` (`item`),
  CONSTRAINT `bill_buy_info_ibfk_1` FOREIGN KEY (`bill`) REFERENCES `bill` (`id`) ON DELETE CASCADE ON UPDATE CASCADE,
  CONSTRAINT `bill_buy_info_ibfk_2` FOREIGN KEY (`item`) REFERENCES `item` (`code`)
) ENGINE=InnoDB DEFAULT CHARSET=utf8mb4 COLLATE=utf8mb4_0900_ai_ci;
/*!40101 SET character_set_client = @saved_cs_client */;

--
-- Dumping data for table `bill_buy_info`
--

LOCK TABLES `bill_buy_info` WRITE;
/*!40000 ALTER TABLE `bill_buy_info` DISABLE KEYS */;
INSERT INTO `bill_buy_info` VALUES ('6223000495124',1614,'كبري',50.00,1.00,50.00,NULL),('6223000494264',1614,'كبري',50.00,1.00,50.00,NULL),('6222014332807',1772,'كبري',163.00,1.00,163.00,NULL),('6222014330643',1772,'كبري',163.00,1.00,163.00,NULL),('6222014330650',1772,'كبري',163.00,1.00,163.00,NULL),('6222014330667',1772,'كبري',163.00,1.00,163.00,NULL),('6222014310881',1772,'كبري',109.00,1.00,109.00,NULL),('80050278',1785,'',235.00,1.00,235.00,NULL),('123456',1785,'',240.00,1.00,240.00,NULL),('8692806080298',1785,'',60.00,1.00,60.00,NULL),('8996001301715',1785,'',100.00,1.00,100.00,NULL),('6294003532956',1785,'',145.00,1.00,145.00,NULL),('6294003532987',1785,'',170.00,1.00,170.00,NULL),('6291003088193',1802,'',44.31,13.00,576.03,NULL),('6291003084256',1802,'',437.50,1.00,437.50,NULL),('6291003081903',1802,'',51.00,24.00,1224.00,NULL),('6291003204999',1802,'',51.00,2.00,102.00,NULL),('6291003203527',1802,'',51.00,2.00,102.00,NULL),('8690146139881',1802,'',64.00,2.00,128.00,NULL),('6291003087769',1802,'',0.00,1.00,0.00,NULL),('6291003087707',1802,'',0.00,1.00,0.00,NULL),('4757689136',1838,'كبري',115.00,1.00,115.00,NULL),('80930303',2284,'كبري',150.00,1.00,150.00,NULL),('5410126006049',2284,'كبري',420.00,1.00,420.00,NULL),('5410126256017',2288,'كبري',420.00,1.00,420.00,NULL),('6223000494264',2288,'كبري',50.00,1.00,50.00,NULL),('6291003081903',2288,'كبري',51.00,1.00,51.00,NULL),('5410126006049',2289,'كبري',420.00,3.00,1260.00,'2021-01-20'),('6223000495124',2289,'كبري',50.00,10.00,500.00,'2021-01-19'),('5410126716016',2290,'كبري',480.00,2.00,960.00,'2021-01-25'),('5410126716016',2292,'كبري',480.00,1.00,480.00,'2021-01-25'),('6291003204999',2294,'كبري',51.00,4.00,204.00,'2021-01-26'),('7741635561',2299,'علبة',10.00,3.00,30.00,'2021-08-19'),('5900353244104',2301,'صغري',1.60,20.00,32.00,'2021-01-30'),('4260237350200',2323,'كبري',2700.00,2.00,5400.00,'2021-02-13'),('5410126256017',2323,'كبري',420.00,3.00,1260.00,'2021-02-13'),('8000300401073',2323,'كبري',200.00,6.00,1200.00,'2021-02-13'),('3046920029759',2325,'كبري',450.00,8.00,3600.00,'2021-02-15'),('6291003203527',2325,'كبري',51.00,14.00,714.00,'2021-02-15'),('8534221825',2325,'كبري',306.00,3.00,918.00,'2021-02-15'),('5410126256017',2309,'صغري',40.00,10.00,400.00,'2021-06-11'),('6223001878643',2328,'كبري',115.00,1.00,115.00,'2021-05-23'),('012000801655',2330,'كبري',110.00,1.00,110.00,'2021-09-16'),('6221031490170',2330,'كبري',45.00,10.00,450.00,'2021-09-10'),('6155987831',2332,'كبري',100.00,1.00,100.00,'9/24/2023'),('6221031490170',2332,'كبري',45.00,1.00,45.00,'9/24/2023'),('009800800056',2333,'صغري',15.00,10.00,150.00,'11/28/2024');
/*!40000 ALTER TABLE `bill_buy_info` ENABLE KEYS */;
UNLOCK TABLES;

--
-- Table structure for table `bill_info`
--

DROP TABLE IF EXISTS `bill_info`;
/*!40101 SET @saved_cs_client     = @@character_set_client */;
/*!50503 SET character_set_client = utf8mb4 */;
CREATE TABLE `bill_info` (
  `item` int NOT NULL,
  `bill` int NOT NULL,
  `unit` varchar(50) NOT NULL,
  `unit_price` decimal(10,2) NOT NULL,
  `num_total` decimal(10,2) NOT NULL,
  `total_price` decimal(10,2) NOT NULL,
  KEY `bill` (`bill`),
  KEY `item` (`item`),
  CONSTRAINT `bill_info_ibfk_2` FOREIGN KEY (`bill`) REFERENCES `bill` (`id`) ON DELETE CASCADE ON UPDATE CASCADE,
  CONSTRAINT `bill_info_ibfk_3` FOREIGN KEY (`item`) REFERENCES `shop` (`id`) ON DELETE CASCADE ON UPDATE CASCADE
) ENGINE=InnoDB DEFAULT CHARSET=utf8mb4 COLLATE=utf8mb4_0900_ai_ci;
/*!40101 SET character_set_client = @saved_cs_client */;

--
-- Dumping data for table `bill_info`
--

LOCK TABLES `bill_info` WRITE;
/*!40000 ALTER TABLE `bill_info` DISABLE KEYS */;
INSERT INTO `bill_info` VALUES (374,3,'صغرى',5.00,1.00,5.00),(565,3,'صغرى',5.00,6.00,30.00),(413,3,'صغرى',5.00,2.00,10.00),(413,4,'صغرى',5.00,1.00,5.00),(348,4,'صغرى',5.00,2.00,10.00),(359,4,'صغرى',5.00,1.00,5.00),(358,4,'صغرى',5.00,1.00,5.00),(102,4,'صغرى',5.00,1.00,5.00),(350,5,'صغرى',5.00,1.00,5.00),(349,5,'صغرى',5.00,1.00,5.00),(565,5,'صغرى',5.00,2.00,10.00),(568,5,'صغرى',5.00,1.00,5.00),(547,5,'صغري',2.00,5.00,10.00),(314,6,'صغرى',30.00,2.00,60.00),(289,6,'صغرى',85.00,1.00,85.00),(151,6,'صغرى',50.00,1.00,50.00),(149,6,'صغرى',30.00,2.00,60.00),(527,6,'صغري',28.00,1.00,28.00),(349,7,'صغرى',5.00,1.00,5.00),(568,7,'صغرى',5.00,2.00,10.00),(352,7,'صغرى',5.00,1.00,5.00),(522,8,'صغرى',10.00,2.00,20.00),(184,10,'صغرى',3.00,2.00,6.00),(359,10,'صغرى',5.00,1.00,5.00),(357,11,'صغرى',5.00,1.00,5.00),(371,12,'صغرى',5.00,1.00,5.00),(35,13,'صغرى',55.00,1.00,55.00),(521,14,'صغرى',10.00,2.00,20.00),(135,15,'صغرى',5.00,2.00,10.00),(136,15,'صغرى',5.00,2.00,10.00),(414,16,'صغرى',3.00,1.00,3.00),(234,17,'صغرى',30.00,1.00,30.00),(556,17,'صغرى',15.00,1.00,15.00),(69,18,'صغرى',8.00,1.00,8.00),(359,19,'صغرى',5.00,1.00,5.00),(568,19,'صغرى',5.00,1.00,5.00),(328,20,'صغرى',5.00,1.00,5.00),(371,20,'صغرى',5.00,1.00,5.00),(328,22,'صغرى',5.00,2.00,10.00),(80,23,'صغرى',12.00,1.00,12.00),(3,23,'صغرى',25.00,1.00,25.00),(54,23,'صغرى',25.00,1.00,25.00),(513,23,'صغرى',25.00,1.00,25.00),(270,23,'صغرى',12.00,2.00,24.00),(328,24,'صغرى',5.00,2.00,10.00),(116,25,'صغرى',15.00,1.00,15.00),(107,26,'صغرى',2.00,1.00,2.00),(323,28,'صغرى',20.00,1.00,20.00),(107,29,'صغرى',2.00,7.00,14.00),(280,30,'صغرى',15.00,1.00,15.00),(180,30,'صغرى',13.00,1.00,13.00),(374,30,'صغرى',5.00,1.00,5.00),(249,31,'صغرى',6.00,2.00,12.00),(180,31,'صغرى',13.00,2.00,26.00),(148,31,'صغرى',7.00,1.00,7.00),(188,31,'صغرى',5.00,1.00,5.00),(374,32,'صغرى',5.00,2.00,10.00),(279,33,'صغرى',15.00,1.00,15.00),(366,34,'صغرى',6.00,1.00,6.00),(102,35,'صغرى',5.00,1.00,5.00),(83,36,'صغرى',5.00,1.00,5.00),(417,36,'صغرى',1.00,1.00,1.00),(374,36,'صغرى',5.00,4.00,20.00),(367,36,'صغرى',5.00,1.00,5.00),(370,36,'صغرى',5.00,2.00,10.00),(163,37,'صغرى',5.00,2.00,10.00),(213,37,'صغرى',3.00,2.00,6.00),(99,37,'صغرى',2.00,2.00,4.00),(154,37,'صغرى',3.00,2.00,6.00),(111,38,'صغرى',2.00,2.00,4.00),(207,38,'صغرى',2.00,1.00,2.00),(523,39,'صغري',3.00,1.00,3.00),(111,39,'صغرى',2.00,1.00,2.00),(353,39,'صغرى',5.00,1.00,5.00),(565,40,'صغرى',5.00,1.00,5.00),(350,40,'صغرى',5.00,1.00,5.00),(349,40,'صغرى',5.00,1.00,5.00),(564,40,'صغرى',5.00,1.00,5.00),(352,40,'صغرى',5.00,1.00,5.00),(345,40,'صغرى',10.00,1.00,10.00),(413,41,'صغرى',5.00,2.00,10.00),(105,41,'صغرى',2.00,4.00,8.00),(568,41,'صغرى',5.00,2.00,10.00),(349,41,'صغرى',5.00,1.00,5.00),(565,41,'صغرى',5.00,1.00,5.00),(348,41,'صغرى',5.00,1.00,5.00),(148,41,'صغرى',7.00,1.00,7.00),(414,41,'صغرى',3.00,4.00,12.00),(355,41,'صغرى',4.00,6.00,24.00),(98,41,'صغرى',2.00,4.00,8.00),(81,41,'صغرى',5.00,1.00,5.00),(364,41,'صغرى',7.00,5.00,35.00),(360,41,'صغرى',6.00,1.00,6.00),(358,41,'صغرى',5.00,1.00,5.00),(374,41,'صغرى',5.00,3.00,15.00),(282,41,'صغرى',15.00,2.00,30.00),(102,41,'صغرى',5.00,1.00,5.00),(354,41,'صغرى',3.00,2.00,6.00),(274,41,'صغرى',30.00,1.00,30.00),(414,42,'صغرى',3.00,1.00,3.00),(297,42,'صغرى',25.00,1.00,25.00),(413,42,'صغرى',5.00,1.00,5.00),(352,43,'صغرى',5.00,2.00,10.00),(374,43,'صغرى',5.00,1.00,5.00),(366,43,'صغرى',6.00,1.00,6.00),(414,43,'صغرى',3.00,1.00,3.00),(360,43,'صغرى',6.00,1.00,6.00),(361,43,'صغرى',6.00,1.00,6.00),(159,44,'صغرى',5.00,1.00,5.00),(398,44,'صغرى',5.00,1.00,5.00),(417,44,'صغرى',1.00,1.00,1.00),(360,44,'صغرى',6.00,1.00,6.00),(354,44,'صغرى',3.00,1.00,3.00),(355,44,'صغرى',4.00,1.00,4.00),(521,44,'صغرى',10.00,1.00,10.00),(385,44,'صغرى',5.00,1.00,5.00),(515,44,'صغرى',5.00,1.00,5.00),(414,44,'صغرى',3.00,1.00,3.00),(374,44,'صغرى',5.00,1.00,5.00),(182,44,'صغرى',5.00,1.00,5.00),(111,44,'صغرى',2.00,1.00,2.00),(204,44,'صغرى',15.00,1.00,15.00),(328,45,'صغرى',5.00,1.00,5.00),(279,45,'صغرى',15.00,1.00,15.00),(275,45,'صغرى',30.00,1.00,30.00),(341,46,'صغرى',7.00,2.00,14.00),(342,46,'صغرى',7.00,1.00,7.00),(343,46,'صغرى',7.00,1.00,7.00),(344,46,'صغرى',7.00,1.00,7.00),(350,46,'صغرى',5.00,1.00,5.00),(374,47,'صغرى',5.00,2.00,10.00),(368,47,'صغرى',5.00,3.00,15.00),(374,48,'صغرى',5.00,1.00,5.00),(413,49,'صغرى',5.00,1.00,5.00),(353,50,'صغرى',5.00,1.00,5.00),(175,51,'صغرى',10.00,1.00,10.00),(307,52,'صغرى',20.00,1.00,20.00),(98,53,'صغرى',2.00,1.00,2.00),(573,53,'صغرى',6.00,1.00,6.00),(414,53,'صغرى',3.00,2.00,6.00),(572,53,'صغرى',3.00,12.00,36.00),(572,55,'صغرى',3.00,4.00,12.00),(344,55,'صغرى',7.00,4.00,28.00),(413,55,'صغرى',5.00,2.00,10.00),(363,56,'صغرى',8.00,2.00,16.00),(371,56,'صغرى',5.00,1.00,5.00),(99,56,'صغرى',2.00,2.00,4.00),(193,56,'صغرى',5.00,1.00,5.00),(207,57,'صغرى',2.00,1.00,2.00),(369,58,'صغرى',5.00,1.00,5.00),(385,58,'صغرى',5.00,1.00,5.00),(101,58,'صغرى',5.00,1.00,5.00),(413,59,'صغرى',5.00,1.00,5.00),(159,60,'صغرى',5.00,3.00,15.00),(569,60,'صغرى',12.00,1.00,12.00),(374,61,'صغرى',4.00,24.00,96.00),(372,61,'صغرى',4.00,24.00,96.00),(342,61,'صغرى',7.00,2.00,14.00),(343,61,'صغرى',7.00,1.00,7.00),(106,62,'صغرى',2.00,1.00,2.00),(108,62,'صغرى',3.00,1.00,3.00),(417,63,'صغرى',1.00,1.00,1.00),(384,64,'صغرى',3.00,2.00,6.00),(148,64,'صغرى',7.00,1.00,7.00),(155,64,'صغرى',12.00,1.00,12.00),(154,64,'صغرى',3.00,2.00,6.00),(156,64,'صغرى',12.00,1.00,12.00),(151,64,'صغرى',25.00,1.00,25.00),(573,65,'صغرى',6.00,1.00,6.00),(384,66,'صغرى',3.00,1.00,3.00),(184,67,'صغرى',3.00,1.00,3.00),(181,67,'صغرى',5.00,1.00,5.00),(148,68,'صغرى',7.00,1.00,7.00),(154,68,'صغرى',3.00,6.00,18.00),(342,68,'صغرى',7.00,1.00,7.00),(263,69,'صغرى',65.00,1.00,65.00),(154,69,'صغرى',3.00,1.00,3.00),(364,70,'صغرى',7.00,2.00,14.00),(341,71,'صغرى',7.00,7.00,49.00),(343,71,'صغرى',7.00,1.00,7.00),(335,72,'صغرى',5.00,2.00,10.00),(333,72,'صغرى',5.00,1.00,5.00),(272,74,'صغرى',1.00,2.00,2.00),(385,76,'صغرى',5.00,2.00,10.00),(345,77,'صغرى',10.00,1.00,10.00),(99,78,'صغرى',2.00,1.00,2.00),(342,79,'صغرى',7.00,2.00,14.00),(343,79,'صغرى',7.00,2.00,14.00),(344,79,'صغرى',7.00,1.00,7.00),(572,79,'صغرى',3.00,5.00,15.00),(385,80,'صغرى',5.00,1.00,5.00),(210,81,'صغرى',25.00,1.00,25.00),(165,81,'صغرى',10.00,1.00,10.00),(174,81,'صغرى',10.00,1.00,10.00),(170,81,'صغرى',10.00,1.00,10.00),(307,82,'صغرى',20.00,1.00,20.00),(288,82,'صغرى',3.00,2.00,6.00),(578,83,'صغرى',5.00,1.00,5.00),(356,84,'صغرى',5.00,2.00,10.00),(253,84,'صغرى',5.00,2.00,10.00),(360,85,'صغرى',6.00,1.00,6.00),(102,85,'صغرى',5.00,2.00,10.00),(101,85,'صغرى',5.00,1.00,5.00),(413,85,'صغرى',5.00,1.00,5.00),(82,86,'صغرى',5.00,2.00,10.00),(209,86,'صغرى',25.00,1.00,25.00),(104,87,'صغرى',3.00,2.00,6.00),(24,88,'صغرى',5.00,1.00,5.00),(515,89,'صغرى',5.00,2.00,10.00),(343,90,'صغرى',7.00,14.00,98.00),(207,90,'صغرى',2.00,1.00,2.00),(534,91,'صغري',45.00,1.00,45.00),(413,92,'صغرى',5.00,1.00,5.00),(272,93,'صغرى',1.00,2.00,2.00),(345,94,'صغرى',10.00,1.00,10.00),(579,95,'صغرى',3.00,3.00,9.00),(356,96,'صغرى',5.00,2.00,10.00),(101,96,'صغرى',5.00,1.00,5.00),(108,96,'صغرى',3.00,1.00,3.00),(384,97,'صغرى',3.00,2.00,6.00),(523,97,'صغري',3.00,2.00,6.00),(348,97,'صغرى',5.00,2.00,10.00),(579,98,'صغرى',3.00,2.00,6.00),(298,98,'صغرى',22.00,2.00,44.00),(272,99,'صغرى',1.00,5.00,5.00),(83,100,'صغرى',5.00,1.00,5.00),(181,100,'صغرى',5.00,1.00,5.00),(297,102,'صغرى',25.00,1.00,25.00),(122,103,'صغرى',20.00,2.00,40.00),(288,103,'صغرى',3.00,3.00,9.00),(101,103,'صغرى',5.00,1.00,5.00),(212,103,'صغرى',3.00,2.00,6.00),(516,104,'1',60.00,1.00,60.00),(131,104,'صغرى',10.00,5.00,50.00),(572,104,'صغرى',3.00,3.00,9.00),(292,104,'صغرى',3.00,1.00,3.00),(88,104,'صغرى',5.00,2.00,10.00),(92,104,'صغرى',5.00,1.00,5.00),(577,104,'صغرى',50.00,2.00,100.00),(240,104,'صغرى',35.00,1.00,35.00),(213,104,'صغرى',3.00,2.00,6.00),(212,104,'صغرى',3.00,2.00,6.00),(253,104,'صغرى',5.00,4.00,20.00),(220,104,'صغرى',15.00,3.00,45.00),(358,104,'صغرى',5.00,3.00,15.00),(357,104,'صغرى',5.00,2.00,10.00),(331,104,'صغرى',3.00,3.00,9.00),(329,104,'صغرى',17.00,1.00,17.00),(345,104,'صغرى',10.00,2.00,20.00),(576,104,'صغرى',5.00,1.00,5.00),(398,104,'صغرى',5.00,1.00,5.00),(344,106,'صغرى',7.00,1.00,7.00),(342,106,'صغرى',7.00,2.00,14.00),(341,106,'صغرى',7.00,1.00,7.00),(343,106,'صغرى',7.00,1.00,7.00),(93,106,'صغرى',5.00,1.00,5.00),(68,106,'صغرى',8.00,1.00,8.00),(207,106,'صغرى',2.00,1.00,2.00),(374,106,'صغرى',5.00,2.00,10.00),(578,106,'صغرى',5.00,1.00,5.00),(358,106,'صغرى',5.00,1.00,5.00),(350,106,'صغرى',5.00,1.00,5.00),(24,106,'صغرى',5.00,1.00,5.00),(515,106,'صغرى',5.00,1.00,5.00),(102,106,'صغرى',5.00,1.00,5.00),(366,107,'صغرى',6.00,2.00,12.00),(102,107,'صغرى',5.00,1.00,5.00),(413,108,'صغرى',5.00,2.00,10.00),(364,109,'صغرى',7.00,2.00,14.00),(148,110,'صغرى',7.00,1.00,7.00),(117,110,'صغرى',15.00,1.00,15.00),(249,110,'صغرى',6.00,2.00,12.00),(121,110,'صغرى',20.00,1.00,20.00),(361,111,'صغرى',6.00,1.00,6.00),(360,111,'صغرى',6.00,1.00,6.00),(144,112,'صغرى',5.00,1.00,5.00),(576,114,'صغرى',5.00,1.00,5.00),(370,114,'صغرى',5.00,1.00,5.00),(413,114,'صغرى',5.00,1.00,5.00),(515,115,'صغرى',5.00,2.00,10.00),(111,115,'صغرى',2.00,2.00,4.00),(356,116,'صغرى',5.00,1.00,5.00),(165,116,'صغرى',10.00,1.00,10.00),(254,116,'صغرى',10.00,1.00,10.00),(344,117,'صغرى',7.00,2.00,14.00),(578,118,'صغرى',5.00,2.00,10.00),(119,119,'صغرى',5.00,2.00,10.00),(120,119,'صغرى',5.00,2.00,10.00),(578,120,'صغرى',5.00,1.00,5.00),(171,121,'صغرى',12.00,2.00,24.00),(398,121,'صغرى',5.00,1.00,5.00),(576,121,'صغرى',5.00,1.00,5.00),(579,121,'صغرى',3.00,1.00,3.00),(579,122,'صغرى',3.00,1.00,3.00),(207,122,'صغرى',2.00,1.00,2.00),(363,122,'صغرى',8.00,1.00,8.00),(354,122,'صغرى',3.00,1.00,3.00),(366,123,'صغرى',6.00,2.00,12.00),(367,125,'صغرى',5.00,1.00,5.00),(373,125,'صغرى',5.00,1.00,5.00),(344,126,'صغرى',7.00,3.00,21.00),(341,126,'صغرى',7.00,1.00,7.00),(342,126,'صغرى',7.00,1.00,7.00),(343,126,'صغرى',7.00,1.00,7.00),(207,126,'صغرى',2.00,1.00,2.00),(357,127,'صغرى',5.00,1.00,5.00),(374,128,'صغرى',5.00,1.00,5.00),(367,130,'صغرى',5.00,3.00,15.00),(366,130,'صغرى',6.00,7.00,42.00),(207,130,'صغرى',2.00,2.00,4.00),(579,131,'صغرى',3.00,1.00,3.00),(374,131,'صغرى',5.00,2.00,10.00),(584,132,'صغرى',15.00,2.00,30.00),(580,132,'صغرى',10.00,2.00,20.00),(585,132,'صغرى',5.00,1.00,5.00),(579,132,'صغرى',3.00,1.00,3.00),(579,133,'صغرى',3.00,1.00,3.00),(3,134,'صغرى',25.00,1.00,25.00),(574,134,'صغرى',12.00,1.00,12.00),(246,135,'صغرى',25.00,1.00,25.00),(247,135,'صغرى',25.00,1.00,25.00),(580,136,'صغرى',10.00,1.00,10.00),(122,137,'صغرى',20.00,3.00,60.00),(580,138,'صغرى',10.00,1.00,10.00),(586,138,'صغرى',5.00,1.00,5.00),(297,139,'صغرى',25.00,1.00,25.00),(273,140,'صغرى',30.00,1.00,30.00),(111,141,'صغرى',2.00,1.00,2.00),(104,142,'صغرى',3.00,1.00,3.00),(318,143,'صغرى',20.00,1.00,20.00),(323,143,'صغرى',20.00,1.00,20.00),(565,144,'صغرى',5.00,1.00,5.00),(384,144,'صغرى',3.00,1.00,3.00),(207,144,'صغرى',2.00,1.00,2.00),(580,145,'صغرى',10.00,2.00,20.00),(104,146,'صغرى',3.00,1.00,3.00),(207,146,'صغرى',2.00,1.00,2.00),(111,147,'صغرى',2.00,2.00,4.00),(272,147,'صغرى',1.00,1.00,1.00),(52,148,'صغرى',90.00,1.00,90.00),(398,149,'صغرى',5.00,1.00,5.00),(578,151,'صغرى',5.00,3.00,15.00),(345,152,'صغرى',10.00,1.00,10.00),(346,152,'صغرى',10.00,1.00,10.00),(384,153,'صغرى',3.00,1.00,3.00),(139,154,'صغرى',5.00,1.00,5.00),(151,154,'صغرى',25.00,1.00,25.00),(351,155,'صغرى',5.00,1.00,5.00),(357,155,'صغرى',5.00,1.00,5.00),(128,156,'صغرى',4.00,1.00,4.00),(272,157,'صغرى',1.00,1.00,1.00),(333,158,'صغرى',5.00,1.00,5.00),(413,159,'صغرى',5.00,1.00,5.00),(104,160,'صغرى',3.00,1.00,3.00),(110,160,'صغرى',2.00,1.00,2.00),(594,161,'صغرى',15.00,1.00,15.00),(580,162,'صغرى',10.00,2.00,20.00),(602,162,'صغرى',10.00,1.00,10.00),(345,163,'صغرى',10.00,1.00,10.00),(374,164,'صغرى',5.00,1.00,5.00),(583,165,'صغرى',10.00,3.00,30.00),(337,166,'صغرى',3.00,5.00,15.00),(346,166,'صغرى',10.00,1.00,10.00),(385,166,'صغرى',5.00,1.00,5.00),(565,166,'صغرى',5.00,5.00,25.00),(352,166,'صغرى',5.00,5.00,25.00),(566,166,'صغرى',5.00,5.00,25.00),(413,166,'صغرى',5.00,1.00,5.00),(413,167,'صغرى',5.00,1.00,5.00),(523,169,'صغري',3.00,1.00,3.00),(111,169,'صغرى',2.00,1.00,2.00),(102,169,'صغرى',5.00,2.00,10.00),(413,169,'صغرى',5.00,1.00,5.00),(99,169,'صغرى',2.00,4.00,8.00),(105,169,'صغرى',2.00,6.00,12.00),(548,169,'صغرى',5.00,5.00,25.00),(355,169,'صغرى',4.00,5.00,20.00),(353,169,'صغرى',5.00,3.00,15.00),(354,169,'صغرى',3.00,3.00,9.00),(85,169,'صغرى',20.00,1.00,20.00),(93,169,'صغرى',5.00,1.00,5.00),(385,169,'صغرى',5.00,2.00,10.00),(98,169,'صغرى',2.00,3.00,6.00),(384,169,'صغرى',3.00,1.00,3.00),(100,169,'صغرى',3.00,1.00,3.00),(297,169,'صغرى',25.00,1.00,25.00),(135,169,'صغرى',5.00,1.00,5.00),(134,169,'صغرى',5.00,1.00,5.00),(117,169,'صغرى',15.00,1.00,15.00),(201,169,'صغرى',5.00,2.00,10.00),(579,169,'صغرى',3.00,1.00,3.00),(25,169,'صغرى',8.00,2.00,16.00),(70,169,'صغرى',8.00,2.00,16.00),(250,169,'صغرى',15.00,2.00,30.00),(148,169,'صغرى',7.00,1.00,7.00),(272,169,'صغرى',1.00,1.00,1.00),(207,169,'صغرى',2.00,1.00,2.00),(348,170,'صغرى',5.00,2.00,10.00),(565,170,'صغرى',5.00,5.00,25.00),(350,170,'صغرى',5.00,4.00,20.00),(579,170,'صغرى',3.00,5.00,15.00),(167,170,'صغرى',5.00,1.00,5.00),(413,170,'صغرى',5.00,1.00,5.00),(352,170,'صغرى',5.00,1.00,5.00),(384,170,'صغرى',3.00,1.00,3.00),(92,170,'صغرى',5.00,1.00,5.00),(350,171,'صغرى',5.00,1.00,5.00),(283,171,'صغرى',15.00,1.00,15.00),(282,171,'صغرى',15.00,1.00,15.00),(102,171,'صغرى',5.00,2.00,10.00),(583,172,'صغرى',10.00,1.00,10.00),(576,173,'صغرى',5.00,1.00,5.00),(413,174,'صغرى',5.00,1.00,5.00),(355,174,'صغرى',4.00,2.00,8.00),(417,175,'صغرى',1.00,2.00,2.00),(297,176,'صغرى',25.00,1.00,25.00),(343,176,'صغرى',7.00,1.00,7.00),(251,176,'صغرى',15.00,1.00,15.00),(576,176,'صغرى',5.00,1.00,5.00),(398,176,'صغرى',5.00,1.00,5.00),(413,176,'صغرى',5.00,1.00,5.00),(579,176,'صغرى',3.00,1.00,3.00),(272,176,'صغرى',1.00,2.00,2.00),(580,176,'صغرى',10.00,1.00,10.00),(344,177,'صغرى',7.00,3.00,21.00),(341,177,'صغرى',7.00,3.00,21.00),(272,177,'صغرى',1.00,3.00,3.00),(515,178,'صغرى',5.00,1.00,5.00),(565,178,'صغرى',5.00,1.00,5.00),(374,178,'صغرى',5.00,1.00,5.00),(297,178,'صغرى',25.00,1.00,25.00),(279,179,'صغرى',15.00,1.00,15.00),(360,179,'صغرى',6.00,1.00,6.00),(170,179,'صغرى',10.00,2.00,20.00),(576,180,'صغرى',5.00,1.00,5.00),(413,181,'صغرى',5.00,1.00,5.00),(272,182,'صغرى',1.00,1.00,1.00),(384,183,'صغرى',3.00,1.00,3.00),(385,183,'صغرى',5.00,1.00,5.00),(413,184,'صغرى',5.00,1.00,5.00),(413,185,'صغرى',5.00,2.00,10.00),(398,185,'صغرى',5.00,2.00,10.00),(348,186,'صغرى',5.00,1.00,5.00),(574,187,'صغرى',12.00,1.00,12.00),(350,187,'صغرى',5.00,2.00,10.00),(349,187,'صغرى',5.00,1.00,5.00),(358,187,'صغرى',5.00,2.00,10.00),(579,187,'صغرى',3.00,2.00,6.00),(358,188,'صغرى',5.00,1.00,5.00),(547,188,'صغري',2.00,1.00,2.00),(107,188,'صغرى',2.00,1.00,2.00),(374,189,'صغرى',5.00,1.00,5.00),(417,190,'صغرى',1.00,1.00,1.00),(204,191,'صغرى',15.00,1.00,15.00),(201,192,'صغرى',5.00,3.00,15.00),(102,193,'صغرى',5.00,1.00,5.00),(515,194,'صغرى',5.00,1.00,5.00),(102,194,'صغرى',5.00,1.00,5.00),(413,195,'صغرى',5.00,1.00,5.00),(184,196,'صغرى',3.00,1.00,3.00),(586,197,'صغرى',5.00,1.00,5.00),(108,198,'صغرى',3.00,1.00,3.00),(207,198,'صغرى',2.00,1.00,2.00),(586,198,'صغرى',5.00,1.00,5.00),(147,199,'صغرى',3.00,1.00,3.00),(139,199,'صغرى',5.00,1.00,5.00),(117,199,'صغرى',15.00,1.00,15.00),(148,199,'صغرى',7.00,1.00,7.00),(207,199,'صغرى',2.00,10.00,20.00),(130,199,'صغرى',10.00,1.00,10.00),(207,201,'صغرى',2.00,10.00,20.00),(173,202,'صغرى',10.00,3.00,30.00),(253,202,'صغرى',5.00,3.00,15.00),(374,202,'صغرى',5.00,3.00,15.00),(413,202,'صغرى',5.00,1.00,5.00),(333,203,'صغرى',5.00,9.00,45.00),(249,204,'صغرى',6.00,1.00,6.00),(297,205,'صغرى',25.00,1.00,25.00),(333,205,'صغرى',5.00,2.00,10.00),(68,206,'صغرى',8.00,1.00,8.00),(69,206,'صغرى',8.00,1.00,8.00),(513,206,'صغرى',18.00,2.00,36.00),(105,207,'صغرى',2.00,2.00,4.00),(108,207,'صغرى',3.00,2.00,6.00),(413,208,'صغرى',5.00,1.00,5.00),(579,208,'صغرى',3.00,1.00,3.00),(368,210,'صغرى',5.00,2.00,10.00),(334,211,'صغرى',5.00,2.00,10.00),(335,211,'صغرى',5.00,2.00,10.00),(333,211,'صغرى',5.00,2.00,10.00),(292,211,'صغرى',3.00,2.00,6.00),(24,211,'صغرى',5.00,4.00,20.00),(272,212,'صغرى',1.00,3.00,3.00),(384,214,'صغرى',3.00,2.00,6.00),(68,214,'صغرى',8.00,2.00,16.00),(25,214,'صغرى',8.00,2.00,16.00),(69,214,'صغرى',8.00,2.00,16.00),(92,214,'صغرى',5.00,2.00,10.00),(93,214,'صغرى',5.00,2.00,10.00),(607,214,'صغرى',3.00,2.00,6.00),(353,215,'صغرى',5.00,1.00,5.00),(99,216,'صغرى',2.00,2.00,4.00),(118,216,'صغرى',10.00,2.00,20.00),(104,218,'صغرى',3.00,2.00,6.00),(308,219,'صغرى',20.00,1.00,20.00),(273,220,'صغرى',30.00,1.00,30.00),(171,221,'صغرى',12.00,1.00,12.00),(580,222,'صغرى',10.00,1.00,10.00),(586,222,'صغرى',5.00,1.00,5.00),(583,222,'صغرى',10.00,2.00,20.00),(385,224,'صغرى',5.00,1.00,5.00),(366,226,'صغرى',6.00,1.00,6.00),(272,226,'صغرى',1.00,1.00,1.00),(413,226,'صغرى',5.00,2.00,10.00),(342,226,'صغرى',7.00,2.00,14.00),(586,228,'صغرى',5.00,2.00,10.00),(385,228,'صغرى',5.00,1.00,5.00),(102,228,'صغرى',5.00,1.00,5.00),(579,228,'صغرى',3.00,2.00,6.00),(580,228,'صغرى',10.00,3.00,30.00),(370,228,'صغرى',5.00,1.00,5.00),(584,228,'صغرى',15.00,1.00,15.00),(374,228,'صغرى',5.00,8.00,40.00),(578,228,'صغرى',5.00,2.00,10.00),(607,228,'صغرى',3.00,1.00,3.00),(272,228,'صغرى',1.00,3.00,3.00),(413,228,'صغرى',5.00,6.00,30.00),(372,228,'صغرى',5.00,2.00,10.00),(373,228,'صغرى',5.00,4.00,20.00),(98,228,'صغرى',2.00,3.00,6.00),(344,228,'صغرى',7.00,4.00,28.00),(207,228,'صغرى',2.00,1.00,2.00),(364,228,'صغرى',7.00,2.00,14.00),(348,228,'صغرى',5.00,1.00,5.00),(341,228,'صغرى',7.00,3.00,21.00),(350,229,'صغرى',5.00,4.00,20.00),(564,229,'صغرى',5.00,1.00,5.00),(568,229,'صغرى',5.00,2.00,10.00),(349,229,'صغرى',5.00,1.00,5.00),(374,230,'صغرى',5.00,2.00,10.00),(272,230,'صغرى',1.00,1.00,1.00),(607,230,'صغرى',3.00,1.00,3.00),(51,231,'صغرى',150.00,1.00,150.00),(254,231,'صغرى',10.00,5.00,50.00),(210,231,'صغرى',25.00,1.00,25.00),(209,231,'صغرى',25.00,2.00,50.00),(209,232,'صغرى',25.00,1.00,25.00),(565,233,'صغرى',5.00,2.00,10.00),(579,234,'صغرى',3.00,2.00,6.00),(367,234,'صغرى',5.00,1.00,5.00),(584,234,'صغرى',15.00,1.00,15.00),(276,235,'صغرى',30.00,1.00,30.00),(288,235,'صغرى',3.00,2.00,6.00),(174,235,'صغرى',10.00,1.00,10.00),(166,235,'صغرى',5.00,2.00,10.00),(164,235,'صغرى',5.00,2.00,10.00),(93,235,'صغرى',5.00,1.00,5.00),(81,235,'صغرى',5.00,2.00,10.00),(579,236,'صغرى',3.00,3.00,9.00),(374,237,'صغرى',5.00,1.00,5.00),(363,237,'صغرى',8.00,2.00,16.00),(363,238,'صغرى',8.00,1.00,8.00),(568,239,'صغرى',5.00,1.00,5.00),(580,241,'صغرى',10.00,1.00,10.00),(272,242,'صغرى',1.00,1.00,1.00),(354,243,'صغرى',3.00,1.00,3.00),(108,243,'صغرى',3.00,1.00,3.00),(24,243,'صغرى',5.00,1.00,5.00),(344,243,'صغرى',7.00,1.00,7.00),(113,244,'صغرى',3.00,2.00,6.00),(114,244,'صغرى',4.00,2.00,8.00),(102,244,'صغرى',5.00,1.00,5.00),(385,245,'صغرى',5.00,1.00,5.00),(607,245,'صغرى',3.00,1.00,3.00),(580,246,'صغرى',10.00,1.00,10.00),(413,247,'صغرى',5.00,1.00,5.00),(374,248,'صغرى',5.00,1.00,5.00),(164,249,'صغرى',5.00,1.00,5.00),(207,250,'صغرى',2.00,1.00,2.00),(100,251,'صغرى',3.00,2.00,6.00),(207,252,'صغرى',2.00,1.00,2.00),(272,253,'صغرى',1.00,2.00,2.00),(364,255,'صغرى',7.00,1.00,7.00),(361,255,'صغرى',6.00,1.00,6.00),(413,255,'صغرى',5.00,1.00,5.00),(367,255,'صغرى',5.00,1.00,5.00),(580,255,'صغرى',10.00,1.00,10.00),(360,256,'صغرى',6.00,1.00,6.00),(415,257,'صغرى',3.00,1.00,3.00),(272,258,'صغرى',1.00,2.00,2.00),(558,259,'صغرى',17.00,1.00,17.00),(156,260,'صغرى',12.00,1.00,12.00),(207,260,'صغرى',2.00,2.00,4.00),(413,260,'صغرى',5.00,1.00,5.00),(347,261,'صغرى',10.00,1.00,10.00),(297,261,'صغرى',25.00,2.00,50.00),(297,262,'صغرى',25.00,1.00,25.00),(578,263,'صغرى',5.00,2.00,10.00),(209,264,'صغرى',25.00,2.00,50.00),(371,264,'صغرى',5.00,1.00,5.00),(207,264,'صغرى',2.00,10.00,20.00),(272,266,'صغرى',1.00,10.00,10.00),(170,267,'صغرى',10.00,1.00,10.00),(583,269,'صغرى',10.00,1.00,10.00),(333,270,'صغرى',5.00,6.00,30.00),(173,270,'صغرى',10.00,1.00,10.00),(351,271,'صغرى',5.00,1.00,5.00),(180,272,'صغرى',13.00,1.00,13.00),(105,273,'صغرى',2.00,1.00,2.00),(363,274,'صغرى',8.00,1.00,8.00),(105,275,'صغرى',2.00,1.00,2.00),(6,276,'صغرى',320.00,2.00,640.00),(105,277,'صغرى',2.00,1.00,2.00),(579,277,'صغرى',3.00,1.00,3.00),(328,278,'صغرى',5.00,2.00,10.00),(333,279,'صغرى',5.00,4.00,20.00),(587,280,'صغرى',15.00,5.00,75.00),(613,281,'صغرى',50.00,1.00,50.00),(131,281,'صغرى',10.00,1.00,10.00),(25,281,'صغرى',8.00,4.00,32.00),(250,281,'صغرى',15.00,2.00,30.00),(188,281,'صغرى',5.00,2.00,10.00),(117,281,'صغرى',15.00,1.00,15.00),(272,281,'صغرى',1.00,3.00,3.00),(333,282,'صغرى',5.00,3.00,15.00),(273,283,'صغرى',30.00,1.00,30.00),(580,284,'صغرى',10.00,1.00,10.00),(102,285,'صغرى',5.00,1.00,5.00),(413,285,'صغرى',5.00,1.00,5.00),(364,286,'صغرى',7.00,2.00,14.00),(373,286,'صغرى',5.00,1.00,5.00),(213,286,'صغرى',3.00,2.00,6.00),(254,287,'صغرى',10.00,1.00,10.00),(344,288,'صغرى',7.00,4.00,28.00),(105,288,'صغرى',2.00,1.00,2.00),(288,289,'صغرى',3.00,2.00,6.00),(583,291,'صغرى',10.00,1.00,10.00),(83,291,'صغرى',5.00,2.00,10.00),(333,291,'صغرى',5.00,1.00,5.00),(204,291,'صغرى',15.00,2.00,30.00),(578,292,'صغرى',5.00,1.00,5.00),(328,293,'صغرى',5.00,1.00,5.00),(583,295,'صغرى',10.00,2.00,20.00),(83,295,'صغرى',5.00,1.00,5.00),(580,297,'صغرى',10.00,2.00,20.00),(349,298,'صغرى',5.00,1.00,5.00),(297,298,'صغرى',25.00,1.00,25.00),(83,296,'صغرى',5.00,1.00,5.00),(586,296,'صغرى',5.00,1.00,5.00),(360,299,'صغرى',6.00,2.00,12.00),(385,301,'صغرى',5.00,1.00,5.00),(374,301,'صغرى',5.00,1.00,5.00),(355,302,'صغرى',4.00,2.00,8.00),(99,302,'صغرى',2.00,2.00,4.00),(168,304,'صغرى',5.00,1.00,5.00),(557,305,'صغرى',5.00,1.00,5.00),(374,306,'صغرى',5.00,1.00,5.00),(385,306,'صغرى',5.00,1.00,5.00),(272,307,'صغرى',1.00,2.00,2.00),(101,308,'صغرى',5.00,1.00,5.00),(579,309,'صغرى',3.00,2.00,6.00),(199,309,'صغرى',5.00,2.00,10.00),(522,309,'صغرى',10.00,1.00,10.00),(272,309,'صغرى',1.00,4.00,4.00),(398,310,'صغرى',5.00,1.00,5.00),(347,310,'صغرى',10.00,1.00,10.00),(413,311,'صغرى',5.00,1.00,5.00),(417,312,'صغرى',1.00,2.00,2.00),(297,313,'صغرى',25.00,1.00,25.00),(413,314,'صغرى',5.00,1.00,5.00),(344,316,'صغرى',7.00,2.00,14.00),(341,316,'صغرى',7.00,2.00,14.00),(365,317,'صغرى',5.00,1.00,5.00),(565,318,'صغرى',5.00,2.00,10.00),(99,318,'صغرى',2.00,2.00,4.00),(607,320,'صغرى',3.00,1.00,3.00),(116,321,'صغرى',15.00,2.00,30.00),(374,322,'صغرى',5.00,1.00,5.00),(578,322,'صغرى',5.00,1.00,5.00),(385,322,'صغرى',5.00,2.00,10.00),(174,322,'صغرى',10.00,2.00,20.00),(413,323,'صغرى',5.00,3.00,15.00),(101,323,'صغرى',5.00,2.00,10.00),(398,324,'صغرى',5.00,1.00,5.00),(345,324,'صغرى',10.00,1.00,10.00),(174,325,'صغرى',10.00,1.00,10.00),(374,328,'صغرى',5.00,1.00,5.00),(607,329,'صغرى',3.00,1.00,3.00),(105,329,'صغرى',2.00,1.00,2.00),(363,330,'صغرى',8.00,1.00,8.00),(345,331,'صغرى',10.00,1.00,10.00),(210,332,'صغرى',25.00,1.00,25.00),(328,332,'صغرى',5.00,1.00,5.00),(249,332,'صغرى',6.00,1.00,6.00),(110,332,'صغرى',2.00,2.00,4.00),(607,333,'صغرى',3.00,1.00,3.00),(119,334,'صغرى',5.00,1.00,5.00),(105,335,'صغرى',2.00,1.00,2.00),(583,336,'صغرى',10.00,1.00,10.00),(413,336,'صغرى',5.00,1.00,5.00),(249,337,'صغرى',6.00,3.00,18.00),(254,337,'صغرى',10.00,1.00,10.00),(148,337,'صغرى',7.00,1.00,7.00),(130,337,'صغرى',10.00,2.00,20.00),(117,337,'صغرى',15.00,1.00,15.00),(413,339,'صغرى',5.00,1.00,5.00),(586,340,'صغرى',5.00,4.00,20.00),(583,340,'صغرى',10.00,1.00,10.00),(104,340,'صغرى',3.00,1.00,3.00),(272,340,'صغرى',1.00,1.00,1.00),(584,341,'صغرى',15.00,1.00,15.00),(579,341,'صغرى',3.00,1.00,3.00),(586,342,'صغرى',5.00,1.00,5.00),(580,343,'صغرى',10.00,1.00,10.00),(374,344,'صغرى',5.00,2.00,10.00),(583,344,'صغرى',10.00,1.00,10.00),(164,345,'صغرى',5.00,2.00,10.00),(580,345,'صغرى',10.00,1.00,10.00),(417,346,'صغرى',1.00,2.00,2.00),(249,347,'صغرى',6.00,2.00,12.00),(156,347,'صغرى',12.00,1.00,12.00),(580,348,'صغرى',10.00,1.00,10.00),(210,349,'صغرى',25.00,1.00,25.00),(159,349,'صغرى',5.00,3.00,15.00),(607,350,'صغرى',3.00,1.00,3.00),(354,350,'صغرى',3.00,1.00,3.00),(353,350,'صغرى',5.00,1.00,5.00),(413,350,'صغرى',5.00,1.00,5.00),(565,351,'صغرى',5.00,1.00,5.00),(584,352,'صغرى',15.00,1.00,15.00),(333,353,'صغرى',5.00,2.00,10.00),(333,354,'صغرى',5.00,2.00,10.00),(353,355,'صغرى',5.00,1.00,5.00),(173,356,'صغرى',10.00,1.00,10.00),(207,357,'صغرى',2.00,2.00,4.00),(272,358,'صغرى',1.00,6.00,6.00),(173,359,'صغرى',10.00,1.00,10.00),(353,359,'صغرى',5.00,1.00,5.00),(333,360,'صغرى',5.00,1.00,5.00),(583,360,'صغرى',10.00,1.00,10.00),(209,361,'صغرى',25.00,2.00,50.00),(174,361,'صغرى',10.00,1.00,10.00),(272,362,'صغرى',1.00,20.00,20.00),(251,363,'صغرى',15.00,2.00,30.00),(374,364,'صغرى',5.00,1.00,5.00),(142,365,'صغرى',2.00,1.00,2.00),(288,365,'صغرى',3.00,2.00,6.00),(417,366,'صغرى',1.00,1.00,1.00),(583,367,'صغرى',10.00,1.00,10.00),(333,368,'صغرى',5.00,1.00,5.00),(102,369,'صغرى',5.00,3.00,15.00),(114,370,'صغرى',4.00,1.00,4.00),(272,370,'صغرى',1.00,1.00,1.00),(580,372,'صغرى',10.00,1.00,10.00),(385,373,'صغرى',5.00,3.00,15.00),(607,373,'صغرى',3.00,2.00,6.00),(573,373,'صغرى',6.00,1.00,6.00),(572,374,'صغرى',3.00,2.00,6.00),(220,374,'صغرى',15.00,1.00,15.00),(213,374,'صغرى',3.00,1.00,3.00),(212,374,'صغرى',3.00,1.00,3.00),(254,374,'صغرى',10.00,1.00,10.00),(272,374,'صغرى',1.00,1.00,1.00),(668,375,'صغرى',3.00,1.00,3.00),(328,376,'صغرى',5.00,1.00,5.00),(371,376,'صغرى',5.00,1.00,5.00),(666,376,'صغرى',3.00,2.00,6.00),(272,376,'صغرى',1.00,1.00,1.00),(283,377,'صغرى',15.00,1.00,15.00),(580,378,'صغرى',10.00,1.00,10.00),(192,379,'صغرى',5.00,1.00,5.00),(193,379,'صغرى',5.00,1.00,5.00),(83,379,'صغرى',5.00,1.00,5.00),(168,379,'صغرى',5.00,1.00,5.00),(358,379,'صغرى',5.00,1.00,5.00),(209,380,'صغرى',25.00,1.00,25.00),(218,380,'صغرى',5.00,1.00,5.00),(213,380,'صغرى',3.00,1.00,3.00),(413,381,'صغرى',5.00,1.00,5.00),(373,382,'صغرى',5.00,1.00,5.00),(374,382,'صغرى',5.00,2.00,10.00),(192,382,'صغرى',5.00,1.00,5.00),(607,383,'صغرى',3.00,1.00,3.00),(374,384,'صغرى',5.00,2.00,10.00),(515,384,'صغرى',5.00,1.00,5.00),(154,385,'صغرى',3.00,2.00,6.00),(540,386,'صغري',5.00,1.00,5.00),(328,386,'صغرى',5.00,1.00,5.00),(345,387,'صغرى',10.00,2.00,20.00),(570,388,'صغرى',12.00,2.00,24.00),(564,388,'صغرى',5.00,10.00,50.00),(348,388,'صغرى',5.00,11.00,55.00),(570,389,'صغرى',12.00,6.00,72.00),(374,390,'صغرى',5.00,1.00,5.00),(373,391,'صغرى',5.00,2.00,10.00),(584,391,'صغرى',15.00,4.00,60.00),(106,391,'صغرى',2.00,1.00,2.00),(584,392,'صغرى',15.00,2.00,30.00),(583,392,'صغرى',10.00,1.00,10.00),(580,392,'صغرى',10.00,1.00,10.00),(417,393,'صغرى',1.00,1.00,1.00),(159,394,'صغرى',5.00,4.00,20.00),(318,395,'صغرى',20.00,1.00,20.00),(565,397,'صغرى',5.00,4.00,20.00),(564,397,'صغرى',5.00,4.00,20.00),(666,397,'صغرى',3.00,2.00,6.00),(417,398,'صغرى',1.00,1.00,1.00),(358,399,'صغرى',5.00,1.00,5.00),(558,400,'صغرى',17.00,1.00,17.00),(413,400,'صغرى',5.00,3.00,15.00),(578,400,'صغرى',5.00,1.00,5.00),(345,401,'صغرى',10.00,1.00,10.00),(199,402,'صغرى',5.00,1.00,5.00),(413,402,'صغرى',5.00,2.00,10.00),(583,403,'صغرى',10.00,1.00,10.00),(98,404,'صغرى',2.00,1.00,2.00),(413,405,'صغرى',5.00,1.00,5.00),(572,406,'صغرى',3.00,4.00,12.00),(86,407,'صغرى',3.00,2.00,6.00),(374,408,'صغرى',5.00,1.00,5.00),(98,410,'صغرى',2.00,1.00,2.00),(335,410,'صغرى',5.00,1.00,5.00),(374,410,'صغرى',5.00,6.00,30.00),(373,410,'صغرى',5.00,1.00,5.00),(558,410,'صغرى',17.00,2.00,34.00),(413,410,'صغرى',5.00,1.00,5.00),(385,411,'صغرى',5.00,2.00,10.00),(359,411,'صغرى',5.00,1.00,5.00),(350,411,'صغرى',5.00,1.00,5.00),(348,413,'صغرى',5.00,2.00,10.00),(568,413,'صغرى',5.00,1.00,5.00),(565,413,'صغرى',5.00,1.00,5.00),(521,414,'صغرى',10.00,1.00,10.00),(184,414,'صغرى',3.00,3.00,9.00),(134,414,'صغرى',5.00,2.00,10.00),(343,414,'صغرى',7.00,1.00,7.00),(342,414,'صغرى',7.00,1.00,7.00),(413,414,'صغرى',5.00,6.00,30.00),(83,414,'صغرى',5.00,2.00,10.00),(666,414,'صغرى',3.00,3.00,9.00),(579,414,'صغرى',3.00,1.00,3.00),(84,414,'صغرى',25.00,1.00,25.00),(515,414,'صغرى',5.00,2.00,10.00),(174,414,'صغرى',10.00,1.00,10.00),(166,414,'صغرى',5.00,1.00,5.00),(164,414,'صغرى',5.00,1.00,5.00),(181,414,'صغرى',5.00,1.00,5.00),(151,414,'صغرى',25.00,1.00,25.00),(344,414,'صغرى',7.00,3.00,21.00),(572,415,'صغرى',3.00,4.00,12.00),(172,415,'صغرى',10.00,2.00,20.00),(568,416,'صغرى',5.00,2.00,10.00),(83,416,'صغرى',5.00,1.00,5.00),(344,416,'صغرى',7.00,2.00,14.00),(343,416,'صغرى',7.00,1.00,7.00),(341,416,'صغرى',7.00,2.00,14.00),(342,416,'صغرى',7.00,1.00,7.00),(364,416,'صغرى',7.00,1.00,7.00),(413,416,'صغرى',5.00,1.00,5.00),(367,416,'صغرى',5.00,1.00,5.00),(521,416,'صغرى',10.00,1.00,10.00),(669,417,'صغرى',30.00,1.00,30.00),(670,417,'صغرى',5.00,2.00,10.00),(122,417,'صغرى',20.00,1.00,20.00),(631,417,'صغرى',12.00,1.00,12.00),(288,417,'صغرى',3.00,1.00,3.00),(154,418,'صغرى',3.00,4.00,12.00),(119,418,'صغرى',5.00,2.00,10.00),(120,418,'صغرى',5.00,2.00,10.00),(184,418,'صغرى',3.00,1.00,3.00),(607,418,'صغرى',3.00,2.00,6.00),(515,419,'صغرى',5.00,1.00,5.00),(349,420,'صغرى',5.00,2.00,10.00),(351,420,'صغرى',5.00,2.00,10.00),(568,420,'صغرى',5.00,1.00,5.00),(564,420,'صغرى',5.00,2.00,10.00),(565,420,'صغرى',5.00,1.00,5.00),(83,420,'صغرى',5.00,2.00,10.00),(515,420,'صغرى',5.00,2.00,10.00),(398,420,'صغرى',5.00,1.00,5.00),(358,420,'صغرى',5.00,1.00,5.00),(413,420,'صغرى',5.00,2.00,10.00),(573,420,'صغرى',6.00,3.00,18.00),(374,420,'صغرى',5.00,3.00,15.00),(367,420,'صغرى',5.00,1.00,5.00),(354,420,'صغرى',3.00,1.00,3.00),(355,420,'صغرى',4.00,1.00,4.00),(368,420,'صغرى',5.00,1.00,5.00),(578,420,'صغرى',5.00,1.00,5.00),(207,420,'صغرى',2.00,5.00,10.00),(184,420,'صغرى',3.00,6.00,18.00),(170,420,'صغرى',10.00,1.00,10.00),(666,420,'صغرى',3.00,1.00,3.00),(328,420,'صغرى',5.00,1.00,5.00),(164,421,'صغرى',5.00,3.00,15.00),(166,421,'صغرى',5.00,2.00,10.00),(413,421,'صغرى',5.00,5.00,25.00),(98,421,'صغرى',2.00,2.00,4.00),(116,421,'صغرى',15.00,1.00,15.00),(564,421,'صغرى',5.00,1.00,5.00),(180,421,'صغرى',13.00,1.00,13.00),(563,421,'صغرى',23.00,2.00,46.00),(24,421,'صغرى',5.00,5.00,25.00),(565,421,'صغرى',5.00,1.00,5.00),(344,421,'صغرى',7.00,2.00,14.00),(343,421,'صغرى',7.00,2.00,14.00),(572,421,'صغرى',3.00,6.00,18.00),(355,421,'صغرى',4.00,1.00,4.00),(360,422,'صغرى',6.00,1.00,6.00),(417,422,'صغرى',1.00,1.00,1.00),(370,423,'صغرى',5.00,1.00,5.00),(254,423,'صغرى',10.00,1.00,10.00),(666,425,'صغرى',3.00,2.00,6.00),(583,425,'صغرى',10.00,3.00,30.00),(219,426,'صغرى',2.00,5.00,10.00),(521,428,'صغرى',10.00,1.00,10.00),(104,429,'صغرى',3.00,1.00,3.00),(417,431,'صغرى',1.00,1.00,1.00),(110,431,'صغرى',2.00,2.00,4.00),(586,432,'صغرى',5.00,2.00,10.00),(515,433,'صغرى',5.00,1.00,5.00),(347,434,'صغرى',10.00,1.00,10.00),(345,434,'صغرى',10.00,1.00,10.00),(346,434,'صغرى',10.00,2.00,20.00),(357,435,'صغرى',5.00,2.00,10.00),(83,436,'صغرى',5.00,1.00,5.00),(666,436,'صغرى',3.00,1.00,3.00),(207,436,'صغرى',2.00,1.00,2.00),(350,437,'صغرى',5.00,4.00,20.00),(568,437,'صغرى',5.00,2.00,10.00),(122,437,'صغرى',20.00,2.00,40.00),(105,437,'صغرى',2.00,2.00,4.00),(97,437,'صغرى',3.00,1.00,3.00),(111,437,'صغرى',2.00,1.00,2.00),(107,437,'صغرى',2.00,4.00,8.00),(108,437,'صغرى',3.00,2.00,6.00),(104,437,'صغرى',3.00,1.00,3.00),(578,437,'صغرى',5.00,1.00,5.00),(201,437,'صغرى',5.00,1.00,5.00),(204,437,'صغرى',15.00,1.00,15.00),(413,437,'صغرى',5.00,1.00,5.00),(515,437,'صغرى',5.00,1.00,5.00),(594,437,'صغرى',15.00,2.00,30.00),(586,438,'صغرى',5.00,1.00,5.00),(641,439,'صغرى',6.00,2.00,12.00),(188,439,'صغرى',5.00,2.00,10.00),(586,439,'صغرى',5.00,1.00,5.00),(107,439,'صغرى',2.00,1.00,2.00),(525,440,'صغري',2.00,2.00,4.00),(359,441,'صغرى',5.00,2.00,10.00),(357,441,'صغرى',5.00,1.00,5.00),(358,441,'صغرى',5.00,2.00,10.00),(288,442,'صغرى',3.00,1.00,3.00),(579,443,'صغرى',3.00,1.00,3.00),(346,443,'صغرى',10.00,1.00,10.00),(345,443,'صغرى',10.00,1.00,10.00),(666,443,'صغرى',3.00,1.00,3.00),(413,443,'صغرى',5.00,2.00,10.00),(586,444,'صغرى',5.00,1.00,5.00),(583,444,'صغرى',10.00,1.00,10.00),(128,446,'صغرى',4.00,1.00,4.00),(297,447,'صغرى',25.00,1.00,25.00),(624,447,'صغرى',10.00,1.00,10.00),(70,447,'صغرى',8.00,1.00,8.00),(666,448,'صغرى',3.00,2.00,6.00),(413,449,'صغرى',5.00,1.00,5.00),(413,451,'صغرى',5.00,1.00,5.00),(583,450,'صغرى',10.00,1.00,10.00),(666,452,'صغرى',3.00,1.00,3.00),(110,452,'صغرى',2.00,1.00,2.00),(666,453,'صغرى',3.00,2.00,6.00),(345,453,'صغرى',10.00,1.00,10.00),(583,453,'صغرى',10.00,1.00,10.00),(374,454,'صغرى',5.00,1.00,5.00),(578,454,'صغرى',5.00,1.00,5.00),(583,455,'صغرى',10.00,2.00,20.00),(372,456,'صغرى',5.00,1.00,5.00),(367,456,'صغرى',5.00,2.00,10.00),(578,456,'صغرى',5.00,1.00,5.00),(413,456,'صغرى',5.00,1.00,5.00),(349,458,'صغرى',5.00,1.00,5.00),(373,458,'صغرى',5.00,1.00,5.00),(329,459,'صغرى',17.00,1.00,17.00),(413,459,'صغرى',5.00,1.00,5.00),(632,460,'صغرى',45.00,1.00,45.00),(660,460,'صغرى',75.00,1.00,75.00),(346,460,'صغرى',10.00,1.00,10.00),(348,460,'صغرى',5.00,1.00,5.00),(523,460,'صغري',3.00,2.00,6.00),(138,461,'صغرى',5.00,1.00,5.00),(358,461,'صغرى',5.00,1.00,5.00),(101,462,'صغرى',5.00,1.00,5.00),(117,463,'صغرى',15.00,1.00,15.00),(670,463,'صغرى',5.00,1.00,5.00),(640,463,'صغرى',6.00,1.00,6.00),(106,463,'صغرى',2.00,1.00,2.00),(110,463,'صغرى',2.00,1.00,2.00),(168,464,'صغرى',5.00,1.00,5.00),(299,464,'صغرى',30.00,1.00,30.00),(159,465,'صغرى',5.00,1.00,5.00),(271,465,'صغرى',12.00,1.00,12.00),(249,466,'صغرى',6.00,2.00,12.00),(184,466,'صغرى',3.00,1.00,3.00),(24,467,'صغرى',5.00,2.00,10.00),(82,467,'صغرى',5.00,1.00,5.00),(274,471,'صغرى',25.00,1.00,25.00),(276,471,'صغرى',25.00,1.00,25.00),(564,471,'صغرى',5.00,2.00,10.00),(568,471,'صغرى',5.00,2.00,10.00),(352,471,'صغرى',5.00,1.00,5.00),(151,471,'صغرى',22.50,2.00,45.00),(82,471,'صغرى',5.00,4.00,20.00),(631,471,'صغرى',12.00,1.00,12.00),(157,471,'صغرى',35.00,1.00,35.00),(288,471,'صغرى',3.00,1.00,3.00),(670,471,'صغرى',5.00,2.00,10.00),(572,472,'صغرى',3.00,10.00,30.00),(11,473,'صغرى',50.00,1.00,50.00),(342,474,'صغرى',7.00,2.00,14.00),(343,474,'صغرى',7.00,2.00,14.00),(341,474,'صغرى',7.00,5.00,35.00),(344,474,'صغرى',7.00,4.00,28.00),(516,475,'صغرى',60.00,1.00,60.00),(349,477,'صغرى',5.00,2.00,10.00),(188,477,'صغرى',5.00,2.00,10.00),(117,478,'صغرى',15.00,1.00,15.00),(515,478,'صغرى',5.00,1.00,5.00),(374,479,'صغرى',5.00,1.00,5.00),(573,480,'صغرى',6.00,1.00,6.00),(572,480,'صغرى',3.00,2.00,6.00),(578,480,'صغرى',5.00,1.00,5.00),(365,480,'صغرى',5.00,1.00,5.00),(374,480,'صغرى',5.00,2.00,10.00),(515,480,'صغرى',5.00,1.00,5.00),(272,480,'صغرى',1.00,6.00,6.00),(364,484,'صغرى',7.00,1.00,7.00),(305,484,'صغرى',20.00,1.00,20.00),(288,485,'صغرى',3.00,1.00,3.00),(385,486,'صغرى',5.00,1.00,5.00),(673,487,'صغرى',55.00,1.00,55.00),(356,488,'صغرى',5.00,1.00,5.00),(344,488,'صغرى',7.00,1.00,7.00),(687,488,'صغرى',5.00,2.00,10.00),(521,488,'صغرى',10.00,1.00,10.00),(522,488,'صغرى',10.00,1.00,10.00),(288,488,'صغرى',3.00,1.00,3.00),(283,489,'صغرى',12.50,1.00,12.50),(666,489,'صغرى',3.00,1.00,3.00),(341,489,'صغرى',7.00,1.00,7.00),(280,489,'صغرى',12.50,1.00,12.50),(124,489,'صغرى',6.00,2.00,12.00),(580,489,'صغرى',10.00,1.00,10.00),(288,489,'صغرى',3.00,1.00,3.00),(686,490,'صغرى',35.00,2.00,70.00),(688,491,'صغرى',5.00,1.00,5.00),(398,492,'صغرى',5.00,1.00,5.00),(84,493,'صغرى',25.00,1.00,25.00),(85,493,'صغرى',20.00,1.00,20.00),(374,494,'صغرى',5.00,1.00,5.00),(204,494,'صغرى',15.00,1.00,15.00),(281,495,'صغرى',15.00,1.00,15.00),(516,496,'صغرى',60.00,1.00,60.00),(24,496,'صغرى',5.00,4.00,20.00),(288,497,'صغرى',3.00,1.00,3.00),(254,498,'صغرى',10.00,1.00,10.00),(370,498,'صغرى',5.00,1.00,5.00),(276,499,'صغرى',30.00,1.00,30.00),(688,500,'صغرى',5.00,1.00,5.00),(364,501,'صغرى',7.00,1.00,7.00),(367,501,'صغرى',5.00,1.00,5.00),(666,502,'صغرى',3.00,1.00,3.00),(181,502,'صغرى',5.00,1.00,5.00),(251,503,'صغرى',15.00,2.00,30.00),(249,503,'صغرى',6.00,2.00,12.00),(288,503,'صغرى',3.00,1.00,3.00),(328,504,'صغرى',5.00,2.00,10.00),(138,505,'صغرى',5.00,1.00,5.00),(30,506,'صغرى',45.00,1.00,45.00),(695,506,'صغرى',55.00,1.00,55.00),(3,506,'صغرى',25.00,1.00,25.00),(151,507,'صغرى',25.00,1.00,25.00),(513,508,'صغرى',18.00,1.00,18.00),(170,509,'صغرى',10.00,2.00,20.00),(184,509,'صغرى',3.00,4.00,12.00),(209,509,'صغرى',25.00,2.00,50.00),(703,509,'صغرى',20.00,1.00,20.00),(288,509,'صغرى',3.00,1.00,3.00),(116,510,'صغرى',15.00,1.00,15.00),(117,510,'صغرى',15.00,1.00,15.00),(169,510,'صغرى',2.00,1.00,2.00),(212,510,'صغرى',3.00,1.00,3.00),(342,510,'صغرى',7.00,2.00,14.00),(343,510,'صغرى',7.00,2.00,14.00),(100,510,'صغرى',3.00,2.00,6.00),(110,510,'صغرى',2.00,2.00,4.00),(288,510,'صغرى',3.00,1.00,3.00),(345,511,'صغرى',10.00,1.00,10.00),(572,511,'صغرى',2.50,2.00,5.00),(557,512,'صغرى',5.00,3.00,15.00),(413,513,'صغرى',5.00,2.00,10.00),(368,515,'صغرى',5.00,1.00,5.00),(413,515,'صغرى',5.00,1.00,5.00),(333,515,'صغرى',5.00,1.00,5.00),(578,515,'صغرى',5.00,1.00,5.00),(523,515,'صغري',3.00,3.00,9.00),(385,516,'صغرى',5.00,1.00,5.00),(102,516,'صغرى',5.00,2.00,10.00),(413,516,'صغرى',5.00,1.00,5.00),(328,516,'صغرى',5.00,1.00,5.00),(83,516,'صغرى',5.00,2.00,10.00),(120,516,'صغرى',5.00,1.00,5.00),(136,516,'صغرى',5.00,1.00,5.00),(24,516,'صغرى',5.00,1.00,5.00),(666,517,'صغرى',3.00,1.00,3.00),(413,517,'صغرى',5.00,1.00,5.00),(583,518,'صغرى',10.00,2.00,20.00),(128,519,'صغرى',4.00,1.00,4.00),(689,520,'صغرى',35.00,2.00,70.00),(345,521,'صغرى',10.00,1.00,10.00),(171,522,'صغرى',12.00,1.00,12.00),(166,522,'صغرى',5.00,1.00,5.00),(288,522,'صغرى',3.00,1.00,3.00),(169,523,'صغرى',2.00,4.00,8.00),(213,523,'صغرى',3.00,1.00,3.00),(212,523,'صغرى',3.00,1.00,3.00),(353,524,'صغرى',5.00,1.00,5.00),(355,524,'صغرى',4.00,1.00,4.00),(694,524,'صغرى',85.00,2.00,170.00),(169,525,'صغرى',2.00,2.00,4.00),(212,525,'صغرى',3.00,1.00,3.00),(329,526,'صغرى',17.00,1.00,17.00),(89,526,'صغرى',5.00,1.00,5.00),(553,526,'صغرى',15.00,1.00,15.00),(151,526,'صغرى',25.00,1.00,25.00),(525,526,'صغرى',2.00,2.00,4.00),(564,527,'صغرى',5.00,1.00,5.00),(565,527,'صغرى',5.00,1.00,5.00),(350,527,'صغرى',5.00,1.00,5.00),(572,528,'صغرى',3.00,5.00,15.00),(374,529,'صغرى',5.00,2.00,10.00),(212,531,'صغرى',3.00,2.00,6.00),(213,531,'صغرى',3.00,1.00,3.00),(169,531,'صغرى',2.00,3.00,6.00),(159,532,'صغرى',5.00,2.00,10.00),(209,532,'صغرى',25.00,1.00,25.00),(54,532,'صغرى',20.00,1.00,20.00),(372,533,'صغرى',5.00,1.00,5.00),(368,533,'صغرى',5.00,1.00,5.00),(688,534,'صغرى',5.00,19.00,95.00),(586,534,'صغرى',5.00,1.00,5.00),(583,534,'صغرى',10.00,1.00,10.00),(167,534,'صغرى',5.00,1.00,5.00),(24,534,'صغرى',5.00,1.00,5.00),(328,535,'صغرى',5.00,1.00,5.00),(322,535,'صغرى',20.00,1.00,20.00),(516,536,'صغرى',60.00,1.00,60.00),(83,536,'صغرى',5.00,1.00,5.00),(580,536,'صغرى',10.00,2.00,20.00),(586,536,'صغرى',5.00,1.00,5.00),(210,537,'صغرى',25.00,1.00,25.00),(209,537,'صغرى',25.00,1.00,25.00),(83,538,'صغرى',5.00,1.00,5.00),(353,538,'صغرى',5.00,1.00,5.00),(516,539,'صغرى',60.00,1.00,60.00),(110,541,'صغرى',2.00,2.00,4.00),(572,541,'صغرى',3.00,4.00,12.00),(373,542,'صغرى',5.00,1.00,5.00),(580,544,'صغرى',10.00,2.00,20.00),(354,545,'صغرى',3.00,2.00,6.00),(586,546,'صغرى',5.00,1.00,5.00),(583,546,'صغرى',10.00,1.00,10.00),(413,547,'صغرى',5.00,2.00,10.00),(515,547,'صغرى',5.00,2.00,10.00),(354,547,'صغرى',3.00,2.00,6.00),(666,547,'صغرى',3.00,1.00,3.00),(272,547,'صغرى',1.00,1.00,1.00),(355,549,'صغرى',4.00,1.00,4.00),(272,549,'صغرى',1.00,1.00,1.00),(364,550,'صغرى',7.00,1.00,7.00),(371,552,'صغرى',5.00,3.00,15.00),(367,554,'صغرى',5.00,1.00,5.00),(102,543,'صغرى',5.00,1.00,5.00),(583,555,'صغرى',10.00,1.00,10.00),(335,556,'صغرى',5.00,1.00,5.00),(342,557,'صغرى',7.00,1.00,7.00),(630,558,'صغرى',90.00,1.00,90.00),(690,558,'صغرى',140.00,1.00,140.00),(289,558,'صغرى',85.00,1.00,85.00),(354,559,'صغرى',3.00,3.00,9.00),(272,559,'صغرى',1.00,2.00,2.00),(580,560,'صغرى',10.00,2.00,20.00),(706,551,'صغرى',13.00,2.00,26.00),(366,561,'صغرى',6.00,2.00,12.00),(413,562,'صغرى',5.00,1.00,5.00),(565,562,'صغرى',5.00,1.00,5.00),(349,562,'صغرى',5.00,2.00,10.00),(333,562,'صغرى',5.00,1.00,5.00),(184,563,'صغرى',3.00,4.00,12.00),(363,565,'صغرى',8.00,1.00,8.00),(525,565,'صغرى',2.00,1.00,2.00),(584,566,'صغرى',15.00,1.00,15.00),(413,567,'صغرى',5.00,2.00,10.00),(583,568,'صغرى',10.00,2.00,20.00),(24,569,'صغرى',5.00,4.00,20.00),(413,570,'صغرى',5.00,1.00,5.00),(413,571,'صغرى',5.00,1.00,5.00),(358,571,'صغرى',5.00,1.00,5.00),(354,573,'صغرى',3.00,2.00,6.00),(666,573,'صغرى',3.00,1.00,3.00),(272,573,'صغرى',1.00,1.00,1.00),(350,574,'صغرى',5.00,2.00,10.00),(352,574,'صغرى',5.00,2.00,10.00),(580,575,'صغرى',10.00,2.00,20.00),(354,576,'صغرى',3.00,1.00,3.00),(525,576,'صغرى',2.00,1.00,2.00),(374,577,'صغرى',5.00,1.00,5.00),(580,580,'صغري',10.00,2.00,20.00),(210,581,'صغري',25.00,1.00,25.00),(580,581,'صغري',10.00,2.00,20.00),(82,581,'صغري',5.00,2.00,10.00),(669,582,'صغري',30.00,3.00,90.00),(333,582,'صغري',5.00,1.00,5.00),(353,583,'صغري',5.00,1.00,5.00),(385,584,'صغري',5.00,2.00,10.00),(6,585,'صغري',320.00,1.00,320.00),(369,586,'صغري',5.00,1.00,5.00),(666,586,'صغري',3.00,1.00,3.00),(368,586,'صغري',5.00,1.00,5.00),(524,586,'صغري',2.00,1.00,2.00),(572,587,'صغري',3.00,2.00,6.00),(83,588,'صغري',5.00,2.00,10.00),(624,588,'صغري',10.00,1.00,10.00),(583,589,'صغري',10.00,1.00,10.00),(666,589,'صغري',3.00,1.00,3.00),(329,590,'صغري',17.00,1.00,17.00),(516,579,'صغري',60.00,1.00,60.00),(65,579,'صغري',40.00,1.00,40.00),(650,579,'صغري',45.00,1.00,45.00),(620,579,'صغري',8.00,5.00,40.00),(210,579,'صغري',25.00,1.00,25.00),(209,579,'صغري',25.00,2.00,50.00),(125,579,'صغري',6.00,5.00,30.00),(83,579,'صغري',5.00,5.00,25.00),(1,579,'صغري',48.00,1.00,48.00),(188,579,'صغري',5.00,2.00,10.00),(641,579,'صغري',6.00,3.00,18.00),(197,579,'صغري',5.00,2.00,10.00),(249,579,'صغري',6.00,5.00,30.00),(522,579,'صغري',10.00,1.00,10.00),(521,579,'صغري',10.00,1.00,10.00),(689,579,'صغري',35.00,2.00,70.00),(687,579,'صغري',5.00,5.00,25.00),(552,579,'صغري',15.00,1.00,15.00),(555,579,'صغري',15.00,2.00,30.00),(556,579,'صغري',15.00,1.00,15.00),(54,579,'صغري',20.00,2.00,40.00),(693,579,'صغري',22.00,2.00,44.00),(692,579,'صغري',22.00,1.00,22.00),(679,579,'صغري',95.00,1.00,95.00),(525,579,'صغري',2.00,1.00,2.00),(524,579,'صغري',2.00,1.00,2.00),(695,579,'صغري',55.00,2.00,110.00),(184,579,'صغري',3.00,24.00,72.00),(580,591,'صغري',10.00,1.00,10.00),(70,592,'صغري',8.00,1.00,8.00),(524,593,'صغري',2.00,1.00,2.00),(666,594,'صغري',3.00,5.00,15.00),(136,594,'صغري',5.00,3.00,15.00),(712,595,'صغري',10.00,2.00,20.00),(624,595,'صغري',10.00,6.00,60.00),(172,595,'صغري',10.00,3.00,30.00),(657,595,'صغري',25.00,2.00,50.00),(707,595,'صغري',13.00,6.00,78.00),(333,595,'صغري',5.00,2.00,10.00),(335,595,'صغري',5.00,4.00,20.00),(580,595,'صغري',10.00,1.00,10.00),(345,596,'صغري',10.00,1.00,10.00),(356,597,'صغري',5.00,1.00,5.00),(342,597,'صغري',7.00,1.00,7.00),(288,597,'صغري',3.00,1.00,3.00),(583,598,'صغري',10.00,1.00,10.00),(584,600,'صغري',15.00,2.00,30.00),(697,603,'صغري',35.00,1.00,35.00),(605,603,'صغري',50.00,1.00,50.00),(676,603,'صغري',55.00,1.00,55.00),(659,603,'صغري',75.00,1.00,75.00),(281,602,'صغري',15.00,1.00,15.00),(283,602,'صغري',15.00,1.00,15.00),(108,602,'صغري',3.00,4.00,12.00),(288,602,'صغري',3.00,1.00,3.00),(353,605,'صغري',5.00,2.00,10.00),(16,605,'صغري',35.00,1.00,35.00),(270,605,'صغري',12.00,1.00,12.00),(288,605,'صغري',3.00,1.00,3.00),(97,607,'صغري',3.00,1.00,3.00),(167,607,'صغري',5.00,1.00,5.00),(540,609,'صغري',5.00,1.00,5.00),(398,610,'صغري',5.00,1.00,5.00),(83,611,'صغري',5.00,3.00,15.00),(182,611,'صغري',5.00,1.00,5.00),(374,612,'صغري',5.00,2.00,10.00),(666,612,'صغري',3.00,1.00,3.00),(580,613,'صغري',10.00,2.00,20.00),(583,613,'صغري',10.00,1.00,10.00),(586,613,'صغري',5.00,4.00,20.00),(666,613,'صغري',3.00,1.00,3.00),(624,616,'صغري',10.00,1.00,10.00),(353,616,'صغري',5.00,1.00,5.00),(580,616,'صغري',10.00,2.00,20.00),(706,616,'صغري',13.00,1.00,13.00),(586,616,'صغري',5.00,2.00,10.00),(584,617,'صغري',15.00,1.00,15.00),(580,617,'صغري',10.00,3.00,30.00),(525,619,'صغري',2.00,1.00,2.00),(413,618,'صغري',5.00,2.00,10.00),(572,618,'صغري',3.00,1.00,3.00),(341,618,'صغري',7.00,6.00,42.00),(572,620,'صغري',3.00,1.00,3.00),(353,621,'صغري',5.00,1.00,5.00),(328,621,'صغري',5.00,1.00,5.00),(328,622,'صغري',5.00,2.00,10.00),(372,622,'صغري',5.00,1.00,5.00),(607,624,'صغري',3.00,1.00,3.00),(272,624,'صغري',1.00,3.00,3.00),(97,623,'صغري',3.00,3.00,9.00),(385,623,'صغري',5.00,1.00,5.00),(74,623,'صغري',20.00,1.00,20.00),(72,623,'صغري',22.00,1.00,22.00),(367,625,'صغري',5.00,2.00,10.00),(398,626,'صغري',5.00,1.00,5.00),(580,627,'صغري',10.00,2.00,20.00),(580,628,'صغري',10.00,1.00,10.00),(571,629,'صغري',5.00,1.00,5.00),(413,629,'صغري',5.00,1.00,5.00),(367,630,'صغري',5.00,3.00,15.00),(99,630,'صغري',2.00,2.00,4.00),(98,630,'صغري',2.00,1.00,2.00),(110,632,'صغري',2.00,2.00,4.00),(204,633,'صغري',15.00,1.00,15.00),(700,634,'صغري',20.00,1.00,20.00),(374,635,'صغري',5.00,2.00,10.00),(413,636,'صغري',5.00,1.00,5.00),(666,637,'صغري',3.00,5.00,15.00),(374,638,'صغري',5.00,1.00,5.00),(717,638,'صغري',5.00,1.00,5.00),(105,639,'صغري',2.00,2.00,4.00),(272,639,'صغري',1.00,1.00,1.00),(102,640,'صغري',5.00,1.00,5.00),(374,640,'صغري',5.00,1.00,5.00),(363,641,'صغري',8.00,2.00,16.00),(385,642,'صغري',5.00,1.00,5.00),(119,644,'صغري',5.00,1.00,5.00),(373,645,'صغري',5.00,1.00,5.00),(367,645,'صغري',5.00,1.00,5.00),(170,646,'صغري',10.00,1.00,10.00),(583,646,'صغري',10.00,1.00,10.00),(666,647,'صغري',3.00,1.00,3.00),(353,647,'صغري',5.00,1.00,5.00),(354,647,'صغري',3.00,2.00,6.00),(355,647,'صغري',4.00,2.00,8.00),(148,647,'صغري',7.00,1.00,7.00),(272,647,'صغري',1.00,2.00,2.00),(355,648,'صغري',4.00,1.00,4.00),(342,648,'صغري',7.00,1.00,7.00),(198,649,'صغري',5.00,1.00,5.00),(687,649,'صغري',5.00,2.00,10.00),(102,650,'صغري',5.00,2.00,10.00),(595,651,'صغري',5.00,1.00,5.00),(398,652,'صغري',5.00,2.00,10.00),(99,653,'صغري',2.00,2.00,4.00),(580,654,'صغري',10.00,1.00,10.00),(374,655,'صغري',5.00,1.00,5.00),(368,655,'صغري',5.00,1.00,5.00),(607,656,'صغري',3.00,1.00,3.00),(363,656,'صغري',8.00,1.00,8.00),(374,656,'صغري',5.00,1.00,5.00),(573,657,'صغري',6.00,2.00,12.00),(68,657,'صغري',8.00,1.00,8.00),(650,658,'صغري',45.00,1.00,45.00),(355,659,'صغري',4.00,2.00,8.00),(525,660,'صغري',2.00,1.00,2.00),(680,661,'صغري',95.00,1.00,95.00),(347,662,'صغري',10.00,1.00,10.00),(108,663,'صغري',3.00,2.00,6.00),(586,663,'صغري',5.00,1.00,5.00),(666,664,'صغري',3.00,1.00,3.00),(576,665,'صغري',5.00,1.00,5.00),(7,666,'صغري',40.00,1.00,40.00),(558,667,'صغري',17.00,4.00,68.00),(350,668,'صغري',5.00,1.00,5.00),(374,668,'صغري',5.00,1.00,5.00),(565,669,'صغري',5.00,1.00,5.00),(348,669,'صغري',5.00,1.00,5.00),(209,670,'صغري',20.00,2.00,40.00),(345,670,'صغري',10.00,1.00,10.00),(98,671,'صغري',2.00,1.00,2.00),(607,671,'صغري',3.00,1.00,3.00),(666,672,'صغري',3.00,1.00,3.00),(606,673,'صغري',5.00,1.00,5.00),(658,673,'صغري',25.00,1.00,25.00),(117,673,'صغري',15.00,1.00,15.00),(552,673,'صغري',15.00,1.00,15.00),(693,673,'صغري',22.00,1.00,22.00),(692,673,'صغري',22.00,1.00,22.00),(374,674,'صغري',5.00,1.00,5.00),(580,674,'صغري',10.00,1.00,10.00),(564,675,'صغري',5.00,1.00,5.00),(676,676,'صغري',55.00,1.00,55.00),(715,677,'صغري',2.00,2.00,4.00),(24,677,'صغري',5.00,1.00,5.00),(272,677,'صغري',1.00,1.00,1.00),(253,678,'صغري',5.00,1.00,5.00),(717,678,'صغري',5.00,1.00,5.00),(236,679,'صغري',30.00,1.00,30.00),(576,680,'صغري',5.00,1.00,5.00),(280,681,'صغري',12.50,2.00,25.00),(385,681,'صغري',5.00,2.00,10.00),(607,681,'صغري',3.00,3.00,9.00),(82,681,'صغري',5.00,2.00,10.00),(101,681,'صغري',5.00,2.00,10.00),(356,682,'صغري',5.00,1.00,5.00),(385,682,'صغري',5.00,2.00,10.00),(576,684,'صغري',5.00,1.00,5.00),(413,685,'صغري',5.00,1.00,5.00),(670,686,'صغري',5.00,1.00,5.00),(186,687,'صغري',6.00,1.00,6.00),(525,688,'صغري',2.00,1.00,2.00),(138,689,'صغري',5.00,1.00,5.00),(358,689,'صغري',5.00,1.00,5.00),(580,691,'صغري',10.00,1.00,10.00),(122,692,'صغري',20.00,3.00,60.00),(374,693,'صغري',5.00,1.00,5.00),(717,693,'صغري',5.00,1.00,5.00),(398,693,'صغري',5.00,1.00,5.00),(666,694,'صغري',3.00,1.00,3.00),(207,695,'صغري',2.00,20.00,40.00),(607,696,'صغري',3.00,1.00,3.00),(98,696,'صغري',2.00,1.00,2.00),(354,697,'صغري',3.00,10.00,30.00),(413,698,'صغري',5.00,4.00,20.00),(717,698,'صغري',5.00,1.00,5.00),(24,699,'صغري',5.00,4.00,20.00),(209,699,'صغري',20.00,1.00,20.00),(82,699,'صغري',5.00,1.00,5.00),(367,699,'صغري',5.00,1.00,5.00),(107,700,'صغري',2.00,1.00,2.00),(607,701,'صغري',3.00,1.00,3.00),(207,701,'صغري',2.00,1.00,2.00),(607,702,'صغري',3.00,1.00,3.00),(525,703,'صغري',2.00,1.00,2.00),(349,704,'صغري',5.00,2.00,10.00),(568,704,'صغري',5.00,2.00,10.00),(350,704,'صغري',5.00,2.00,10.00),(413,705,'صغري',5.00,1.00,5.00),(687,707,'صغري',5.00,6.00,30.00),(363,707,'صغري',8.00,1.00,8.00),(374,707,'صغري',5.00,1.00,5.00),(525,707,'صغري',2.00,1.00,2.00),(666,708,'صغري',3.00,2.00,6.00),(525,708,'صغري',2.00,2.00,4.00),(525,709,'صغري',2.00,1.00,2.00),(374,711,'صغري',5.00,1.00,5.00),(666,712,'صغري',3.00,2.00,6.00),(715,714,'صغري',2.00,3.00,6.00),(292,714,'صغري',3.00,1.00,3.00),(367,714,'صغري',5.00,2.00,10.00),(580,715,'صغري',10.00,2.00,20.00),(565,716,'صغري',5.00,2.00,10.00),(723,710,'صغري',5.00,1.00,5.00),(102,710,'صغري',5.00,1.00,5.00),(297,717,'صغري',25.00,1.00,25.00),(522,717,'صغري',10.00,1.00,10.00),(521,717,'صغري',10.00,1.00,10.00),(365,718,'صغري',5.00,1.00,5.00),(723,719,'صغري',5.00,3.00,15.00),(607,720,'صغري',3.00,1.00,3.00),(288,721,'صغري',3.00,1.00,3.00),(666,722,'صغري',3.00,1.00,3.00),(374,723,'صغري',5.00,1.00,5.00),(362,723,'صغري',6.00,1.00,6.00),(350,724,'صغري',5.00,1.00,5.00),(564,724,'صغري',5.00,1.00,5.00),(110,724,'صغري',2.00,2.00,4.00),(374,725,'صغري',5.00,3.00,15.00),(373,725,'صغري',5.00,1.00,5.00),(552,727,'صغري',15.00,1.00,15.00),(614,728,'صغري',45.00,1.00,45.00),(636,728,'صغري',35.00,1.00,35.00),(137,728,'صغري',5.00,1.00,5.00),(669,728,'صغري',30.00,1.00,30.00),(666,729,'صغري',3.00,3.00,9.00),(350,729,'صغري',5.00,2.00,10.00),(349,729,'صغري',5.00,4.00,20.00),(568,729,'صغري',5.00,4.00,20.00),(272,729,'صغري',0.50,2.00,1.00),(413,730,'صغري',5.00,1.00,5.00),(182,731,'صغري',5.00,1.00,5.00),(105,731,'صغري',2.00,1.00,2.00),(354,731,'صغري',3.00,2.00,6.00),(666,731,'صغري',3.00,1.00,3.00),(666,732,'صغري',3.00,2.00,6.00),(98,732,'صغري',2.00,1.00,2.00),(110,732,'صغري',2.00,1.00,2.00),(413,733,'صغري',5.00,1.00,5.00),(607,734,'صغري',3.00,1.00,3.00),(723,735,'صغري',5.00,2.00,10.00),(364,736,'صغري',7.00,1.00,7.00),(360,737,'صغري',6.00,1.00,6.00),(368,737,'صغري',5.00,1.00,5.00),(515,737,'صغري',5.00,1.00,5.00),(607,737,'صغري',3.00,1.00,3.00),(272,737,'صغري',1.00,1.00,1.00),(723,738,'صغري',5.00,1.00,5.00),(347,739,'صغري',10.00,1.00,10.00),(413,740,'صغري',5.00,1.00,5.00),(565,741,'صغري',5.00,1.00,5.00),(350,741,'صغري',5.00,1.00,5.00),(337,743,'صغري',3.00,3.00,9.00),(356,744,'صغري',5.00,2.00,10.00),(398,744,'صغري',5.00,1.00,5.00),(331,745,'صغري',3.00,3.00,9.00),(566,745,'صغري',5.00,1.00,5.00),(557,745,'صغري',5.00,1.00,5.00),(88,745,'صغري',5.00,1.00,5.00),(292,745,'صغري',3.00,1.00,3.00),(24,745,'صغري',5.00,1.00,5.00),(666,745,'صغري',3.00,2.00,6.00),(99,745,'صغري',2.00,1.00,2.00),(102,746,'صغري',5.00,1.00,5.00),(374,746,'صغري',5.00,1.00,5.00),(413,746,'صغري',5.00,1.00,5.00),(92,747,'صغري',5.00,1.00,5.00),(359,747,'صغري',5.00,1.00,5.00),(398,748,'صغري',5.00,2.00,10.00),(345,749,'صغري',10.00,1.00,10.00),(398,749,'صغري',5.00,2.00,10.00),(576,749,'صغري',5.00,1.00,5.00),(105,749,'صغري',2.00,2.00,4.00),(523,749,'صغري',3.00,1.00,3.00),(110,749,'صغري',2.00,1.00,2.00),(272,749,'صغري',0.50,2.00,1.00),(342,750,'صغري',7.00,1.00,7.00),(343,750,'صغري',7.00,1.00,7.00),(34,750,'صغري',20.00,1.00,20.00),(73,750,'صغري',22.00,1.00,22.00),(74,750,'صغري',20.00,1.00,20.00),(199,750,'صغري',5.00,1.00,5.00),(272,750,'صغري',1.00,4.00,4.00),(413,751,'صغري',5.00,1.00,5.00),(347,753,'صغري',10.00,1.00,10.00),(353,752,'صغري',5.00,1.00,5.00),(357,752,'صغري',5.00,1.00,5.00),(110,754,'صغري',2.00,2.00,4.00),(333,755,'صغري',5.00,1.00,5.00),(717,755,'صغري',5.00,1.00,5.00),(586,756,'صغري',5.00,1.00,5.00),(584,757,'صغري',15.00,2.00,30.00),(580,757,'صغري',10.00,2.00,20.00),(583,757,'صغري',10.00,1.00,10.00),(723,758,'صغري',5.00,1.00,5.00),(183,759,'صغري',5.00,1.00,5.00),(107,759,'صغري',2.00,2.00,4.00),(398,760,'صغري',5.00,1.00,5.00),(374,761,'صغري',5.00,1.00,5.00),(666,762,'صغري',3.00,1.00,3.00),(364,762,'صغري',7.00,4.00,28.00),(564,763,'صغري',5.00,2.00,10.00),(666,763,'صغري',3.00,1.00,3.00),(583,764,'صغري',10.00,1.00,10.00),(373,765,'صغري',5.00,2.00,10.00),(374,765,'صغري',5.00,1.00,5.00),(168,767,'صغري',5.00,1.00,5.00),(607,768,'صغري',3.00,4.00,12.00),(625,768,'صغري',22.00,1.00,22.00),(250,768,'صغري',15.00,1.00,15.00),(272,768,'صغري',0.50,2.00,1.00),(555,768,'صغري',15.00,1.00,15.00),(350,769,'صغري',5.00,2.00,10.00),(73,769,'صغري',22.00,2.00,44.00),(272,769,'صغري',0.50,2.00,1.00),(666,770,'صغري',3.00,1.00,3.00),(100,772,'صغري',3.00,2.00,6.00),(717,773,'صغري',5.00,2.00,10.00),(580,774,'صغري',10.00,2.00,20.00),(580,775,'صغري',10.00,2.00,20.00),(666,775,'صغري',3.00,1.00,3.00),(586,776,'صغري',5.00,1.00,5.00),(351,777,'صغري',5.00,3.00,15.00),(364,778,'صغري',7.00,2.00,14.00),(272,779,'صغري',0.50,2.00,1.00),(413,780,'صغري',5.00,1.00,5.00),(606,781,'صغري',5.00,1.00,5.00),(331,781,'صغري',3.00,1.00,3.00),(666,781,'صغري',3.00,1.00,3.00),(107,781,'صغري',2.00,2.00,4.00),(555,781,'صغري',15.00,1.00,15.00),(583,782,'صغري',10.00,1.00,10.00),(101,783,'صغري',5.00,1.00,5.00),(583,784,'صغري',10.00,1.00,10.00),(586,784,'صغري',5.00,1.00,5.00),(342,785,'صغري',7.00,1.00,7.00),(107,785,'صغري',2.00,3.00,6.00),(104,785,'صغري',3.00,1.00,3.00),(269,786,'صغري',13.00,1.00,13.00),(723,786,'صغري',5.00,2.00,10.00),(54,787,'صغري',20.00,1.00,20.00),(398,788,'صغري',5.00,1.00,5.00),(165,788,'صغري',10.00,2.00,20.00),(374,788,'صغري',5.00,1.00,5.00),(373,788,'صغري',5.00,1.00,5.00),(296,789,'صغري',30.00,1.00,30.00),(4,789,'صغري',300.00,1.00,300.00),(370,790,'صغري',5.00,1.00,5.00),(297,791,'صغري',25.00,1.00,25.00),(521,791,'صغري',10.00,2.00,20.00),(385,792,'صغري',5.00,2.00,10.00),(413,793,'صغري',5.00,2.00,10.00),(565,793,'صغري',5.00,2.00,10.00),(557,793,'صغري',5.00,1.00,5.00),(398,794,'صغري',5.00,1.00,5.00),(369,795,'صغري',5.00,1.00,5.00),(558,796,'صغري',17.00,1.00,17.00),(606,796,'صغري',5.00,1.00,5.00),(288,796,'صغري',3.00,1.00,3.00),(250,797,'صغري',15.00,1.00,15.00),(209,797,'صغري',25.00,1.00,25.00),(207,797,'صغري',2.00,15.00,30.00),(687,798,'صغري',5.00,2.00,10.00),(398,798,'صغري',5.00,2.00,10.00),(374,799,'صغري',5.00,2.00,10.00),(364,799,'صغري',7.00,1.00,7.00),(557,800,'صغري',5.00,1.00,5.00),(413,800,'صغري',5.00,1.00,5.00),(666,801,'صغري',3.00,1.00,3.00),(413,802,'صغري',5.00,1.00,5.00),(385,802,'صغري',5.00,1.00,5.00),(288,802,'صغري',3.00,1.00,3.00),(354,802,'صغري',3.00,1.00,3.00),(374,803,'صغري',5.00,1.00,5.00),(398,803,'صغري',5.00,1.00,5.00),(576,804,'صغري',5.00,1.00,5.00),(413,805,'صغري',5.00,1.00,5.00),(349,806,'صغري',5.00,1.00,5.00),(328,806,'صغري',5.00,1.00,5.00),(356,806,'صغري',5.00,2.00,10.00),(515,807,'صغري',5.00,1.00,5.00),(373,808,'صغري',5.00,2.00,10.00),(347,810,'صغري',10.00,1.00,10.00),(7,810,'صغري',35.00,1.00,35.00),(708,811,'صغري',13.00,3.00,39.00),(269,811,'صغري',13.00,1.00,13.00),(308,812,'صغري',20.00,1.00,20.00),(621,813,'صغري',85.00,1.00,85.00),(715,814,'صغري',2.00,1.00,2.00),(297,814,'صغري',25.00,2.00,50.00),(628,815,'صغري',45.00,2.00,90.00),(616,815,'صغري',40.00,1.00,40.00),(615,815,'صغري',40.00,1.00,40.00),(618,815,'صغري',40.00,1.00,40.00),(665,815,'صغري',75.00,1.00,75.00),(151,815,'صغري',22.00,1.00,22.00),(85,815,'صغري',20.00,4.00,80.00),(75,815,'صغري',55.00,1.00,55.00),(353,816,'صغري',5.00,1.00,5.00),(521,817,'صغري',10.00,1.00,10.00),(83,818,'صغري',5.00,2.00,10.00),(120,818,'صغري',5.00,1.00,5.00),(398,819,'صغري',5.00,1.00,5.00),(398,820,'صغري',5.00,1.00,5.00),(93,821,'صغري',5.00,2.00,10.00),(107,822,'صغري',2.00,1.00,2.00),(584,822,'صغري',15.00,1.00,15.00),(154,823,'صغري',3.00,4.00,12.00),(398,823,'صغري',5.00,2.00,10.00),(553,823,'صغري',15.00,1.00,15.00),(288,823,'صغري',3.00,1.00,3.00),(594,824,'صغري',15.00,1.00,15.00),(666,824,'صغري',3.00,1.00,3.00),(696,825,'صغري',65.00,1.00,65.00),(583,825,'صغري',10.00,1.00,10.00),(580,825,'صغري',10.00,1.00,10.00),(565,827,'صغري',5.00,2.00,10.00),(413,828,'صغري',5.00,1.00,5.00),(583,829,'صغري',10.00,1.00,10.00),(322,826,'صغري',20.00,1.00,20.00),(729,826,'صغري',20.00,4.00,80.00),(600,826,'صغري',15.00,2.00,30.00),(583,826,'صغري',10.00,1.00,10.00),(586,826,'صغري',5.00,1.00,5.00),(592,826,'صغري',20.00,2.00,40.00),(413,826,'صغري',5.00,1.00,5.00),(93,826,'صغري',5.00,4.00,20.00),(717,830,'صغري',5.00,1.00,5.00),(717,832,'صغري',5.00,1.00,5.00),(374,831,'صغري',5.00,1.00,5.00),(348,833,'صغري',5.00,1.00,5.00),(110,833,'صغري',2.00,1.00,2.00),(711,833,'صغري',2.00,1.00,2.00),(111,833,'صغري',2.00,1.00,2.00),(666,834,'صغري',3.00,1.00,3.00),(398,835,'صغري',5.00,1.00,5.00),(578,836,'صغري',5.00,1.00,5.00),(355,837,'صغري',4.00,6.00,24.00),(353,837,'صغري',5.00,2.00,10.00),(354,837,'صغري',3.00,2.00,6.00),(719,837,'صغري',20.00,1.00,20.00),(515,837,'صغري',5.00,1.00,5.00),(385,837,'صغري',5.00,1.00,5.00),(586,838,'صغري',5.00,2.00,10.00),(385,840,'صغري',5.00,2.00,10.00),(666,840,'صغري',3.00,2.00,6.00),(580,840,'صغري',10.00,1.00,10.00),(717,839,'صغري',5.00,1.00,5.00),(580,839,'صغري',10.00,1.00,10.00),(564,841,'صغري',5.00,2.00,10.00),(101,841,'صغري',5.00,1.00,5.00),(668,842,'صغري',3.00,1.00,3.00),(101,843,'صغري',5.00,1.00,5.00),(607,843,'صغري',3.00,4.00,12.00),(398,843,'صغري',5.00,3.00,15.00),(354,844,'صغري',3.00,2.00,6.00),(398,846,'صغري',5.00,4.00,20.00),(349,845,'صغري',5.00,1.00,5.00),(398,847,'صغري',5.00,1.00,5.00),(385,848,'صغري',5.00,1.00,5.00),(374,848,'صغري',5.00,1.00,5.00),(352,850,'صغري',5.00,1.00,5.00),(580,851,'صغري',10.00,1.00,10.00),(398,852,'صغري',5.00,1.00,5.00),(366,852,'صغري',6.00,1.00,6.00),(565,853,'صغري',5.00,2.00,10.00),(349,853,'صغري',5.00,1.00,5.00),(374,854,'صغري',5.00,2.00,10.00),(354,855,'صغري',3.00,1.00,3.00),(352,856,'صغري',5.00,1.00,5.00),(182,858,'صغري',5.00,1.00,5.00),(354,858,'صغري',3.00,2.00,6.00),(105,858,'صغري',2.00,1.00,2.00),(666,858,'صغري',3.00,1.00,3.00),(104,859,'صغري',3.00,1.00,3.00),(385,860,'صغري',5.00,1.00,5.00),(367,861,'صغري',5.00,3.00,15.00),(353,862,'صغري',5.00,1.00,5.00),(564,863,'صغري',5.00,2.00,10.00),(576,864,'صغري',5.00,1.00,5.00),(124,864,'صغري',6.00,2.00,12.00),(413,865,'صغري',5.00,1.00,5.00),(666,866,'صغري',3.00,2.00,6.00),(272,866,'صغري',0.50,8.00,4.00),(620,867,'صغري',8.00,1.00,8.00),(181,867,'صغري',5.00,2.00,10.00),(106,867,'صغري',2.00,1.00,2.00),(413,868,'صغري',5.00,1.00,5.00),(374,869,'صغري',5.00,3.00,15.00),(564,869,'صغري',5.00,1.00,5.00),(666,869,'صغري',3.00,2.00,6.00),(24,870,'صغري',5.00,2.00,10.00),(398,870,'صغري',5.00,1.00,5.00),(591,871,'صغري',15.00,1.00,15.00),(682,872,'صغري',140.00,1.00,140.00),(624,872,'صغري',10.00,10.00,100.00),(548,872,'صغري',5.00,5.00,25.00),(119,872,'صغري',5.00,2.00,10.00),(120,872,'صغري',5.00,1.00,5.00),(624,873,'صغري',10.00,1.00,10.00),(689,873,'صغري',35.00,1.00,35.00),(694,873,'صغري',85.00,1.00,85.00),(600,876,'صغري',15.00,1.00,15.00),(413,878,'صغري',5.00,1.00,5.00),(666,879,'صغري',1.75,20.00,35.00),(584,880,'صغري',12.00,1.00,12.00),(666,880,'صغري',3.00,1.00,3.00),(586,881,'صغري',5.00,2.00,10.00),(62,882,'صغري',40.00,1.00,40.00),(385,882,'صغري',5.00,1.00,5.00),(398,882,'صغري',5.00,1.00,5.00),(374,883,'صغري',5.00,1.00,5.00),(351,884,'صغري',5.00,1.00,5.00),(349,884,'صغري',5.00,3.00,15.00),(568,884,'صغري',5.00,2.00,10.00),(398,884,'صغري',5.00,2.00,10.00),(368,886,'صغري',5.00,1.00,5.00),(102,887,'صغري',5.00,1.00,5.00),(413,887,'صغري',5.00,1.00,5.00),(583,888,'صغري',10.00,1.00,10.00),(578,889,'صغري',5.00,3.00,15.00),(374,890,'صغري',5.00,1.00,5.00),(607,891,'صغري',3.00,1.00,3.00),(525,891,'صغري',2.00,1.00,2.00),(723,892,'صغري',5.00,6.00,30.00),(341,893,'صغري',7.00,1.00,7.00),(342,893,'صغري',7.00,1.00,7.00),(107,894,'صغري',2.00,2.00,4.00),(586,894,'صغري',5.00,1.00,5.00),(580,895,'صغري',10.00,1.00,10.00),(666,895,'صغري',3.00,1.00,3.00),(525,895,'صغري',2.00,1.00,2.00),(650,896,'صغري',45.00,3.00,135.00),(583,896,'صغري',10.00,1.00,10.00),(689,897,'صغري',35.00,1.00,35.00),(24,899,'صغري',5.00,1.00,5.00),(614,898,'صغري',45.00,1.00,45.00),(580,898,'صغري',5.00,1.00,5.00),(249,900,'صغري',6.00,2.00,12.00),(116,900,'صغري',15.00,1.00,15.00),(117,900,'صغري',15.00,1.00,15.00),(587,901,'صغري',15.00,2.00,30.00),(744,901,'صغري',5.00,2.00,10.00),(398,902,'صغري',5.00,1.00,5.00),(723,903,'صغري',5.00,1.00,5.00),(200,904,'صغري',5.00,1.00,5.00),(373,905,'صغري',5.00,2.00,10.00),(580,906,'صغري',10.00,2.00,20.00),(666,906,'صغري',3.00,2.00,6.00),(24,907,'صغري',3.34,24.00,80.16),(746,907,'صغري',15.00,2.00,30.00),(182,908,'صغري',5.00,1.00,5.00),(354,908,'صغري',3.00,1.00,3.00),(666,908,'صغري',3.00,1.00,3.00),(666,909,'صغري',3.00,2.00,6.00),(398,910,'صغري',5.00,1.00,5.00),(5,911,'صغري',200.00,1.00,200.00),(398,912,'صغري',5.00,2.00,10.00),(119,912,'صغري',5.00,1.00,5.00),(253,912,'صغري',5.00,1.00,5.00),(580,913,'صغري',10.00,1.00,10.00),(580,914,'صغري',10.00,3.00,30.00),(121,915,'صغري',20.00,1.00,20.00),(719,915,'صغري',20.00,1.00,20.00),(329,916,'صغري',17.00,1.00,17.00),(557,916,'صغري',5.00,1.00,5.00),(525,916,'صغري',2.00,1.00,2.00),(345,917,'صغري',10.00,1.00,10.00),(371,918,'صغري',5.00,1.00,5.00),(578,918,'صغري',5.00,1.00,5.00),(368,918,'صغري',5.00,1.00,5.00),(250,918,'صغري',15.00,1.00,15.00),(249,918,'صغري',6.00,2.00,12.00),(712,918,'صغري',10.00,1.00,10.00),(209,918,'صغري',25.00,2.00,50.00),(180,918,'صغري',13.00,1.00,13.00),(398,918,'صغري',5.00,2.00,10.00),(207,918,'صغري',2.00,15.00,30.00),(374,919,'صغري',5.00,1.00,5.00),(717,919,'صغري',5.00,1.00,5.00),(398,919,'صغري',5.00,1.00,5.00),(580,920,'صغري',10.00,1.00,10.00),(584,920,'صغري',15.00,1.00,15.00),(666,921,'صغري',3.00,1.00,3.00),(586,921,'صغري',5.00,1.00,5.00),(209,922,'صغري',20.00,1.00,20.00),(210,922,'صغري',20.00,1.00,20.00),(167,923,'صغري',5.00,1.00,5.00),(666,925,'صغري',3.00,1.00,3.00),(666,926,'صغري',3.00,1.00,3.00),(586,927,'صغري',5.00,1.00,5.00),(586,928,'صغري',5.00,1.00,5.00),(107,928,'صغري',2.00,1.00,2.00),(80,929,'صغري',12.00,1.00,12.00),(24,930,'صغري',5.00,2.00,10.00),(373,930,'صغري',5.00,1.00,5.00),(583,931,'صغري',10.00,1.00,10.00),(717,932,'صغري',5.00,1.00,5.00),(417,933,'صغري',1.00,1.00,1.00),(321,934,'صغري',20.00,1.00,20.00),(413,934,'صغري',5.00,1.00,5.00),(83,935,'صغري',5.00,1.00,5.00),(413,936,'صغري',5.00,2.00,10.00),(580,937,'صغري',10.00,2.00,20.00),(586,937,'صغري',5.00,1.00,5.00),(679,938,'صغري',95.00,1.00,95.00),(83,938,'صغري',5.00,1.00,5.00),(583,939,'صغري',10.00,3.00,30.00),(525,939,'صغري',2.00,1.00,2.00),(723,940,'صغري',5.00,4.00,20.00),(580,941,'صغري',10.00,1.00,10.00),(374,942,'صغري',5.00,5.00,25.00),(353,942,'صغري',5.00,2.00,10.00),(723,943,'صغري',5.00,1.00,5.00),(565,944,'صغري',5.00,2.00,10.00),(598,945,'صغري',15.00,1.00,15.00),(335,945,'صغري',5.00,1.00,5.00),(105,945,'صغري',2.00,1.00,2.00),(723,946,'صغري',5.00,1.00,5.00),(583,947,'صغري',10.00,2.00,20.00),(744,948,'صغري',5.00,2.00,10.00),(119,949,'صغري',5.00,2.00,10.00),(120,949,'صغري',5.00,2.00,10.00),(96,949,'صغري',10.00,1.00,10.00),(580,949,'صغري',10.00,1.00,10.00),(666,951,'صغري',3.00,1.00,3.00),(515,951,'صغري',5.00,1.00,5.00),(586,950,'صغري',5.00,1.00,5.00),(515,952,'صغري',5.00,1.00,5.00),(580,952,'صغري',10.00,1.00,10.00),(584,952,'صغري',15.00,1.00,15.00),(25,952,'صغري',8.00,1.00,8.00),(525,952,'صغري',2.00,1.00,2.00),(712,953,'صغري',10.00,1.00,10.00),(515,954,'صغري',5.00,1.00,5.00),(666,955,'صغري',3.00,5.00,15.00),(580,956,'صغري',10.00,2.00,20.00),(358,957,'صغري',5.00,1.00,5.00),(98,957,'صغري',2.00,2.00,4.00),(272,957,'صغري',0.50,2.00,1.00),(367,958,'صغري',5.00,2.00,10.00),(413,959,'صغري',5.00,1.00,5.00),(102,959,'صغري',5.00,1.00,5.00),(666,960,'صغري',3.00,2.00,6.00),(565,960,'صغري',5.00,1.00,5.00),(351,960,'صغري',5.00,1.00,5.00),(348,960,'صغري',5.00,1.00,5.00),(417,961,'صغري',1.00,1.00,1.00),(182,961,'صغري',5.00,1.00,5.00),(105,961,'صغري',2.00,1.00,2.00),(666,961,'صغري',3.00,1.00,3.00),(354,961,'صغري',3.00,2.00,6.00),(723,961,'صغري',3.00,1.00,3.00),(360,962,'صغري',6.00,3.00,18.00),(105,962,'صغري',2.00,1.00,2.00),(398,963,'صغري',5.00,1.00,5.00),(364,964,'صغري',7.00,4.00,28.00),(105,964,'صغري',2.00,1.00,2.00),(666,965,'صغري',3.00,2.00,6.00),(362,966,'صغري',6.00,1.00,6.00),(361,966,'صغري',6.00,1.00,6.00),(360,966,'صغري',6.00,1.00,6.00),(525,966,'صغري',2.00,1.00,2.00),(275,967,'صغري',25.00,2.00,50.00),(586,968,'صغري',5.00,1.00,5.00),(580,969,'صغري',10.00,2.00,20.00),(413,971,'صغري',5.00,1.00,5.00),(398,972,'صغري',5.00,2.00,10.00),(116,973,'صغري',15.00,1.00,15.00),(717,973,'صغري',5.00,1.00,5.00),(182,974,'صغري',5.00,1.00,5.00),(83,974,'صغري',5.00,1.00,5.00),(666,975,'صغري',3.00,1.00,3.00),(374,975,'صغري',5.00,2.00,10.00),(578,975,'صغري',5.00,1.00,5.00),(398,975,'صغري',5.00,1.00,5.00),(525,975,'صغري',2.00,1.00,2.00),(355,976,'صغري',4.00,2.00,8.00),(346,976,'صغري',10.00,1.00,10.00),(374,978,'صغري',5.00,1.00,5.00),(354,979,'صغري',3.00,1.00,3.00),(355,979,'صغري',4.00,1.00,4.00),(345,980,'صغري',10.00,1.00,10.00),(277,981,'صغري',25.00,1.00,25.00),(275,981,'صغري',25.00,1.00,25.00),(717,982,'صغري',5.00,1.00,5.00),(746,982,'صغري',15.00,1.00,15.00),(417,983,'صغري',1.00,1.00,1.00),(584,984,'صغري',12.00,1.00,12.00),(666,984,'صغري',3.00,1.00,3.00),(572,985,'صغري',3.00,2.00,6.00),(351,986,'صغري',5.00,2.00,10.00),(565,986,'صغري',5.00,2.00,10.00),(568,986,'صغري',5.00,1.00,5.00),(349,986,'صغري',5.00,1.00,5.00),(573,987,'صغري',6.00,1.00,6.00),(563,988,'صغري',23.00,2.00,46.00),(105,989,'صغري',2.00,2.00,4.00),(572,990,'صغري',3.00,2.00,6.00),(354,991,'صغري',3.00,3.00,9.00),(272,991,'صغري',1.00,1.00,1.00),(373,992,'صغري',5.00,1.00,5.00),(604,993,'صغري',50.00,1.00,50.00),(672,993,'صغري',55.00,1.00,55.00),(723,994,'صغري',2.50,2.00,5.00),(297,995,'صغري',25.00,4.00,100.00),(322,995,'صغري',20.00,1.00,20.00),(635,995,'صغري',35.00,1.00,35.00),(151,995,'صغري',25.00,3.00,75.00),(253,995,'صغري',5.00,6.00,30.00),(696,995,'صغري',65.00,1.00,65.00),(679,995,'صغري',95.00,2.00,190.00),(689,995,'صغري',35.00,1.00,35.00),(81,995,'صغري',5.00,5.00,25.00),(358,995,'صغري',5.00,5.00,25.00),(619,996,'صغري',35.00,1.00,35.00),(413,997,'صغري',5.00,1.00,5.00),(572,997,'صغري',3.00,4.00,12.00),(184,997,'صغري',3.00,1.00,3.00),(666,998,'صغري',3.00,2.00,6.00),(723,999,'صغري',5.00,1.00,5.00),(583,1000,'صغري',10.00,1.00,10.00),(348,1001,'صغري',5.00,5.00,25.00),(121,1002,'صغري',20.00,1.00,20.00),(586,1003,'صغري',5.00,1.00,5.00),(717,1004,'صغري',5.00,1.00,5.00),(586,1004,'صغري',5.00,1.00,5.00),(192,1005,'صغري',5.00,1.00,5.00),(343,1006,'صغري',7.00,1.00,7.00),(342,1006,'صغري',7.00,1.00,7.00),(557,1006,'صغري',5.00,1.00,5.00),(719,1007,'صغري',20.00,1.00,20.00),(121,1007,'صغري',20.00,1.00,20.00),(130,1007,'صغري',10.00,3.00,30.00),(274,1007,'صغري',30.00,1.00,30.00),(108,1008,'صغري',3.00,1.00,3.00),(580,1009,'صغري',10.00,1.00,10.00),(354,1010,'صغري',3.00,1.00,3.00),(666,1010,'صغري',3.00,1.00,3.00),(105,1010,'صغري',2.00,1.00,2.00),(666,1011,'صغري',3.00,2.00,6.00),(548,1012,'صغري',5.00,2.00,10.00),(666,1012,'صغري',3.00,2.00,6.00),(398,1013,'صغري',5.00,1.00,5.00),(578,1013,'صغري',5.00,1.00,5.00),(356,1013,'صغري',5.00,1.00,5.00),(184,1013,'صغري',3.00,5.00,15.00),(525,1013,'صغري',2.00,1.00,2.00),(643,1014,'صغري',45.00,1.00,45.00),(373,1014,'صغري',5.00,1.00,5.00),(83,1014,'صغري',5.00,1.00,5.00),(83,1015,'صغري',5.00,1.00,5.00),(172,1016,'صغري',10.00,2.00,20.00),(173,1016,'صغري',10.00,1.00,10.00),(170,1016,'صغري',10.00,1.00,10.00),(666,1017,'صغري',3.00,2.00,6.00),(584,1018,'صغري',15.00,1.00,15.00),(600,1018,'صغري',15.00,1.00,15.00),(197,1018,'صغري',5.00,1.00,5.00),(175,1020,'صغري',10.00,1.00,10.00),(69,1021,'صغري',8.00,3.00,24.00),(583,1021,'صغري',10.00,2.00,20.00),(584,1021,'صغري',15.00,1.00,15.00),(586,1021,'صغري',5.00,1.00,5.00),(746,1022,'صغري',15.00,1.00,15.00),(548,1023,'صغري',5.00,1.00,5.00),(82,1023,'صغري',5.00,2.00,10.00),(210,1023,'صغري',25.00,1.00,25.00),(177,1023,'صغري',20.00,1.00,20.00),(583,1024,'صغري',10.00,2.00,20.00),(398,1025,'صغري',5.00,1.00,5.00),(585,1026,'صغري',5.00,2.00,10.00),(398,1027,'صغري',5.00,1.00,5.00),(367,1027,'صغري',5.00,2.00,10.00),(24,1028,'صغري',5.00,2.00,10.00),(359,1028,'صغري',5.00,1.00,5.00),(68,1028,'صغري',8.00,1.00,8.00),(629,1031,'صغري',50.00,1.00,50.00),(530,1031,'صغري',20.00,1.00,20.00),(680,1031,'صغري',95.00,1.00,95.00),(123,1031,'صغري',15.00,1.00,15.00),(580,1032,'صغري',10.00,1.00,10.00),(586,1032,'صغري',5.00,1.00,5.00),(716,1033,'صغري',20.00,2.00,40.00),(126,1034,'صغري',10.00,2.00,20.00),(127,1034,'صغري',10.00,1.00,10.00),(83,1034,'صغري',5.00,3.00,15.00),(583,1034,'صغري',10.00,1.00,10.00),(82,1035,'صغري',5.00,1.00,5.00),(24,1036,'صغري',5.00,1.00,5.00),(102,1036,'صغري',5.00,1.00,5.00),(398,1036,'صغري',5.00,1.00,5.00),(374,1037,'صغري',5.00,2.00,10.00),(102,1038,'صغري',5.00,1.00,5.00),(594,1039,'صغري',15.00,1.00,15.00),(525,1040,'صغري',2.00,1.00,2.00),(82,1041,'صغري',5.00,1.00,5.00),(666,1042,'صغري',3.00,1.00,3.00),(525,1042,'صغري',2.00,1.00,2.00),(329,1043,'صغري',17.00,2.00,34.00),(580,1043,'صغري',10.00,1.00,10.00),(584,1043,'صغري',15.00,1.00,15.00),(525,1043,'صغري',2.00,1.00,2.00),(696,1043,'صغري',65.00,1.00,65.00),(417,1044,'صغري',1.00,5.00,5.00),(83,1045,'صغري',5.00,1.00,5.00),(398,1046,'صغري',5.00,1.00,5.00),(516,1046,'صغري',60.00,1.00,60.00),(151,1046,'صغري',25.00,1.00,25.00),(637,1047,'صغري',45.00,1.00,45.00),(564,1047,'صغري',4.00,2.00,8.00),(357,1047,'صغري',4.00,2.00,8.00),(524,1048,'صغري',2.00,5.00,10.00),(374,1049,'صغري',5.00,1.00,5.00),(717,1050,'صغري',5.00,1.00,5.00),(374,1050,'صغري',5.00,1.00,5.00),(105,1051,'صغري',2.00,1.00,2.00),(342,1052,'صغري',7.00,1.00,7.00),(373,1053,'صغري',5.00,1.00,5.00),(111,1053,'صغري',2.00,1.00,2.00),(580,1053,'صغري',10.00,1.00,10.00),(586,1053,'صغري',5.00,1.00,5.00),(565,1054,'صغري',5.00,5.00,25.00),(666,1054,'صغري',3.00,1.00,3.00),(98,1054,'صغري',2.00,1.00,2.00),(586,1055,'صغري',5.00,1.00,5.00),(413,1056,'صغري',5.00,1.00,5.00),(666,1056,'صغري',3.00,1.00,3.00),(351,1057,'صغري',5.00,1.00,5.00),(568,1057,'صغري',5.00,2.00,10.00),(349,1057,'صغري',5.00,3.00,15.00),(350,1057,'صغري',5.00,4.00,20.00),(99,1058,'صغري',2.00,1.00,2.00),(607,1059,'صغري',3.00,7.00,21.00),(576,1060,'صغري',5.00,1.00,5.00),(548,1061,'صغري',5.00,2.00,10.00),(98,1061,'صغري',2.00,2.00,4.00),(99,1061,'صغري',2.00,1.00,2.00),(557,1062,'صغري',5.00,1.00,5.00),(110,1062,'صغري',2.00,1.00,2.00),(374,1063,'صغري',5.00,3.00,15.00),(102,1063,'صغري',5.00,2.00,10.00),(413,1064,'صغري',5.00,1.00,5.00),(738,1065,'صغري',4.00,1.00,4.00),(584,1066,'صغري',15.00,1.00,15.00),(666,1068,'صغري',3.00,1.00,3.00),(354,1068,'صغري',3.00,2.00,6.00),(182,1068,'صغري',5.00,1.00,5.00),(105,1068,'صغري',2.00,1.00,2.00),(572,1069,'صغري',3.00,2.00,6.00),(385,1069,'صغري',5.00,1.00,5.00),(578,1070,'صغري',5.00,1.00,5.00),(278,1073,'صغري',12.50,2.00,25.00),(85,1074,'صغري',20.00,1.00,20.00),(200,1072,'صغري',5.00,1.00,5.00),(573,1076,'صغري',6.00,4.00,24.00),(515,1076,'صغري',5.00,5.00,25.00),(568,1076,'صغري',5.00,1.00,5.00),(564,1076,'صغري',5.00,3.00,15.00),(367,1077,'صغري',5.00,2.00,10.00),(362,1077,'صغري',6.00,1.00,6.00),(364,1077,'صغري',7.00,1.00,7.00),(350,1077,'صغري',5.00,1.00,5.00),(417,1078,'صغري',1.00,1.00,1.00),(613,1079,'صغري',45.00,1.00,45.00),(188,1079,'صغري',5.00,1.00,5.00),(117,1079,'صغري',15.00,3.00,45.00),(116,1079,'صغري',15.00,1.00,15.00),(530,1079,'صغري',20.00,1.00,20.00),(529,1079,'صغري',20.00,1.00,20.00),(556,1080,'صغري',15.00,1.00,15.00),(413,1081,'صغري',5.00,1.00,5.00),(417,1081,'صغري',1.00,3.00,3.00),(105,1082,'صغري',2.00,1.00,2.00),(286,1083,'صغري',20.00,1.00,20.00),(367,1084,'صغري',5.00,1.00,5.00),(117,1085,'صغري',15.00,3.00,45.00),(276,1085,'صغري',25.00,1.00,25.00),(274,1085,'صغري',25.00,1.00,25.00),(121,1086,'صغري',20.00,1.00,20.00),(727,1086,'صغري',12.50,2.00,25.00),(374,1086,'صغري',5.00,2.00,10.00),(373,1086,'صغري',5.00,1.00,5.00),(666,1086,'صغري',3.00,1.00,3.00),(580,1087,'صغري',10.00,1.00,10.00),(727,1088,'صغري',15.00,1.00,15.00),(347,1089,'صغري',10.00,1.00,10.00),(666,1090,'صغري',3.00,3.00,9.00),(297,1091,'صغري',25.00,1.00,25.00),(365,1091,'صغري',5.00,1.00,5.00),(619,1092,'صغري',35.00,1.00,35.00),(580,1092,'صغري',10.00,1.00,10.00),(360,1093,'صغري',6.00,2.00,12.00),(398,1093,'صغري',5.00,1.00,5.00),(99,1093,'صغري',2.00,1.00,2.00),(106,1093,'صغري',2.00,2.00,4.00),(105,1093,'صغري',2.00,1.00,2.00),(586,1094,'صغري',5.00,2.00,10.00),(583,1094,'صغري',10.00,1.00,10.00),(723,1095,'صغري',5.00,1.00,5.00),(347,1096,'صغري',10.00,1.00,10.00),(398,1097,'صغري',5.00,1.00,5.00),(607,1098,'صغري',3.00,1.00,3.00),(173,1098,'صغري',10.00,1.00,10.00),(525,1098,'صغري',2.00,1.00,2.00),(723,1099,'صغري',5.00,1.00,5.00),(349,1100,'صغري',5.00,1.00,5.00),(577,1101,'صغري',45.00,1.00,45.00),(556,1101,'صغري',15.00,1.00,15.00),(552,1101,'صغري',15.00,1.00,15.00),(717,1102,'صغري',5.00,1.00,5.00),(354,1103,'صغري',3.00,2.00,6.00),(738,1103,'صغري',4.00,1.00,4.00),(99,1103,'صغري',2.00,1.00,2.00),(723,1104,'صغري',5.00,1.00,5.00),(374,1105,'صغري',5.00,1.00,5.00),(120,1106,'صغري',5.00,1.00,5.00),(136,1106,'صغري',5.00,1.00,5.00),(119,1106,'صغري',5.00,2.00,10.00),(96,1107,'صغري',10.00,1.00,10.00),(586,1107,'صغري',5.00,4.00,20.00),(342,1108,'صغري',7.00,1.00,7.00),(341,1108,'صغري',7.00,1.00,7.00),(753,1110,'صغري',45.00,2.00,90.00),(364,1110,'صغري',5.42,24.00,130.08),(347,1111,'صغري',10.00,1.00,10.00),(417,1112,'صغري',1.00,1.00,1.00),(572,1113,'صغري',3.00,5.00,15.00),(371,1113,'صغري',5.00,1.00,5.00),(282,1114,'صغري',15.00,1.00,15.00),(586,1115,'صغري',5.00,1.00,5.00),(666,1115,'صغري',3.00,1.00,3.00),(583,1116,'صغري',10.00,1.00,10.00),(723,1117,'صغري',5.00,1.00,5.00),(368,1118,'صغري',5.00,1.00,5.00),(572,1119,'صغري',3.00,2.00,6.00),(717,1119,'صغري',5.00,2.00,10.00),(584,1120,'صغري',15.00,1.00,15.00),(666,1120,'صغري',3.00,1.00,3.00),(586,1121,'صغري',5.00,1.00,5.00),(707,1121,'صغري',13.00,1.00,13.00),(524,1121,'صغري',2.00,1.00,2.00),(666,1122,'صغري',3.00,1.00,3.00),(98,1122,'صغري',2.00,1.00,2.00),(740,1123,'صغري',18.34,1.00,18.34),(209,1123,'صغري',18.34,1.00,18.34),(177,1123,'صغري',18.34,1.00,18.34),(118,1123,'صغري',10.00,1.00,10.00),(719,1124,'صغري',20.00,2.00,40.00),(121,1124,'صغري',20.00,1.00,20.00),(529,1124,'صغري',20.00,1.00,20.00),(580,1124,'صغري',10.00,1.00,10.00),(728,1124,'صغري',20.00,1.00,20.00),(583,1126,'صغري',10.00,2.00,20.00),(176,1127,'صغري',20.00,2.00,40.00),(413,1128,'صغري',5.00,1.00,5.00),(670,1129,'صغري',5.00,3.00,15.00),(374,1130,'صغري',5.00,1.00,5.00),(571,1130,'صغري',5.00,1.00,5.00),(197,1130,'صغري',5.00,2.00,10.00),(164,1130,'صغري',5.00,1.00,5.00),(166,1130,'صغري',5.00,1.00,5.00),(670,1130,'صغري',5.00,1.00,5.00),(80,1130,'صغري',12.00,1.00,12.00),(288,1130,'صغري',3.00,1.00,3.00),(281,1131,'صغري',15.00,1.00,15.00),(607,1132,'صغري',3.00,5.00,15.00),(632,1133,'صغري',45.00,1.00,45.00),(197,1133,'صغري',5.00,1.00,5.00),(188,1133,'صغري',5.00,1.00,5.00),(691,1133,'صغري',85.00,1.00,85.00),(581,1134,'صغري',12.00,1.00,12.00),(581,1135,'صغري',12.00,1.00,12.00),(1,1136,'صغري',48.00,1.00,48.00),(151,1136,'صغري',25.00,3.00,75.00),(78,1136,'صغري',25.00,1.00,25.00),(336,1136,'صغري',5.00,2.00,10.00),(335,1136,'صغري',5.00,2.00,10.00),(525,1136,'صغري',2.00,1.00,2.00),(572,1137,'صغري',3.00,1.00,3.00),(581,1138,'صغري',12.00,1.00,12.00),(102,1139,'صغري',5.00,1.00,5.00),(682,1140,'صغري',130.00,1.00,130.00),(683,1140,'صغري',130.00,1.00,130.00),(640,1140,'صغري',6.00,3.00,18.00),(525,1140,'صغري',2.00,1.00,2.00),(716,1141,'صغري',20.00,1.00,20.00),(69,1142,'صغري',8.00,3.00,24.00),(586,1142,'صغري',5.00,2.00,10.00),(583,1142,'صغري',10.00,1.00,10.00),(83,1143,'صغري',5.00,1.00,5.00),(586,1143,'صغري',5.00,1.00,5.00),(585,1143,'صغري',5.00,1.00,5.00),(600,1144,'صغري',15.00,2.00,30.00),(333,1145,'صغري',5.00,1.00,5.00),(322,1146,'صغري',20.00,1.00,20.00),(130,1147,'صغري',10.00,1.00,10.00),(576,1147,'صغري',5.00,1.00,5.00),(578,1148,'صغري',5.00,1.00,5.00),(558,1149,'صغري',17.00,1.00,17.00),(346,1149,'صغري',10.00,1.00,10.00),(573,1149,'صغري',6.00,2.00,12.00),(553,1149,'صغري',15.00,1.00,15.00),(385,1149,'صغري',5.00,1.00,5.00),(653,1149,'صغري',65.00,1.00,65.00),(142,1149,'صغري',2.00,2.00,4.00),(220,1149,'صغري',15.00,2.00,30.00),(250,1149,'صغري',15.00,4.00,60.00),(178,1149,'صغري',13.00,1.00,13.00),(177,1149,'صغري',20.00,2.00,40.00),(619,1149,'صغري',35.00,1.00,35.00),(398,1149,'صغري',5.00,1.00,5.00),(207,1149,'صغري',2.00,2.00,4.00),(717,1150,'صغري',5.00,5.00,25.00),(344,1150,'صغري',7.00,3.00,21.00),(98,1150,'صغري',2.00,2.00,4.00),(99,1150,'صغري',2.00,1.00,2.00),(620,1152,'صغري',8.00,1.00,8.00),(525,1152,'صغري',2.00,1.00,2.00),(288,1153,'صغري',3.00,1.00,3.00),(168,1154,'صغري',5.00,1.00,5.00),(345,1156,'صغري',10.00,1.00,10.00),(594,1157,'صغري',15.00,3.00,45.00),(687,1157,'صغري',4.00,4.00,16.00),(581,1158,'صغري',12.00,1.00,12.00),(587,1159,'صغري',15.00,1.00,15.00),(513,1159,'صغري',18.00,2.00,36.00),(611,1159,'صغري',30.00,1.00,30.00),(68,1160,'صغري',8.00,1.00,8.00),(70,1160,'صغري',8.00,1.00,8.00),(69,1160,'صغري',8.00,1.00,8.00),(581,1161,'صغري',12.00,1.00,12.00),(17,1162,'صغري',35.00,1.00,35.00),(398,1163,'صغري',5.00,1.00,5.00),(666,1163,'صغري',3.00,1.00,3.00),(586,1164,'صغري',5.00,2.00,10.00),(163,1165,'صغري',5.00,1.00,5.00),(398,1166,'صغري',5.00,1.00,5.00),(540,1166,'صغري',5.00,1.00,5.00),(358,1167,'صغري',5.00,1.00,5.00),(354,1168,'صغري',3.00,4.00,12.00),(544,1169,'صغري',40.00,1.00,40.00),(545,1169,'صغري',40.00,1.00,40.00),(586,1170,'صغري',5.00,1.00,5.00),(581,1171,'صغري',12.00,3.00,36.00),(581,1172,'صغري',12.00,1.00,12.00),(366,1173,'صغري',5.00,1.00,5.00),(413,1174,'صغري',5.00,1.00,5.00),(666,1175,'صغري',3.00,2.00,6.00),(342,1175,'صغري',7.00,1.00,7.00),(343,1175,'صغري',7.00,1.00,7.00),(341,1175,'صغري',7.00,1.00,7.00),(344,1175,'صغري',7.00,1.00,7.00),(413,1176,'صغري',5.00,1.00,5.00),(572,1176,'صغري',3.00,1.00,3.00),(374,1176,'صغري',5.00,1.00,5.00),(586,1177,'صغري',5.00,1.00,5.00),(581,1178,'صغري',12.00,1.00,12.00),(413,1179,'صغري',5.00,1.00,5.00),(348,1179,'صغري',5.00,2.00,10.00),(572,1179,'صغري',2.50,4.00,10.00),(374,1180,'صغري',5.00,2.00,10.00),(515,1181,'صغري',5.00,1.00,5.00),(578,1181,'صغري',5.00,1.00,5.00),(101,1181,'صغري',5.00,1.00,5.00),(515,1183,'صغري',5.00,1.00,5.00),(578,1183,'صغري',5.00,1.00,5.00),(595,1183,'صغري',5.00,1.00,5.00),(354,1184,'صغري',3.00,2.00,6.00),(182,1184,'صغري',5.00,1.00,5.00),(105,1184,'صغري',2.00,1.00,2.00),(666,1184,'صغري',3.00,1.00,3.00),(348,1185,'صغري',5.00,1.00,5.00),(349,1185,'صغري',5.00,1.00,5.00),(572,1185,'صغري',3.00,1.00,3.00),(666,1185,'صغري',3.00,1.00,3.00),(717,1185,'صغري',5.00,1.00,5.00),(120,1186,'صغري',5.00,6.00,30.00),(354,1187,'صغري',3.00,1.00,3.00),(398,1187,'صغري',5.00,1.00,5.00),(210,1188,'صغري',20.00,1.00,20.00),(207,1188,'صغري',2.00,10.00,20.00),(586,1188,'صغري',5.00,1.00,5.00),(398,1189,'صغري',5.00,1.00,5.00),(276,1190,'صغري',25.00,1.00,25.00),(277,1190,'صغري',25.00,1.00,25.00),(259,1190,'صغري',65.00,1.00,65.00),(83,1190,'صغري',5.00,2.00,10.00),(117,1190,'صغري',15.00,1.00,15.00),(670,1190,'صغري',5.00,1.00,5.00),(374,1190,'صغري',5.00,1.00,5.00),(341,1190,'صغري',7.00,1.00,7.00),(344,1190,'صغري',7.00,1.00,7.00),(15,1190,'صغري',135.00,1.00,135.00),(632,1190,'صغري',45.00,1.00,45.00),(586,1191,'صغري',5.00,1.00,5.00),(249,1192,'صغري',6.00,1.00,6.00),(581,1193,'صغري',12.00,1.00,12.00),(583,1193,'صغري',10.00,1.00,10.00),(99,1194,'صغري',2.00,1.00,2.00),(413,1195,'صغري',5.00,1.00,5.00),(342,1196,'صغري',7.00,1.00,7.00),(557,1196,'صغري',5.00,1.00,5.00),(344,1196,'صغري',7.00,1.00,7.00),(341,1196,'صغري',7.00,1.00,7.00),(413,1197,'صغري',5.00,1.00,5.00),(666,1198,'صغري',3.00,2.00,6.00),(282,1198,'صغري',12.50,1.00,12.50),(281,1198,'صغري',12.50,1.00,12.50),(699,1199,'صغري',10.00,1.00,10.00),(260,1199,'صغري',60.00,1.00,60.00),(581,1200,'صغري',12.00,2.00,24.00),(374,1201,'صغري',5.00,2.00,10.00),(683,1202,'صغري',135.00,1.00,135.00),(117,1202,'صغري',15.00,1.00,15.00),(116,1202,'صغري',15.00,3.00,45.00),(349,1203,'صغري',5.00,1.00,5.00),(754,1204,'صغري',17.00,1.00,17.00),(666,1204,'صغري',3.00,1.00,3.00),(119,1205,'صغري',5.00,1.00,5.00),(120,1205,'صغري',5.00,1.00,5.00),(288,1206,'صغري',3.00,1.00,3.00),(385,1206,'صغري',5.00,1.00,5.00),(754,1207,'صغري',17.00,1.00,17.00),(666,1207,'صغري',3.00,1.00,3.00),(374,1208,'صغري',5.00,1.00,5.00),(374,1209,'صغري',5.00,2.00,10.00),(398,1209,'صغري',5.00,1.00,5.00),(374,1210,'صغري',5.00,1.00,5.00),(346,1211,'صغري',10.00,1.00,10.00),(345,1211,'صغري',10.00,1.00,10.00),(369,1212,'صغري',5.00,1.00,5.00),(385,1213,'صغري',5.00,1.00,5.00),(398,1214,'صغري',5.00,2.00,10.00),(34,1215,'صغري',20.00,1.00,20.00),(693,1215,'صغري',22.00,1.00,22.00),(695,1215,'صغري',55.00,1.00,55.00),(620,1215,'صغري',8.00,1.00,8.00),(611,1215,'صغري',30.00,1.00,30.00),(220,1215,'صغري',15.00,1.00,15.00),(687,1215,'صغري',5.00,2.00,10.00),(79,1216,'صغري',20.00,2.00,40.00),(670,1216,'صغري',5.00,2.00,10.00),(80,1216,'صغري',12.00,2.00,24.00),(692,1216,'صغري',22.00,1.00,22.00),(693,1216,'صغري',22.00,1.00,22.00),(689,1216,'صغري',35.00,1.00,35.00),(220,1216,'صغري',15.00,1.00,15.00),(679,1216,'صغري',95.00,1.00,95.00),(680,1216,'صغري',95.00,1.00,95.00),(54,1216,'صغري',20.00,1.00,20.00),(682,1216,'صغري',135.00,1.00,135.00),(740,1216,'صغري',20.00,2.00,40.00),(621,1216,'صغري',85.00,1.00,85.00),(632,1216,'صغري',45.00,1.00,45.00),(691,1216,'صغري',85.00,1.00,85.00),(684,1216,'صغري',95.00,1.00,95.00),(19,1216,'صغري',35.00,1.00,35.00),(691,1217,'صغري',85.00,1.00,85.00),(632,1217,'صغري',45.00,1.00,45.00),(335,1218,'صغري',5.00,1.00,5.00),(336,1218,'صغري',5.00,1.00,5.00),(288,1219,'صغري',3.00,2.00,6.00),(69,1220,'صغري',8.00,1.00,8.00),(525,1220,'صغري',2.00,1.00,2.00),(398,1221,'صغري',5.00,1.00,5.00),(83,1222,'صغري',5.00,3.00,15.00),(367,1223,'صغري',5.00,1.00,5.00),(346,1224,'صغري',10.00,1.00,10.00),(345,1224,'صغري',10.00,1.00,10.00),(347,1224,'صغري',10.00,1.00,10.00),(581,1225,'صغري',12.00,1.00,12.00),(586,1225,'صغري',5.00,1.00,5.00),(525,1226,'صغري',2.00,1.00,2.00),(362,1227,'صغري',6.00,1.00,6.00),(367,1227,'صغري',5.00,1.00,5.00),(581,1228,'صغري',12.00,2.00,24.00),(666,1228,'صغري',3.00,1.00,3.00),(82,1228,'صغري',5.00,1.00,5.00),(118,1229,'صغري',10.00,3.00,30.00),(740,1229,'صغري',20.00,2.00,40.00),(249,1229,'صغري',6.00,1.00,6.00),(635,1229,'صغري',30.00,1.00,30.00),(210,1230,'صغري',20.00,1.00,20.00),(176,1230,'صغري',20.00,1.00,20.00),(690,1231,'صغري',135.00,1.00,135.00),(125,1232,'صغري',5.00,1.00,5.00),(123,1233,'صغري',15.00,2.00,30.00),(188,1233,'صغري',5.00,2.00,10.00),(136,1233,'صغري',5.00,2.00,10.00),(250,1233,'صغري',13.00,2.00,26.00),(254,1233,'صغري',8.00,2.00,16.00),(156,1233,'صغري',11.00,2.00,22.00),(288,1233,'صغري',3.00,2.00,6.00),(34,1233,'صغري',18.00,2.00,36.00),(349,1234,'صغري',5.00,3.00,15.00),(565,1234,'صغري',5.00,1.00,5.00),(197,1234,'صغري',5.00,4.00,20.00),(188,1234,'صغري',5.00,4.00,20.00),(253,1234,'صغري',5.00,5.00,25.00),(250,1234,'صغري',15.00,2.00,30.00),(34,1234,'صغري',20.00,2.00,40.00),(288,1234,'صغري',3.00,4.00,12.00),(146,1234,'صغري',5.00,1.00,5.00),(198,1234,'صغري',5.00,1.00,5.00),(119,1234,'صغري',5.00,1.00,5.00),(283,1234,'صغري',12.50,2.00,25.00),(413,1235,'صغري',5.00,1.00,5.00),(398,1235,'صغري',5.00,2.00,10.00),(689,1236,'صغري',35.00,1.00,35.00),(250,1236,'صغري',15.00,1.00,15.00),(176,1236,'صغري',20.00,1.00,20.00),(209,1236,'صغري',20.00,1.00,20.00),(210,1237,'صغري',20.00,1.00,20.00),(176,1237,'صغري',20.00,1.00,20.00),(173,1237,'صغري',10.00,1.00,10.00),(165,1237,'صغري',10.00,1.00,10.00),(571,1237,'صغري',5.00,1.00,5.00),(585,1238,'صغري',5.00,1.00,5.00),(192,1238,'صغري',5.00,1.00,5.00),(581,1239,'صغري',12.00,1.00,12.00),(581,1240,'صغري',12.00,1.00,12.00),(349,1241,'صغري',5.00,5.00,25.00),(689,1242,'صغري',35.00,1.00,35.00),(757,1242,'صغري',55.00,1.00,55.00),(699,1242,'صغري',10.00,1.00,10.00),(215,1242,'صغري',10.00,1.00,10.00),(687,1242,'صغري',5.00,1.00,5.00),(82,1242,'صغري',5.00,1.00,5.00),(524,1242,'صغري',2.00,2.00,4.00),(272,1242,'صغري',1.00,1.00,1.00),(581,1243,'صغري',12.00,2.00,24.00),(607,1244,'صغري',3.00,6.00,18.00),(176,1245,'صغري',20.00,1.00,20.00),(210,1245,'صغري',20.00,1.00,20.00),(727,1245,'صغري',12.50,1.00,12.50),(282,1245,'صغري',12.50,1.00,12.50),(345,1246,'صغري',10.00,1.00,10.00),(318,1247,'صغري',20.00,1.00,20.00),(354,1247,'صغري',3.00,1.00,3.00),(345,1248,'صغري',10.00,1.00,10.00),(173,1249,'صغري',10.00,1.00,10.00),(174,1249,'صغري',10.00,1.00,10.00),(253,1249,'صغري',5.00,1.00,5.00),(254,1249,'صغري',10.00,1.00,10.00),(166,1249,'صغري',5.00,1.00,5.00),(163,1249,'صغري',5.00,1.00,5.00),(249,1249,'صغري',6.00,2.00,12.00),(213,1249,'صغري',3.00,2.00,6.00),(164,1249,'صغري',5.00,1.00,5.00),(167,1249,'صغري',5.00,1.00,5.00),(525,1249,'صغري',2.00,1.00,2.00),(184,1250,'صغري',3.00,2.00,6.00),(179,1250,'صغري',13.00,1.00,13.00),(253,1250,'صغري',5.00,1.00,5.00),(668,1251,'صغري',3.00,1.00,3.00),(157,1252,'صغري',30.00,1.00,30.00),(154,1252,'صغري',3.00,2.00,6.00),(625,1252,'صغري',20.00,2.00,40.00),(79,1252,'صغري',17.00,3.00,51.00),(135,1252,'صغري',5.00,1.00,5.00),(116,1252,'صغري',15.00,1.00,15.00),(117,1252,'صغري',15.00,1.00,15.00),(148,1253,'صغري',7.00,2.00,14.00),(243,1253,'صغري',27.00,1.00,27.00),(525,1253,'صغري',2.00,2.00,4.00),(581,1253,'صغري',15.00,1.00,15.00),(753,1254,'صغري',43.00,1.00,43.00),(525,1254,'صغري',2.00,1.00,2.00),(581,1255,'صغري',10.00,1.00,10.00),(578,1255,'صغري',5.00,1.00,5.00),(540,1256,'صغري',5.00,1.00,5.00),(586,1257,'صغري',5.00,3.00,15.00),(154,1257,'صغري',3.00,1.00,3.00),(398,1257,'صغري',5.00,1.00,5.00),(413,1258,'صغري',5.00,1.00,5.00),(666,1259,'صغري',3.00,1.00,3.00),(105,1259,'صغري',2.00,2.00,4.00),(186,1259,'صغري',6.00,1.00,6.00),(586,1259,'صغري',5.00,1.00,5.00),(581,1260,'صغري',12.00,1.00,12.00),(754,1262,'صغري',17.00,1.00,17.00),(367,1263,'صغري',5.00,2.00,10.00),(595,1264,'صغري',5.00,1.00,5.00),(715,1266,'صغري',2.00,3.00,6.00),(251,1266,'صغري',13.00,1.00,13.00),(80,1267,'صغري',12.00,2.00,24.00),(83,1267,'صغري',5.00,1.00,5.00),(249,1267,'صغري',6.00,2.00,12.00),(254,1267,'صغري',10.00,2.00,20.00),(156,1267,'صغري',12.00,1.00,12.00),(164,1267,'صغري',5.00,2.00,10.00),(117,1267,'صغري',15.00,1.00,15.00),(283,1267,'صغري',15.00,1.00,15.00),(525,1267,'صغري',2.00,1.00,2.00),(354,1268,'صغري',15.00,3.00,45.00),(563,1269,'صغري',23.00,1.00,23.00),(329,1269,'صغري',17.00,1.00,17.00),(398,1269,'صغري',5.00,3.00,15.00),(515,1269,'صغري',5.00,2.00,10.00),(82,1269,'صغري',5.00,2.00,10.00),(179,1270,'صغري',13.00,1.00,13.00),(178,1270,'صغري',13.00,1.00,13.00),(210,1270,'صغري',20.00,2.00,40.00),(525,1270,'صغري',2.00,2.00,4.00),(619,1271,'صغري',35.00,2.00,70.00),(413,1271,'صغري',5.00,2.00,10.00),(347,1271,'صغري',10.00,1.00,10.00),(719,1271,'صغري',20.00,3.00,60.00),(121,1271,'صغري',20.00,3.00,60.00),(622,1271,'صغري',85.00,1.00,85.00),(728,1271,'صغري',20.00,2.00,40.00),(354,1271,'صغري',15.00,2.00,30.00),(565,1272,'صغري',5.00,1.00,5.00),(565,1273,'صغري',5.00,1.00,5.00),(348,1273,'صغري',5.00,2.00,10.00),(351,1273,'صغري',5.00,2.00,10.00),(96,1273,'صغري',10.00,1.00,10.00),(398,1273,'صغري',5.00,2.00,10.00),(666,1273,'صغري',3.00,1.00,3.00),(581,1273,'صغري',12.00,1.00,12.00),(177,1274,'صغري',20.00,1.00,20.00),(210,1274,'صغري',20.00,1.00,20.00),(740,1274,'صغري',20.00,2.00,40.00),(346,1275,'صغري',10.00,1.00,10.00),(3,1277,'صغري',25.00,1.00,25.00),(83,1277,'صغري',5.00,1.00,5.00),(683,1278,'صغري',135.00,1.00,135.00),(250,1278,'صغري',15.00,2.00,30.00),(641,1278,'صغري',6.00,1.00,6.00),(38,1278,'صغري',80.00,1.00,80.00),(188,1278,'صغري',5.00,1.00,5.00),(79,1278,'صغري',20.00,1.00,20.00),(117,1278,'صغري',15.00,1.00,15.00),(24,1278,'صغري',5.00,1.00,5.00),(82,1278,'صغري',5.00,1.00,5.00),(54,1278,'صغري',20.00,1.00,20.00),(136,1278,'صغري',5.00,1.00,5.00),(136,1279,'صغري',5.00,1.00,5.00),(398,1280,'صغري',5.00,1.00,5.00),(154,1280,'صغري',3.00,6.00,18.00),(669,1280,'صغري',30.00,2.00,60.00),(82,1280,'صغري',5.00,2.00,10.00),(717,1280,'صغري',5.00,1.00,5.00),(581,1280,'صغري',12.00,1.00,12.00),(684,1281,'صغري',90.00,1.00,90.00),(60,1281,'صغري',30.00,1.00,30.00),(417,1282,'صغري',1.00,1.00,1.00),(717,1282,'صغري',5.00,4.00,20.00),(282,1283,'صغري',12.50,1.00,12.50),(279,1283,'صغري',12.50,1.00,12.50),(209,1283,'صغري',20.00,1.00,20.00),(210,1283,'صغري',20.00,1.00,20.00),(740,1283,'صغري',20.00,1.00,20.00),(581,1284,'صغري',12.00,2.00,24.00),(413,1285,'صغري',5.00,2.00,10.00),(255,1286,'صغري',10.00,1.00,10.00),(367,1287,'صغري',5.00,4.00,20.00),(364,1287,'صغري',7.00,1.00,7.00),(576,1288,'صغري',5.00,1.00,5.00),(581,1288,'صغري',10.00,2.00,20.00),(181,1288,'صغري',5.00,1.00,5.00),(581,1289,'صغري',10.00,1.00,10.00),(525,1290,'صغري',2.00,1.00,2.00),(385,1291,'صغري',5.00,1.00,5.00),(666,1292,'صغري',3.00,1.00,3.00),(298,1293,'صغري',22.00,1.00,22.00),(297,1293,'صغري',25.00,1.00,25.00),(585,1294,'صغري',5.00,1.00,5.00),(583,1294,'صغري',10.00,1.00,10.00),(586,1295,'صغري',5.00,1.00,5.00),(585,1296,'صغري',5.00,1.00,5.00),(583,1296,'صغري',10.00,1.00,10.00),(666,1297,'صغري',3.00,1.00,3.00),(717,1297,'صغري',5.00,1.00,5.00),(525,1297,'صغري',2.00,1.00,2.00),(328,1298,'صغري',5.00,3.00,15.00),(328,1299,'صغري',5.00,1.00,5.00),(353,1299,'صغري',5.00,1.00,5.00),(666,1300,'صغري',3.00,1.00,3.00),(525,1300,'صغري',2.00,1.00,2.00),(583,1301,'صغري',10.00,1.00,10.00),(398,1302,'صغري',5.00,1.00,5.00),(356,1303,'صغري',5.00,5.00,25.00),(754,1303,'صغري',17.00,1.00,17.00),(666,1304,'صغري',3.00,1.00,3.00),(583,1305,'صغري',10.00,1.00,10.00),(583,1307,'صغري',10.00,1.00,10.00),(583,1308,'صغري',10.00,1.00,10.00),(666,1309,'صغري',3.00,10.00,30.00),(581,1309,'صغري',12.00,1.00,12.00),(581,1310,'صغري',10.00,2.00,20.00),(358,1312,'صغري',5.00,2.00,10.00),(352,1312,'صغري',5.00,2.00,10.00),(307,1313,'صغري',20.00,1.00,20.00),(366,1314,'صغري',6.00,1.00,6.00),(374,1315,'صغري',5.00,1.00,5.00),(525,1316,'صغري',2.00,2.00,4.00),(758,1317,'صغري',45.00,1.00,45.00),(719,1317,'صغري',20.00,2.00,40.00),(137,1317,'صغري',5.00,1.00,5.00),(136,1317,'صغري',5.00,1.00,5.00),(192,1317,'صغري',5.00,1.00,5.00),(349,1318,'صغري',5.00,2.00,10.00),(572,1319,'صغري',3.00,4.00,12.00),(354,1319,'صغري',3.00,5.00,15.00),(104,1319,'صغري',3.00,8.00,24.00),(92,1320,'صغري',5.00,4.00,20.00),(24,1320,'صغري',5.00,2.00,10.00),(3,1320,'صغري',25.00,1.00,25.00),(540,1320,'صغري',5.00,2.00,10.00),(276,1320,'صغري',30.00,1.00,30.00),(615,1320,'صغري',40.00,1.00,40.00),(581,1321,'صغري',12.00,1.00,12.00),(74,1321,'صغري',20.00,1.00,20.00),(666,1323,'صغري',3.00,2.00,6.00),(565,1323,'صغري',5.00,1.00,5.00),(348,1323,'صغري',5.00,1.00,5.00),(568,1323,'صغري',5.00,1.00,5.00),(572,1323,'صغري',3.00,6.00,18.00),(366,1322,'صغري',5.00,1.00,5.00),(515,1322,'صغري',5.00,1.00,5.00),(583,1324,'صغري',10.00,1.00,10.00),(666,1325,'صغري',3.00,5.00,15.00),(101,1325,'صغري',5.00,2.00,10.00),(108,1325,'صغري',3.00,1.00,3.00),(715,1326,'صغري',2.00,3.00,6.00),(110,1326,'صغري',2.00,2.00,4.00),(82,1326,'صغري',5.00,1.00,5.00),(398,1326,'صغري',5.00,1.00,5.00),(581,1327,'صغري',10.00,1.00,10.00),(581,1328,'صغري',12.00,1.00,12.00),(297,1329,'صغري',25.00,1.00,25.00),(586,1330,'صغري',5.00,4.00,20.00),(666,1330,'صغري',3.00,1.00,3.00),(572,1331,'صغري',3.00,1.00,3.00),(565,1331,'صغري',5.00,1.00,5.00),(525,1331,'صغري',2.00,1.00,2.00),(666,1332,'صغري',3.00,2.00,6.00),(198,1333,'صغري',5.00,1.00,5.00),(104,1334,'صغري',3.00,1.00,3.00),(108,1334,'صغري',3.00,2.00,6.00),(583,1334,'صغري',10.00,1.00,10.00),(13,1335,'صغري',40.00,1.00,40.00),(583,1336,'صغري',10.00,1.00,10.00),(581,1336,'صغري',12.00,2.00,24.00),(581,1337,'صغري',12.00,1.00,12.00),(522,1338,'صغري',10.00,1.00,10.00),(521,1338,'صغري',10.00,1.00,10.00),(350,1338,'صغري',5.00,4.00,20.00),(413,1339,'صغري',5.00,2.00,10.00),(96,1339,'صغري',10.00,1.00,10.00),(110,1340,'صغري',2.00,1.00,2.00),(413,1341,'صغري',5.00,4.00,20.00),(586,1342,'صغري',5.00,1.00,5.00),(581,1342,'صغري',12.00,2.00,24.00),(398,1343,'صغري',5.00,1.00,5.00),(515,1343,'صغري',5.00,1.00,5.00),(717,1343,'صغري',5.00,1.00,5.00),(607,1343,'صغري',3.00,5.00,15.00),(413,1343,'صغري',5.00,1.00,5.00),(342,1344,'صغري',7.00,1.00,7.00),(343,1344,'صغري',7.00,1.00,7.00),(344,1344,'صغري',7.00,1.00,7.00),(666,1344,'صغري',3.00,1.00,3.00),(572,1344,'صغري',3.00,1.00,3.00),(523,1344,'صغري',3.00,1.00,3.00),(581,1345,'صغري',10.00,1.00,10.00),(586,1346,'صغري',5.00,1.00,5.00),(105,1347,'صغري',2.00,2.00,4.00),(108,1347,'صغري',3.00,2.00,6.00),(385,1347,'صغري',5.00,1.00,5.00),(586,1348,'صغري',5.00,1.00,5.00),(597,1348,'صغري',5.00,1.00,5.00),(83,1349,'صغري',5.00,8.00,40.00),(373,1350,'صغري',5.00,2.00,10.00),(341,1351,'صغري',7.00,2.00,14.00),(754,1352,'صغري',17.00,2.00,34.00),(586,1352,'صغري',5.00,2.00,10.00),(325,1352,'صغري',20.00,1.00,20.00),(320,1352,'صغري',20.00,1.00,20.00),(344,1353,'صغري',7.00,1.00,7.00),(343,1353,'صغري',7.00,1.00,7.00),(198,1353,'صغري',5.00,1.00,5.00),(581,1354,'صغري',10.00,2.00,20.00),(361,1356,'صغري',6.00,1.00,6.00),(581,1356,'صغري',12.00,1.00,12.00),(581,1357,'صغري',12.00,1.00,12.00),(581,1355,'صغري',12.00,4.00,48.00),(586,1358,'صغري',5.00,1.00,5.00),(163,1359,'صغري',5.00,2.00,10.00),(581,1359,'صغري',12.00,2.00,24.00),(666,1360,'صغري',3.00,1.00,3.00),(345,1361,'صغري',10.00,1.00,10.00),(360,1361,'صغري',6.00,1.00,6.00),(347,1361,'صغري',10.00,1.00,10.00),(565,1362,'صغري',5.00,1.00,5.00),(354,1363,'صغري',3.00,4.00,12.00),(99,1363,'صغري',2.00,1.00,2.00),(97,1364,'صغري',3.00,1.00,3.00),(417,1365,'صغري',1.00,1.00,1.00),(581,1366,'صغري',10.00,1.00,10.00),(184,1367,'صغري',3.00,10.00,30.00),(207,1367,'صغري',2.00,10.00,20.00),(354,1368,'صغري',3.00,1.00,3.00),(110,1368,'صغري',2.00,1.00,2.00),(368,1368,'صغري',5.00,1.00,5.00),(717,1369,'صغري',5.00,2.00,10.00),(666,1370,'صغري',3.00,1.00,3.00),(581,1370,'صغري',12.00,1.00,12.00),(417,1370,'صغري',1.00,2.00,2.00),(586,1371,'صغري',5.00,1.00,5.00),(374,1372,'صغري',5.00,1.00,5.00),(362,1372,'صغري',6.00,1.00,6.00),(105,1372,'صغري',2.00,1.00,2.00),(111,1372,'صغري',2.00,1.00,2.00),(566,1374,'صغري',5.00,2.00,10.00),(565,1375,'صغري',5.00,1.00,5.00),(351,1375,'صغري',5.00,1.00,5.00),(186,1375,'صغري',6.00,1.00,6.00),(268,1375,'صغري',5.00,1.00,5.00),(744,1375,'صغري',5.00,1.00,5.00),(187,1375,'صغري',6.00,1.00,6.00),(746,1376,'صغري',15.00,1.00,15.00),(670,1376,'صغري',5.00,1.00,5.00),(555,1376,'صغري',15.00,1.00,15.00),(218,1376,'صغري',5.00,1.00,5.00),(253,1376,'صغري',5.00,1.00,5.00),(522,1376,'صغري',10.00,1.00,10.00),(79,1376,'صغري',20.00,1.00,20.00),(691,1376,'صغري',85.00,1.00,85.00),(249,1376,'صغري',6.00,1.00,6.00),(703,1376,'صغري',20.00,1.00,20.00),(742,1376,'صغري',17.00,1.00,17.00),(167,1376,'صغري',5.00,1.00,5.00),(220,1376,'صغري',15.00,1.00,15.00),(54,1377,'صغري',20.00,2.00,40.00),(345,1377,'صغري',10.00,1.00,10.00),(703,1373,'صغري',20.00,1.00,20.00),(250,1373,'صغري',15.00,1.00,15.00),(687,1373,'صغري',5.00,1.00,5.00),(625,1373,'صغري',22.00,1.00,22.00),(670,1373,'صغري',5.00,1.00,5.00),(218,1373,'صغري',5.00,1.00,5.00),(694,1373,'صغري',85.00,1.00,85.00),(288,1373,'صغري',3.00,1.00,3.00),(163,1373,'صغري',5.00,1.00,5.00),(166,1373,'صغري',5.00,1.00,5.00),(171,1373,'صغري',12.00,1.00,12.00),(220,1373,'صغري',15.00,1.00,15.00),(525,1373,'صغري',2.00,1.00,2.00),(125,1373,'صغري',6.00,1.00,6.00),(79,1373,'صغري',20.00,1.00,20.00),(716,1373,'صغري',20.00,1.00,20.00),(415,1373,'صغري',3.00,3.00,9.00),(754,1378,'صغري',15.00,2.00,30.00),(349,1379,'صغري',5.00,4.00,20.00),(253,1379,'صغري',5.00,4.00,20.00),(135,1379,'صغري',5.00,1.00,5.00),(188,1379,'صغري',5.00,1.00,5.00),(130,1379,'صغري',10.00,1.00,10.00),(101,1379,'صغري',5.00,2.00,10.00),(668,1379,'صغري',3.00,2.00,6.00),(348,1380,'صغري',5.00,3.00,15.00),(666,1380,'صغري',3.00,2.00,6.00),(353,1380,'صغري',5.00,1.00,5.00),(717,1382,'صغري',5.00,2.00,10.00),(374,1383,'صغري',5.00,3.00,15.00),(644,1381,'صغري',45.00,1.00,45.00),(643,1381,'صغري',45.00,1.00,45.00),(581,1381,'صغري',12.00,2.00,24.00),(586,1381,'صغري',5.00,2.00,10.00),(666,1381,'صغري',3.00,1.00,3.00),(366,1385,'صغري',5.00,1.00,5.00),(754,1386,'صغري',17.00,1.00,17.00),(581,1388,'صغري',12.00,1.00,12.00),(666,1389,'صغري',3.00,1.00,3.00),(385,1390,'صغري',5.00,1.00,5.00),(345,1391,'صغري',10.00,1.00,10.00),(374,1392,'صغري',5.00,3.00,15.00),(556,1392,'صغري',15.00,1.00,15.00),(398,1393,'صغري',5.00,3.00,15.00),(121,1393,'صغري',20.00,2.00,40.00),(254,1393,'صغري',10.00,2.00,20.00),(166,1393,'صغري',5.00,4.00,20.00),(398,1394,'صغري',5.00,1.00,5.00),(167,1395,'صغري',5.00,1.00,5.00),(253,1395,'صغري',5.00,1.00,5.00),(164,1395,'صغري',5.00,1.00,5.00),(249,1395,'صغري',6.00,1.00,6.00),(166,1395,'صغري',5.00,1.00,5.00),(213,1395,'صغري',3.00,2.00,6.00),(186,1395,'صغري',6.00,1.00,6.00),(744,1395,'صغري',5.00,1.00,5.00),(182,1395,'صغري',5.00,1.00,5.00),(764,1395,'صغري',8.00,1.00,8.00),(687,1395,'صغري',5.00,1.00,5.00),(191,1395,'صغري',10.00,1.00,10.00),(183,1395,'صغري',5.00,1.00,5.00),(670,1395,'صغري',5.00,1.00,5.00),(577,1384,'صغري',50.00,1.00,50.00),(529,1384,'صغري',20.00,1.00,20.00),(625,1384,'صغري',22.00,1.00,22.00),(198,1384,'صغري',5.00,1.00,5.00),(188,1384,'صغري',5.00,1.00,5.00),(166,1384,'صغري',5.00,1.00,5.00),(137,1384,'صغري',5.00,1.00,5.00),(666,1384,'صغري',3.00,2.00,6.00),(174,1384,'صغري',10.00,1.00,10.00),(593,1384,'صغري',20.00,4.00,80.00),(92,1397,'صغري',5.00,1.00,5.00),(196,1398,'صغري',5.00,1.00,5.00),(83,1398,'صغري',5.00,1.00,5.00),(197,1398,'صغري',5.00,1.00,5.00),(345,1399,'صغري',10.00,1.00,10.00),(398,1399,'صغري',5.00,1.00,5.00),(758,1400,'صغري',45.00,1.00,45.00),(759,1400,'صغري',45.00,1.00,45.00),(581,1401,'صغري',12.00,1.00,12.00),(666,1401,'صغري',3.00,1.00,3.00),(583,1401,'صغري',10.00,1.00,10.00),(165,1402,'صغري',10.00,1.00,10.00),(174,1402,'صغري',10.00,1.00,10.00),(179,1402,'صغري',13.00,2.00,26.00),(163,1402,'صغري',5.00,2.00,10.00),(413,1403,'صغري',5.00,4.00,20.00),(717,1404,'صغري',5.00,1.00,5.00),(694,1405,'صغري',85.00,1.00,85.00),(34,1405,'صغري',20.00,1.00,20.00),(699,1405,'صغري',10.00,1.00,10.00),(253,1405,'صغري',5.00,1.00,5.00),(687,1405,'صغري',5.00,1.00,5.00),(86,1405,'صغري',3.00,1.00,3.00),(670,1405,'صغري',5.00,1.00,5.00),(764,1405,'صغري',8.00,1.00,8.00),(125,1405,'صغري',6.00,1.00,6.00),(54,1405,'صغري',20.00,1.00,20.00),(513,1405,'صغري',18.00,1.00,18.00),(717,1405,'صغري',5.00,1.00,5.00),(220,1405,'صغري',15.00,1.00,15.00),(249,1405,'صغري',6.00,1.00,6.00),(525,1405,'صغري',2.00,2.00,4.00),(666,1406,'صغري',3.00,1.00,3.00),(743,1407,'صغري',5.00,1.00,5.00),(25,1408,'صغري',8.00,1.00,8.00),(557,1409,'صغري',5.00,3.00,15.00),(706,1410,'صغري',13.00,1.00,13.00),(413,1411,'صغري',5.00,1.00,5.00),(398,1412,'صغري',5.00,1.00,5.00),(258,1412,'صغري',60.00,1.00,60.00),(553,1412,'صغري',15.00,1.00,15.00),(707,1413,'صغري',13.00,1.00,13.00),(513,1413,'صغري',18.00,1.00,18.00),(125,1413,'صغري',6.00,1.00,6.00),(586,1413,'صغري',5.00,1.00,5.00),(596,1413,'صغري',5.00,1.00,5.00),(83,1414,'صغري',5.00,1.00,5.00),(124,1414,'صغري',6.00,1.00,6.00),(581,1415,'صغري',12.00,3.00,36.00),(598,1416,'صغري',15.00,1.00,15.00),(342,1417,'صغري',7.00,2.00,14.00),(413,1417,'صغري',5.00,1.00,5.00),(594,1418,'صغري',15.00,2.00,30.00),(105,1419,'صغري',2.00,1.00,2.00),(373,1420,'صغري',5.00,1.00,5.00),(581,1420,'صغري',10.00,1.00,10.00),(398,1421,'صغري',5.00,1.00,5.00),(754,1421,'صغري',17.00,2.00,34.00),(727,1422,'صغري',15.00,1.00,15.00),(145,1422,'صغري',5.00,1.00,5.00),(342,1424,'صغري',7.00,1.00,7.00),(98,1425,'صغري',2.00,1.00,2.00),(516,1423,'صغري',60.00,1.00,60.00),(373,1423,'صغري',5.00,2.00,10.00),(353,1423,'صغري',5.00,2.00,10.00),(754,1423,'صغري',17.00,1.00,17.00),(586,1426,'صغري',5.00,1.00,5.00),(328,1427,'صغري',5.00,3.00,15.00),(102,1029,'صغري',5.00,1.00,5.00),(95,1029,'صغري',10.00,1.00,10.00),(581,1428,'صغري',10.00,1.00,10.00),(581,1430,'صغري',12.00,2.00,24.00),(586,1430,'صغري',5.00,1.00,5.00),(413,1430,'صغري',5.00,1.00,5.00),(673,1431,'صغري',55.00,1.00,55.00),(603,1431,'صغري',50.00,1.00,50.00),(754,1432,'صغري',17.00,1.00,17.00),(355,1429,'صغري',4.00,1.00,4.00),(108,1433,'صغري',3.00,2.00,6.00),(104,1433,'صغري',3.00,1.00,3.00),(311,1434,'صغري',20.00,2.00,40.00),(307,1434,'صغري',20.00,1.00,20.00),(413,1435,'صغري',5.00,1.00,5.00),(105,1436,'صغري',2.00,1.00,2.00),(578,1437,'صغري',5.00,1.00,5.00),(717,1437,'صغري',5.00,1.00,5.00),(583,1438,'صغري',10.00,2.00,20.00),(583,1439,'صغري',10.00,1.00,10.00),(666,1440,'صغري',3.00,1.00,3.00),(349,1441,'صغري',5.00,1.00,5.00),(105,1441,'صغري',2.00,1.00,2.00),(105,1442,'صغري',2.00,1.00,2.00),(341,1443,'صغري',7.00,2.00,14.00),(344,1443,'صغري',7.00,1.00,7.00),(354,1444,'صغري',3.00,2.00,6.00),(105,1444,'صغري',2.00,1.00,2.00),(666,1444,'صغري',3.00,1.00,3.00),(182,1444,'صغري',5.00,1.00,5.00),(99,1446,'صغري',2.00,2.00,4.00),(99,1445,'صغري',2.00,1.00,2.00),(98,1447,'صغري',2.00,1.00,2.00),(105,1447,'صغري',2.00,1.00,2.00),(358,1448,'صغري',5.00,2.00,10.00),(641,1448,'صغري',5.00,2.00,10.00),(357,1448,'صغري',5.00,1.00,5.00),(102,1449,'صغري',5.00,1.00,5.00),(366,1450,'صغري',6.00,1.00,6.00),(349,1451,'صغري',5.00,1.00,5.00),(581,1452,'صغري',12.00,3.00,36.00),(581,1453,'صغري',12.00,1.00,12.00),(666,1455,'صغري',3.00,1.00,3.00),(398,1456,'صغري',5.00,1.00,5.00),(578,1456,'صغري',5.00,1.00,5.00),(374,1457,'صغري',5.00,1.00,5.00),(398,1457,'صغري',5.00,1.00,5.00),(607,1458,'صغري',3.00,1.00,3.00),(341,1459,'صغري',7.00,1.00,7.00),(342,1459,'صغري',7.00,1.00,7.00),(343,1459,'صغري',7.00,1.00,7.00),(105,1460,'صغري',2.00,1.00,2.00),(666,1460,'صغري',3.00,1.00,3.00),(249,1461,'صغري',6.00,4.00,24.00),(599,1462,'صغري',10.00,1.00,10.00),(249,1463,'صغري',6.00,4.00,24.00),(358,1463,'صغري',5.00,1.00,5.00),(324,1464,'صغري',20.00,1.00,20.00),(583,1465,'صغري',10.00,2.00,20.00),(586,1465,'صغري',5.00,1.00,5.00),(322,1466,'صغري',20.00,1.00,20.00),(581,1467,'صغري',10.00,1.00,10.00),(385,1468,'صغري',5.00,1.00,5.00),(398,1468,'صغري',5.00,1.00,5.00),(142,1469,'صغري',2.00,1.00,2.00),(374,1469,'صغري',5.00,1.00,5.00),(398,1469,'صغري',5.00,1.00,5.00),(558,1470,'صغري',17.00,3.00,51.00),(515,1470,'صغري',5.00,2.00,10.00),(297,1471,'صغري',20.81,24.00,499.44),(607,1472,'صغري',3.00,1.00,3.00),(666,1473,'صغري',3.00,2.00,6.00),(194,1473,'صغري',5.00,1.00,5.00),(353,1473,'صغري',5.00,1.00,5.00),(355,1473,'صغري',4.00,1.00,4.00),(754,1474,'صغري',17.00,1.00,17.00),(583,1474,'صغري',10.00,1.00,10.00),(581,1475,'صغري',12.00,1.00,12.00),(573,1476,'صغري',6.00,1.00,6.00),(47,1477,'صغري',45.00,1.00,45.00),(660,1477,'صغري',75.00,1.00,75.00),(79,1478,'صغري',20.00,1.00,20.00),(210,1478,'صغري',20.00,1.00,20.00),(670,1478,'صغري',5.00,1.00,5.00),(178,1478,'صغري',13.00,1.00,13.00),(632,1478,'صغري',45.00,1.00,45.00),(524,1478,'صغري',2.00,1.00,2.00),(368,1479,'صغري',5.00,1.00,5.00),(360,1479,'صغري',6.00,1.00,6.00),(74,1479,'صغري',20.00,1.00,20.00),(124,1479,'صغري',6.00,1.00,6.00),(184,1479,'صغري',3.00,1.00,3.00),(581,1480,'صغري',10.00,1.00,10.00),(754,1481,'صغري',17.00,1.00,17.00),(413,1481,'صغري',5.00,1.00,5.00),(370,1482,'صغري',5.00,2.00,10.00),(107,1483,'صغري',2.00,2.00,4.00),(717,1484,'صغري',5.00,1.00,5.00),(581,1485,'صغري',12.00,1.00,12.00),(417,1486,'صغري',1.00,1.00,1.00),(345,1487,'صغري',10.00,1.00,10.00),(581,1488,'صغري',12.00,1.00,12.00),(413,1489,'صغري',5.00,1.00,5.00),(364,1490,'صغري',7.00,1.00,7.00),(105,1492,'صغري',2.00,1.00,2.00),(581,1493,'صغري',12.00,1.00,12.00),(417,1493,'صغري',1.00,1.00,1.00),(619,1493,'صغري',35.00,1.00,35.00),(666,1494,'صغري',3.00,1.00,3.00),(548,1495,'صغري',5.00,1.00,5.00),(717,1495,'صغري',5.00,1.00,5.00),(586,1495,'صغري',5.00,1.00,5.00),(413,1496,'صغري',5.00,2.00,10.00),(347,1496,'صغري',10.00,1.00,10.00),(345,1496,'صغري',10.00,1.00,10.00),(344,1496,'صغري',7.00,3.00,21.00),(728,1496,'صغري',20.00,2.00,40.00),(354,1496,'صغري',15.00,1.00,15.00),(581,1496,'صغري',12.00,1.00,12.00),(368,1498,'صغري',5.00,1.00,5.00),(84,1499,'صغري',25.00,1.00,25.00),(134,1500,'صغري',5.00,2.00,10.00),(174,1502,'صغري',10.00,1.00,10.00),(345,1502,'صغري',10.00,1.00,10.00),(398,1502,'صغري',5.00,1.00,5.00),(595,1504,'صغري',5.00,1.00,5.00),(274,1505,'صغري',30.00,1.00,30.00),(595,1506,'صغري',5.00,1.00,5.00),(297,1507,'صغري',25.00,1.00,25.00),(107,1507,'صغري',2.00,5.00,10.00),(179,1501,'صغري',13.00,1.00,13.00),(321,1503,'صغري',20.00,1.00,20.00),(167,1396,'صغري',5.00,1.00,5.00),(278,1396,'صغري',15.00,1.00,15.00),(754,1508,'صغري',17.00,1.00,17.00),(708,1510,'صغري',13.00,2.00,26.00),(385,1512,'صغري',5.00,1.00,5.00),(413,1512,'صغري',5.00,1.00,5.00),(596,1513,'صغري',5.00,1.00,5.00),(586,1513,'صغري',5.00,1.00,5.00),(108,1515,'صغري',3.00,1.00,3.00),(398,1514,'صغري',5.00,1.00,5.00),(754,1514,'صغري',17.00,1.00,17.00),(583,1514,'صغري',10.00,1.00,10.00),(105,1516,'صغري',2.00,13.00,26.00),(110,1516,'صغري',2.00,13.00,26.00),(99,1516,'صغري',2.00,13.00,26.00),(212,1516,'صغري',2.50,7.00,17.50),(213,1516,'صغري',2.50,6.00,15.00),(515,1519,'صغري',5.00,1.00,5.00),(557,1519,'صغري',5.00,1.00,5.00),(54,1520,'صغري',20.00,1.00,20.00),(717,1520,'صغري',5.00,1.00,5.00),(335,1521,'صغري',5.00,1.00,5.00),(578,1521,'صغري',5.00,1.00,5.00),(417,1522,'صغري',1.00,1.00,1.00),(586,1522,'صغري',5.00,1.00,5.00),(581,1522,'صغري',12.00,3.00,36.00),(607,1522,'صغري',3.00,2.00,6.00),(70,1522,'صغري',8.00,1.00,8.00),(135,1522,'صغري',5.00,1.00,5.00),(520,1522,'صغري',12.00,1.00,12.00),(354,1522,'صغري',3.00,3.00,9.00),(353,1522,'صغري',5.00,1.00,5.00),(413,1522,'صغري',5.00,3.00,15.00),(355,1522,'صغري',4.00,5.00,20.00),(664,1522,'صغري',20.00,2.00,40.00),(370,1522,'صغري',5.00,1.00,5.00),(576,1522,'صغري',5.00,1.00,5.00),(368,1522,'صغري',5.00,4.00,20.00),(385,1522,'صغري',5.00,1.00,5.00),(398,1522,'صغري',5.00,1.00,5.00),(566,1522,'صغري',5.00,1.00,5.00),(374,1522,'صغري',5.00,2.00,10.00),(251,1522,'صغري',15.00,1.00,15.00),(366,1522,'صغري',6.00,1.00,6.00),(110,1522,'صغري',2.00,1.00,2.00),(666,1522,'صغري',3.00,1.00,3.00),(95,1522,'صغري',10.00,1.00,10.00),(515,1523,'صغري',5.00,2.00,10.00),(581,1523,'صغري',12.00,2.00,24.00),(354,1524,'صغري',3.00,2.00,6.00),(182,1524,'صغري',5.00,1.00,5.00),(666,1524,'صغري',3.00,1.00,3.00),(105,1524,'صغري',2.00,1.00,2.00),(413,1525,'صغري',5.00,1.00,5.00),(573,1526,'صغري',6.00,1.00,6.00),(374,1527,'صغري',5.00,1.00,5.00),(398,1528,'صغري',5.00,2.00,10.00),(413,1529,'صغري',5.00,2.00,10.00),(364,1530,'صغري',7.00,1.00,7.00),(525,1530,'صغري',2.00,1.00,2.00),(594,1531,'صغري',15.00,1.00,15.00),(108,1531,'صغري',3.00,1.00,3.00),(115,1531,'صغري',4.00,1.00,4.00),(586,1532,'صغري',5.00,1.00,5.00),(699,1511,'صغري',10.00,4.00,40.00),(98,1533,'صغري',2.00,1.00,2.00),(666,1533,'صغري',3.00,1.00,3.00),(398,1534,'صغري',5.00,2.00,10.00),(398,1517,'صغري',5.00,1.00,5.00),(581,1535,'صغري',10.00,1.00,10.00),(184,1536,'صغري',3.00,1.00,3.00),(595,1537,'صغري',5.00,1.00,5.00),(413,1538,'صغري',5.00,2.00,10.00),(666,1538,'صغري',3.00,1.00,3.00),(200,1538,'صغري',5.00,1.00,5.00),(105,1538,'صغري',2.00,1.00,2.00),(581,1539,'صغري',12.00,2.00,24.00),(723,1540,'صغري',5.00,2.00,10.00),(288,1541,'صغري',3.00,1.00,3.00),(176,1542,'صغري',20.00,1.00,20.00),(168,1542,'صغري',5.00,6.00,30.00),(581,1542,'صغري',12.00,2.00,24.00),(209,1543,'صغري',20.00,1.00,20.00),(110,1543,'صغري',2.00,1.00,2.00),(557,1544,'صغري',5.00,1.00,5.00),(563,1545,'صغري',23.00,1.00,23.00),(74,1545,'صغري',20.00,1.00,20.00),(347,1546,'صغري',10.00,1.00,10.00),(184,1547,'صغري',3.00,1.00,3.00),(581,1548,'صغري',12.00,1.00,12.00),(723,1548,'صغري',5.00,1.00,5.00),(666,1548,'صغري',3.00,1.00,3.00),(723,1549,'صغري',5.00,2.00,10.00),(557,1550,'صغري',5.00,1.00,5.00),(210,1551,'صغري',20.00,2.00,40.00),(354,1552,'صغري',3.00,2.00,6.00),(413,1552,'صغري',5.00,2.00,10.00),(417,1552,'صغري',1.00,1.00,1.00),(723,1553,'صغري',5.00,1.00,5.00),(417,1554,'صغري',1.00,1.00,1.00),(360,1555,'صغري',6.00,1.00,6.00),(117,1555,'صغري',15.00,1.00,15.00),(274,1555,'صغري',30.00,1.00,30.00),(398,1556,'صغري',5.00,1.00,5.00),(723,1556,'صغري',5.00,3.00,15.00),(515,1557,'صغري',5.00,1.00,5.00),(666,1558,'صغري',3.00,5.00,15.00),(355,1558,'صغري',4.00,6.00,24.00),(723,1559,'صغري',5.00,1.00,5.00),(607,1560,'صغري',3.00,1.00,3.00),(417,1562,'صغري',1.00,1.00,1.00),(723,1563,'صغري',5.00,1.00,5.00),(723,1564,'صغري',5.00,1.00,5.00),(417,1565,'صغري',1.00,1.00,1.00),(723,1566,'صغري',5.00,1.00,5.00),(98,1567,'صغري',2.00,1.00,2.00),(99,1567,'صغري',2.00,1.00,2.00),(106,1567,'صغري',2.00,2.00,4.00),(107,1567,'صغري',2.00,2.00,4.00),(398,1567,'صغري',5.00,1.00,5.00),(184,1567,'صغري',3.00,1.00,3.00),(353,1568,'صغري',5.00,2.00,10.00),(116,1568,'صغري',15.00,1.00,15.00),(117,1568,'صغري',15.00,1.00,15.00),(292,1568,'صغري',3.00,2.00,6.00),(100,1561,'صغري',3.00,1.00,3.00),(723,1561,'صغري',5.00,1.00,5.00),(374,1569,'صغري',5.00,1.00,5.00),(515,1570,'صغري',5.00,1.00,5.00),(398,1570,'صغري',5.00,1.00,5.00),(417,1571,'صغري',1.00,1.00,1.00),(273,1572,'صغري',30.00,1.00,30.00),(80,1572,'صغري',12.00,1.00,12.00),(374,1573,'صغري',5.00,1.00,5.00),(666,1574,'صغري',3.00,1.00,3.00),(714,1574,'صغري',2.00,1.00,2.00),(374,1575,'صغري',5.00,2.00,10.00),(100,1576,'صغري',3.00,2.00,6.00),(331,1577,'صغري',3.00,1.00,3.00),(367,1578,'صغري',5.00,1.00,5.00),(754,1579,'صغري',17.00,1.00,17.00),(558,1580,'صغري',17.00,1.00,17.00),(398,1581,'صغري',5.00,2.00,10.00),(413,1582,'صغري',5.00,1.00,5.00),(581,1583,'صغري',12.00,1.00,12.00),(100,1583,'صغري',3.00,1.00,3.00),(310,1585,'صغري',30.00,1.00,30.00),(583,1587,'صغري',10.00,2.00,20.00),(717,1584,'صغري',5.00,1.00,5.00),(754,1584,'صغري',15.00,1.00,15.00),(723,1584,'صغري',1.00,2.00,2.00),(366,1588,'صغري',5.00,2.00,10.00),(368,1588,'صغري',5.00,1.00,5.00),(398,1588,'صغري',5.00,2.00,10.00),(723,1588,'صغري',5.00,1.00,5.00),(571,1589,'صغري',5.00,1.00,5.00),(374,1590,'صغري',5.00,1.00,5.00),(398,1591,'صغري',5.00,4.00,20.00),(355,1591,'صغري',4.00,6.00,24.00),(666,1592,'صغري',3.00,1.00,3.00),(581,1593,'صغري',12.00,2.00,24.00),(250,1594,'صغري',15.00,1.00,15.00),(182,1595,'صغري',5.00,2.00,10.00),(65,1596,'صغري',40.00,1.00,40.00),(595,1596,'صغري',5.00,1.00,5.00),(583,1596,'صغري',10.00,1.00,10.00),(581,1586,'صغري',10.00,1.00,10.00),(586,1586,'صغري',5.00,1.00,5.00),(54,1597,'صغري',20.00,1.00,20.00),(121,1598,'صغري',20.00,2.00,40.00),(719,1598,'صغري',20.00,1.00,20.00),(123,1598,'صغري',15.00,3.00,45.00),(220,1599,'صغري',15.00,1.00,15.00),(398,1600,'صغري',5.00,1.00,5.00),(576,1600,'صغري',5.00,1.00,5.00),(254,1600,'صغري',10.00,1.00,10.00),(182,1600,'صغري',5.00,1.00,5.00),(179,1600,'صغري',13.00,1.00,13.00),(101,1600,'صغري',5.00,1.00,5.00),(712,1600,'صغري',10.00,1.00,10.00),(666,1601,'صغري',3.00,1.00,3.00),(120,1602,'صغري',5.00,1.00,5.00),(6,1604,'صغري',300.00,1.00,300.00),(754,1604,'صغري',15.00,1.00,15.00),(762,1605,'صغري',20.00,1.00,20.00),(583,1605,'صغري',10.00,1.00,10.00),(220,1605,'صغري',15.00,1.00,15.00),(666,1606,'صغري',3.00,1.00,3.00),(723,1606,'صغري',5.00,1.00,5.00),(581,1606,'صغري',12.00,2.00,24.00),(329,1607,'صغري',17.00,1.00,17.00),(774,1608,'صغري',30.00,1.00,30.00),(774,1610,'صغري',30.00,1.00,30.00),(354,1611,'صغري',15.00,1.00,15.00),(354,1612,'صغري',15.00,1.00,15.00),(108,1613,'صغري',3.00,2.00,6.00),(80,1616,'صغري',12.00,1.00,12.00),(163,1616,'صغري',5.00,1.00,5.00),(374,1616,'صغري',5.00,1.00,5.00),(779,1617,'صغري',5.00,1.00,5.00),(779,1619,'صغري',5.00,1.00,5.00),(779,1620,'صغري',5.00,1.00,5.00),(779,1621,'صغري',5.00,1.00,5.00),(779,1622,'صغري',5.00,1.00,5.00),(586,1623,'صغري',5.00,1.00,5.00),(586,1624,'صغري',5.00,1.00,5.00),(779,1618,'صغري',5.00,1.00,5.00),(586,1618,'صغري',5.00,1.00,5.00),(583,1618,'صغري',10.00,2.00,20.00),(588,1618,'صغري',20.00,1.00,20.00),(788,1625,'صغري',135.00,1.00,135.00),(750,1626,'صغري',10.00,1.00,10.00),(373,1509,'صغري',5.00,2.00,10.00),(106,1509,'صغري',2.00,2.00,4.00),(754,1182,'صغري',17.00,1.00,17.00),(182,1627,'صغري',5.00,1.00,5.00),(181,1627,'صغري',5.00,1.00,5.00),(750,1627,'صغري',7.00,3.00,21.00),(374,1615,'صغري',5.00,1.00,5.00),(364,1615,'صغري',7.00,1.00,7.00),(367,1615,'صغري',5.00,2.00,10.00),(413,1615,'صغري',5.00,1.00,5.00),(777,1615,'صغري',5.00,4.00,20.00),(97,1615,'صغري',3.00,1.00,3.00),(417,1628,'صغري',1.00,1.00,1.00),(344,1629,'صغري',7.00,3.00,21.00),(341,1629,'صغري',7.00,1.00,7.00),(342,1629,'صغري',7.00,1.00,7.00),(343,1629,'صغري',7.00,1.00,7.00),(413,1629,'صغري',5.00,1.00,5.00),(184,1629,'صغري',3.00,1.00,3.00),(398,1630,'صغري',5.00,1.00,5.00),(711,1630,'صغري',2.00,1.00,2.00),(795,1631,'صغري',15.00,1.00,15.00),(637,1631,'صغري',55.00,1.00,55.00),(603,1631,'صغري',50.00,1.00,50.00),(367,1632,'صغري',5.00,1.00,5.00),(106,1632,'صغري',2.00,1.00,2.00),(581,1633,'صغري',10.00,1.00,10.00),(413,1634,'صغري',5.00,2.00,10.00),(565,1634,'صغري',5.00,1.00,5.00),(627,1636,'صغري',25.00,1.00,25.00),(374,1637,'صغري',5.00,1.00,5.00),(101,1637,'صغري',5.00,1.00,5.00),(102,1637,'صغري',5.00,1.00,5.00),(413,1638,'صغري',5.00,1.00,5.00),(364,1638,'صغري',7.00,1.00,7.00),(374,1639,'صغري',5.00,1.00,5.00),(717,1639,'صغري',5.00,2.00,10.00),(417,1640,'صغري',1.00,2.00,2.00),(354,1641,'صغري',3.00,2.00,6.00),(182,1641,'صغري',5.00,1.00,5.00),(110,1641,'صغري',2.00,1.00,2.00),(666,1641,'صغري',3.00,1.00,3.00),(119,1642,'صغري',5.00,2.00,10.00),(776,1642,'صغري',45.00,1.00,45.00),(581,1642,'صغري',12.00,1.00,12.00),(374,1643,'صغري',5.00,1.00,5.00),(717,1644,'صغري',5.00,2.00,10.00),(398,1644,'صغري',5.00,1.00,5.00),(581,1645,'صغري',12.00,1.00,12.00),(717,1646,'صغري',5.00,2.00,10.00),(600,1646,'صغري',15.00,1.00,15.00),(586,1646,'صغري',5.00,1.00,5.00),(576,1647,'صغري',5.00,1.00,5.00),(717,1647,'صغري',5.00,1.00,5.00),(398,1648,'صغري',5.00,2.00,10.00),(253,1649,'صغري',5.00,1.00,5.00),(367,1649,'صغري',5.00,1.00,5.00),(581,1650,'صغري',12.00,1.00,12.00),(413,1651,'صغري',5.00,1.00,5.00),(413,1652,'صغري',5.00,1.00,5.00),(398,1652,'صغري',5.00,1.00,5.00),(360,1652,'صغري',6.00,1.00,6.00),(607,1652,'صغري',3.00,1.00,3.00),(417,1653,'صغري',1.00,1.00,1.00),(583,1654,'صغري',10.00,1.00,10.00),(368,1655,'صغري',5.00,1.00,5.00),(355,1656,'صغري',4.00,1.00,4.00),(413,1657,'صغري',5.00,1.00,5.00),(374,1658,'صغري',5.00,1.00,5.00),(355,1660,'صغري',4.00,2.00,8.00),(98,1660,'صغري',2.00,1.00,2.00),(374,1661,'صغري',5.00,1.00,5.00),(723,1664,'صغري',5.00,1.00,5.00),(796,1665,'صغري',65.00,1.00,65.00),(28,1665,'صغري',55.00,1.00,55.00),(249,1665,'صغري',6.00,3.00,18.00),(779,1665,'صغري',5.00,3.00,15.00),(288,1665,'صغري',3.00,3.00,9.00),(583,1666,'صغري',10.00,1.00,10.00),(723,1666,'صغري',5.00,1.00,5.00),(194,1666,'صغري',5.00,1.00,5.00),(385,1667,'صغري',5.00,1.00,5.00),(353,1667,'صغري',5.00,1.00,5.00),(333,1667,'صغري',5.00,1.00,5.00),(717,1667,'صغري',5.00,2.00,10.00),(723,1668,'صغري',5.00,1.00,5.00),(723,1669,'صغري',5.00,1.00,5.00),(274,1670,'صغري',27.00,1.00,27.00),(82,1670,'صغري',5.00,1.00,5.00),(172,1670,'صغري',10.00,2.00,20.00),(785,1670,'صغري',10.00,1.00,10.00),(772,1670,'صغري',18.00,1.00,18.00),(740,1670,'صغري',20.00,1.00,20.00),(772,1671,'صغري',18.50,9.00,166.50),(54,1671,'صغري',20.00,1.00,20.00),(131,1671,'صغري',10.00,1.00,10.00),(80,1671,'صغري',12.00,1.00,12.00),(581,1672,'صغري',12.00,2.00,24.00),(794,1672,'صغري',15.00,2.00,30.00),(525,1673,'صغري',2.00,2.00,4.00),(22,1674,'صغري',85.00,1.00,85.00),(583,1675,'صغري',10.00,1.00,10.00),(586,1675,'صغري',5.00,1.00,5.00),(754,1676,'صغري',15.00,1.00,15.00),(666,1677,'صغري',3.00,1.00,3.00),(581,1677,'صغري',12.00,1.00,12.00),(583,1678,'صغري',15.00,1.00,15.00),(804,1679,'صغري',55.00,1.00,55.00),(583,1680,'صغري',10.00,2.00,20.00),(374,1681,'صغري',5.00,3.00,15.00),(81,1681,'صغري',5.00,2.00,10.00),(84,1682,'صغري',25.00,1.00,25.00),(197,1682,'صغري',5.00,1.00,5.00),(670,1682,'صغري',5.00,1.00,5.00),(278,1682,'صغري',15.00,1.00,15.00),(798,1682,'صغري',12.00,1.00,12.00),(554,1682,'صغري',15.00,1.00,15.00),(212,1682,'صغري',3.00,1.00,3.00),(213,1682,'صغري',3.00,2.00,6.00),(786,1682,'صغري',25.00,1.00,25.00),(244,1682,'صغري',25.00,1.00,25.00),(525,1682,'صغري',2.00,2.00,4.00),(413,1683,'صغري',5.00,1.00,5.00),(754,1684,'صغري',17.00,1.00,17.00),(666,1684,'صغري',3.00,1.00,3.00),(374,1685,'صغري',5.00,1.00,5.00),(796,1686,'صغري',65.00,1.00,65.00),(26,1686,'صغري',90.00,1.00,90.00),(764,1686,'صغري',8.00,3.00,24.00),(249,1686,'صغري',6.00,3.00,18.00),(525,1686,'صغري',2.00,2.00,4.00),(754,1687,'صغري',15.00,1.00,15.00),(586,1663,'صغري',5.00,1.00,5.00),(102,1688,'صغري',5.00,1.00,5.00),(367,1689,'صغري',5.00,2.00,10.00),(548,1690,'صغري',5.00,2.00,10.00),(398,1691,'صغري',5.00,1.00,5.00),(355,1691,'صغري',4.00,3.00,12.00),(165,1691,'صغري',10.00,3.00,30.00),(288,1691,'صغري',3.00,1.00,3.00),(385,1692,'صغري',5.00,1.00,5.00),(586,1693,'صغري',5.00,2.00,10.00),(329,1694,'صغري',17.00,1.00,17.00),(707,1694,'صغري',13.00,1.00,13.00),(583,1695,'صغري',10.00,2.00,20.00),(413,1696,'صغري',5.00,1.00,5.00),(372,1696,'صغري',5.00,3.00,15.00),(586,1696,'صغري',5.00,1.00,5.00),(194,1696,'صغري',5.00,1.00,5.00),(515,1697,'صغري',5.00,2.00,10.00),(774,1698,'صغري',30.00,1.00,30.00),(586,1698,'صغري',5.00,1.00,5.00),(581,1698,'صغري',12.00,1.00,12.00),(583,1698,'صغري',10.00,1.00,10.00),(354,1698,'صغري',15.00,2.00,30.00),(413,1699,'صغري',5.00,2.00,10.00),(666,1700,'صغري',3.00,1.00,3.00),(253,1603,'صغري',5.00,15.00,75.00),(66,1603,'صغري',40.00,2.00,80.00),(251,1603,'صغري',15.00,10.00,150.00),(249,1603,'صغري',6.00,10.00,60.00),(85,1603,'صغري',20.00,20.00,400.00),(1,1603,'صغري',48.00,1.00,48.00),(757,1603,'صغري',55.00,1.00,55.00),(771,1603,'صغري',75.00,2.00,150.00),(770,1603,'صغري',40.00,1.00,40.00),(694,1659,'صغري',85.00,1.00,85.00),(781,1659,'صغري',25.00,1.00,25.00),(699,1659,'صغري',10.00,1.00,10.00),(791,1659,'صغري',15.00,1.00,15.00),(80,1659,'صغري',12.00,1.00,12.00),(54,1659,'صغري',20.00,1.00,20.00),(211,1659,'صغري',50.00,1.00,50.00),(786,1659,'صغري',25.00,1.00,25.00),(86,1659,'صغري',3.00,1.00,3.00),(783,1659,'صغري',35.00,1.00,35.00),(220,1659,'صغري',15.00,1.00,15.00),(218,1659,'صغري',5.00,1.00,5.00),(513,1659,'صغري',18.00,1.00,18.00),(670,1659,'صغري',5.00,1.00,5.00),(540,1659,'صغري',5.00,1.00,5.00),(185,1659,'صغري',6.00,1.00,6.00),(687,1659,'صغري',5.00,1.00,5.00),(79,1659,'صغري',20.00,1.00,20.00),(775,1659,'صغري',15.00,1.00,15.00),(36,1659,'صغري',40.00,1.00,40.00),(780,1659,'صغري',23.00,1.00,23.00),(249,1659,'صغري',6.00,1.00,6.00),(785,1659,'صغري',10.00,1.00,10.00),(251,1659,'صغري',15.00,1.00,15.00),(772,1659,'صغري',25.00,1.00,25.00),(182,1659,'صغري',5.00,1.00,5.00),(793,1659,'صغري',45.00,1.00,45.00),(764,1659,'صغري',8.00,1.00,8.00),(679,1659,'صغري',95.00,1.00,95.00),(581,1659,'صغري',12.00,1.00,12.00),(583,1702,'صغري',10.00,1.00,10.00),(353,1497,'صغري',5.00,1.00,5.00),(100,1497,'صغري',3.00,2.00,6.00),(251,1497,'صغري',15.00,1.00,15.00),(108,1703,'صغري',3.00,1.00,3.00),(185,1704,'صغري',6.00,1.00,6.00),(351,1705,'صغري',5.00,1.00,5.00),(349,1705,'صغري',5.00,1.00,5.00),(329,1707,'صغري',17.00,1.00,17.00),(372,1707,'صغري',5.00,1.00,5.00),(356,1707,'صغري',5.00,1.00,5.00),(184,1707,'صغري',3.00,1.00,3.00),(364,1706,'صغري',7.00,1.00,7.00),(801,1706,'صغري',5.00,1.00,5.00),(54,1706,'صغري',20.00,1.00,20.00),(717,1706,'صغري',5.00,1.00,5.00),(413,1708,'صغري',5.00,2.00,10.00),(525,1710,'صغري',2.00,1.00,2.00),(717,1711,'صغري',5.00,1.00,5.00),(750,1712,'صغري',10.00,1.00,10.00),(333,1714,'صغري',5.00,1.00,5.00),(253,1714,'صغري',5.00,1.00,5.00),(100,1716,'صغري',3.00,2.00,6.00),(717,1716,'صغري',5.00,2.00,10.00),(581,1713,'صغري',12.00,1.00,12.00),(321,1713,'صغري',20.00,1.00,20.00),(666,1713,'صغري',3.00,1.00,3.00),(750,1718,'صغري',10.00,2.00,20.00),(791,1719,'صغري',15.00,1.00,15.00),(801,1717,'صغري',6.00,1.00,6.00),(586,1717,'صغري',5.00,2.00,10.00),(583,1717,'صغري',10.00,1.00,10.00),(781,1717,'صغري',25.00,1.00,25.00),(666,1717,'صغري',3.00,1.00,3.00),(790,1720,'صغري',45.00,1.00,45.00),(802,1720,'صغري',18.50,3.00,55.50),(516,1720,'صغري',60.00,1.00,60.00),(754,1720,'صغري',17.00,1.00,17.00),(353,1721,'صغري',5.00,2.00,10.00),(333,1721,'صغري',5.00,2.00,10.00),(373,1721,'صغري',5.00,2.00,10.00),(754,1721,'صغري',17.00,2.00,34.00),(774,1721,'صغري',30.00,1.00,30.00),(264,1721,'صغري',12.00,1.00,12.00),(779,1722,'صغري',5.00,2.00,10.00),(274,1723,'صغري',30.00,1.00,30.00),(54,1723,'صغري',20.00,1.00,20.00),(513,1723,'صغري',18.00,1.00,18.00),(717,1724,'صغري',5.00,5.00,25.00),(566,1725,'صغري',5.00,1.00,5.00),(717,1725,'صغري',5.00,1.00,5.00),(97,1726,'صغري',3.00,2.00,6.00),(361,1727,'صغري',6.00,1.00,6.00),(367,1728,'صغري',5.00,3.00,15.00),(607,1729,'صغري',3.00,1.00,3.00),(713,1729,'صغري',2.00,1.00,2.00),(681,1730,'صغري',240.00,1.00,240.00),(363,1731,'صغري',7.00,1.00,7.00),(583,1732,'صغري',10.00,1.00,10.00),(201,1732,'صغري',5.00,1.00,5.00),(102,1733,'صغري',5.00,1.00,5.00),(583,1734,'صغري',10.00,1.00,10.00),(151,1735,'صغري',25.00,1.00,25.00),(666,1735,'صغري',3.00,1.00,3.00),(354,1736,'صغري',3.00,3.00,9.00),(583,1736,'صغري',10.00,1.00,10.00),(666,1738,'صغري',3.00,4.00,12.00),(800,1738,'صغري',2.50,6.00,15.00),(350,1738,'صغري',5.00,3.00,15.00),(565,1738,'صغري',5.00,4.00,20.00),(417,1738,'صغري',1.00,3.00,3.00),(515,1739,'صغري',5.00,1.00,5.00),(701,1740,'صغري',10.00,1.00,10.00),(198,1741,'صغري',5.00,1.00,5.00),(288,1741,'صغري',3.00,3.00,9.00),(587,1742,'صغري',15.00,1.00,15.00),(110,1743,'صغري',2.00,1.00,2.00),(182,1743,'صغري',5.00,1.00,5.00),(354,1743,'صغري',3.00,2.00,6.00),(666,1743,'صغري',3.00,1.00,3.00),(555,1744,'صغري',15.00,5.00,75.00),(554,1744,'صغري',15.00,2.00,30.00),(119,1744,'صغري',5.00,1.00,5.00),(666,1745,'صغري',3.00,1.00,3.00),(367,1745,'صغري',5.00,1.00,5.00),(398,1746,'صغري',5.00,2.00,10.00),(273,1747,'صغري',25.00,1.00,25.00),(724,1747,'صغري',12.50,1.00,12.50),(727,1747,'صغري',12.50,1.00,12.50),(27,1747,'صغري',55.00,1.00,55.00),(107,1747,'صغري',2.00,2.00,4.00),(176,1747,'صغري',20.00,3.00,60.00),(250,1747,'صغري',15.00,1.00,15.00),(82,1747,'صغري',5.00,1.00,5.00),(34,1747,'صغري',20.00,1.00,20.00),(81,1747,'صغري',5.00,2.00,10.00),(775,1747,'صغري',15.00,2.00,30.00),(764,1747,'صغري',8.00,2.00,16.00),(54,1747,'صغري',20.00,1.00,20.00),(212,1747,'صغري',2.00,5.00,10.00),(194,1747,'صغري',5.00,1.00,5.00),(192,1747,'صغري',5.00,1.00,5.00),(398,1748,'صغري',5.00,1.00,5.00),(581,1749,'صغري',10.00,1.00,10.00),(398,1750,'صغري',5.00,1.00,5.00),(373,1751,'صغري',5.00,1.00,5.00),(374,1752,'صغري',5.00,1.00,5.00),(583,1752,'صغري',10.00,1.00,10.00),(413,1752,'صغري',5.00,1.00,5.00),(98,1753,'صغري',2.00,1.00,2.00),(568,1754,'صغري',5.00,1.00,5.00),(586,1755,'صغري',5.00,2.00,10.00),(607,1756,'صغري',3.00,3.00,9.00),(398,1756,'صغري',5.00,2.00,10.00),(583,1757,'صغري',10.00,2.00,20.00),(598,1757,'صغري',15.00,2.00,30.00),(341,1758,'صغري',7.00,1.00,7.00),(342,1758,'صغري',7.00,1.00,7.00),(344,1758,'صغري',7.00,1.00,7.00),(343,1758,'صغري',7.00,1.00,7.00),(800,1759,'صغري',2.50,2.00,5.00),(373,1759,'صغري',5.00,1.00,5.00),(100,1759,'صغري',3.00,2.00,6.00),(607,1759,'صغري',3.00,1.00,3.00),(297,1760,'صغري',25.00,1.00,25.00),(328,1760,'صغري',5.00,1.00,5.00),(398,1761,'صغري',5.00,1.00,5.00),(374,1762,'صغري',5.00,1.00,5.00),(210,1763,'صغري',20.00,1.00,20.00),(586,1764,'صغري',5.00,4.00,20.00),(413,1765,'صغري',5.00,1.00,5.00),(110,1766,'صغري',2.00,1.00,2.00),(723,1766,'صغري',5.00,1.00,5.00),(600,1767,'صغري',10.00,1.00,10.00),(802,1768,'صغري',18.50,3.00,55.50),(666,1769,'صغري',3.00,1.00,3.00),(717,1769,'صغري',5.00,1.00,5.00),(374,1770,'صغري',5.00,1.00,5.00),(581,1771,'صغري',10.00,1.00,10.00),(586,1773,'صغري',5.00,1.00,5.00),(802,1774,'صغري',18.50,2.00,37.00),(176,1774,'صغري',18.50,1.00,18.50),(29,1775,'صغري',45.00,1.00,45.00),(666,1776,'صغري',3.00,1.00,3.00),(586,1777,'صغري',5.00,1.00,5.00),(583,1777,'صغري',10.00,1.00,10.00),(754,1778,'صغري',17.00,1.00,17.00),(583,1778,'صغري',10.00,1.00,10.00),(587,1778,'صغري',15.00,1.00,15.00),(666,1778,'صغري',3.00,3.00,9.00),(586,1779,'صغري',3.00,3.00,9.00),(53,1780,'صغري',150.00,1.00,150.00),(369,1781,'صغري',5.00,1.00,5.00),(374,1781,'صغري',5.00,2.00,10.00),(117,1782,'صغري',15.00,1.00,15.00),(558,1783,'صغري',17.00,2.00,34.00),(586,1784,'صغري',5.00,1.00,5.00),(717,1784,'صغري',5.00,1.00,5.00),(343,1786,'صغري',7.00,1.00,7.00),(342,1786,'صغري',7.00,1.00,7.00),(673,1787,'صغري',55.00,1.00,55.00),(664,1787,'صغري',20.00,2.00,40.00),(583,1789,'صغري',10.00,2.00,20.00),(581,1790,'صغري',10.00,1.00,10.00),(669,1791,'صغري',30.00,1.00,30.00),(354,1791,'صغري',3.00,1.00,3.00),(583,1792,'صغري',10.00,2.00,20.00),(583,1793,'صغري',15.00,1.00,15.00),(297,1794,'صغري',25.00,1.00,25.00),(666,1795,'صغري',3.00,1.00,3.00),(110,1796,'صغري',2.00,1.00,2.00),(586,1797,'صغري',5.00,4.00,20.00),(398,1797,'صغري',5.00,1.00,5.00),(212,1798,'صغري',3.00,1.00,3.00),(213,1798,'صغري',3.00,1.00,3.00),(687,1798,'صغري',5.00,2.00,10.00),(119,1798,'صغري',5.00,1.00,5.00),(120,1798,'صغري',5.00,1.00,5.00),(581,1798,'صغري',12.00,1.00,12.00),(525,1798,'صغري',2.00,1.00,2.00),(398,1799,'صغري',5.00,1.00,5.00),(360,1799,'صغري',6.00,1.00,6.00),(117,1800,'صغري',15.00,1.00,15.00),(116,1800,'صغري',15.00,1.00,15.00),(353,1800,'صغري',5.00,2.00,10.00),(581,1801,'صغري',12.00,1.00,12.00),(333,1803,'صغري',5.00,1.00,5.00),(525,1803,'صغري',2.00,1.00,2.00),(3,1804,'صغري',25.00,1.00,25.00),(107,1804,'صغري',2.00,2.00,4.00),(354,1804,'صغري',15.00,1.00,15.00),(586,1804,'صغري',5.00,1.00,5.00),(754,1805,'صغري',17.00,2.00,34.00),(723,1806,'صغري',5.00,1.00,5.00),(750,1806,'صغري',10.00,1.00,10.00),(70,1807,'صغري',8.00,2.00,16.00),(83,1808,'صغري',5.00,1.00,5.00),(594,1810,'صغري',10.00,1.00,10.00),(102,1811,'صغري',5.00,1.00,5.00),(856,1812,'صغري',5.00,2.00,10.00),(184,1813,'صغري',3.00,1.00,3.00),(100,1813,'صغري',3.00,1.00,3.00),(714,1813,'صغري',2.00,1.00,2.00),(413,1814,'صغري',5.00,2.00,10.00),(417,1814,'صغري',1.00,5.00,5.00),(154,1815,'صغري',3.00,3.00,9.00),(398,1816,'صغري',5.00,1.00,5.00),(194,1818,'صغري',5.00,1.00,5.00),(714,1819,'صغري',2.00,1.00,2.00),(417,1820,'صغري',1.00,1.00,1.00),(782,1821,'صغري',35.00,1.00,35.00),(385,1821,'صغري',5.00,1.00,5.00),(598,1821,'صغري',15.00,1.00,15.00),(104,1822,'صغري',3.00,2.00,6.00),(800,1823,'صغري',2.50,16.00,40.00),(349,1823,'صغري',5.00,3.00,15.00),(565,1823,'صغري',5.00,4.00,20.00),(283,1823,'صغري',15.00,3.00,45.00),(640,1823,'صغري',6.00,2.00,12.00),(188,1823,'صغري',5.00,1.00,5.00),(513,1823,'صغري',18.00,1.00,18.00),(80,1823,'صغري',15.00,3.00,45.00),(168,1823,'صغري',5.00,3.00,15.00),(205,1823,'صغري',1.00,10.00,10.00),(525,1824,'صغري',2.00,2.00,4.00),(364,1824,'صغري',7.00,1.00,7.00),(718,1817,'صغري',135.00,1.00,135.00),(53,1817,'صغري',160.00,1.00,160.00),(581,1825,'صغري',10.00,1.00,10.00),(583,1826,'صغري',10.00,2.00,20.00),(636,1827,'صغري',30.00,1.00,30.00),(581,1828,'صغري',12.00,2.00,24.00),(754,1828,'صغري',16.00,1.00,16.00),(591,1828,'صغري',15.00,1.00,15.00),(666,1829,'صغري',3.00,1.00,3.00),(374,1829,'صغري',5.00,1.00,5.00),(525,1829,'صغري',2.00,1.00,2.00),(779,1830,'صغري',5.00,1.00,5.00),(321,1831,'صغري',20.00,1.00,20.00),(82,1831,'صغري',5.00,1.00,5.00),(779,1831,'صغري',5.00,1.00,5.00),(810,1831,'صغري',10.00,1.00,10.00),(586,1831,'صغري',5.00,2.00,10.00),(754,1832,'صغري',17.00,1.00,17.00),(413,1833,'صغري',5.00,2.00,10.00),(349,1834,'صغري',5.00,2.00,10.00),(717,1834,'صغري',5.00,4.00,20.00),(373,1835,'صغري',5.00,2.00,10.00),(320,1836,'صغري',20.00,1.00,20.00),(385,1836,'صغري',5.00,1.00,5.00),(586,1837,'صغري',5.00,2.00,10.00),(674,1839,'صغري',55.00,2.00,110.00),(171,1839,'صغري',12.00,2.00,24.00),(413,1841,'صغري',5.00,1.00,5.00),(110,1842,'صغري',2.00,3.00,6.00),(586,1842,'صغري',5.00,3.00,15.00),(595,1842,'صغري',5.00,1.00,5.00),(711,1842,'صغري',2.00,1.00,2.00),(111,1842,'صغري',2.00,1.00,2.00),(586,1843,'صغري',5.00,2.00,10.00),(398,1844,'صغري',5.00,1.00,5.00),(583,1845,'صغري',10.00,1.00,10.00),(99,1846,'صغري',2.00,1.00,2.00),(348,1847,'صغري',5.00,1.00,5.00),(564,1847,'صغري',5.00,1.00,5.00),(350,1847,'صغري',5.00,1.00,5.00),(565,1847,'صغري',5.00,1.00,5.00),(800,1847,'صغري',2.50,2.00,5.00),(413,1847,'صغري',5.00,1.00,5.00),(666,1847,'صغري',3.00,2.00,6.00),(776,1847,'صغري',45.00,1.00,45.00),(374,1848,'صغري',5.00,1.00,5.00),(576,1850,'صغري',5.00,1.00,5.00),(583,1851,'صغري',10.00,1.00,10.00),(754,1851,'صغري',15.00,1.00,15.00),(586,1852,'صغري',5.00,1.00,5.00),(398,1853,'صغري',5.00,1.00,5.00),(666,1854,'صغري',3.00,1.00,3.00),(413,1855,'صغري',5.00,1.00,5.00),(184,1856,'صغري',3.00,4.00,12.00),(120,1856,'صغري',5.00,1.00,5.00),(119,1856,'صغري',5.00,1.00,5.00),(181,1856,'صغري',5.00,1.00,5.00),(182,1856,'صغري',5.00,1.00,5.00),(856,1856,'صغري',5.00,1.00,5.00),(581,1856,'صغري',12.00,1.00,12.00),(333,1857,'صغري',5.00,1.00,5.00),(754,1857,'صغري',17.00,1.00,17.00),(417,1858,'صغري',1.00,1.00,1.00),(354,1859,'صغري',3.00,1.00,3.00),(581,1849,'صغري',12.00,1.00,12.00),(801,1849,'صغري',5.00,1.00,5.00),(398,1860,'صغري',5.00,1.00,5.00),(586,1860,'صغري',5.00,1.00,5.00),(102,1862,'صغري',5.00,1.00,5.00),(581,1863,'صغري',10.00,1.00,10.00),(348,1864,'صغري',5.00,1.00,5.00),(355,1865,'صغري',4.00,2.00,8.00),(354,1865,'صغري',3.00,1.00,3.00),(583,1866,'صغري',10.00,2.00,20.00),(598,1866,'صغري',10.00,1.00,10.00),(856,1867,'صغري',5.00,1.00,5.00),(592,1868,'صغري',20.00,2.00,40.00),(795,1869,'صغري',12.50,6.00,75.00),(802,1869,'صغري',18.50,3.00,55.50),(801,1869,'صغري',5.00,1.00,5.00),(583,1870,'صغري',10.00,1.00,10.00),(586,1871,'صغري',5.00,3.00,15.00),(595,1871,'صغري',5.00,1.00,5.00),(413,1871,'صغري',5.00,1.00,5.00),(744,1872,'صغري',5.00,1.00,5.00),(186,1872,'صغري',6.00,1.00,6.00),(398,1873,'صغري',5.00,1.00,5.00),(530,1874,'صغري',20.00,1.00,20.00),(119,1874,'صغري',5.00,2.00,10.00),(146,1874,'صغري',5.00,1.00,5.00),(666,1874,'صغري',3.00,1.00,3.00),(581,1874,'صغري',12.00,1.00,12.00),(117,1874,'صغري',15.00,1.00,15.00),(578,1875,'صغري',5.00,1.00,5.00),(810,1876,'صغري',10.00,1.00,10.00),(586,1877,'صغري',5.00,2.00,10.00),(374,1878,'صغري',5.00,1.00,5.00),(581,1878,'صغري',10.00,1.00,10.00),(797,1879,'صغري',12.00,2.00,24.00),(134,1879,'صغري',5.00,3.00,15.00),(138,1879,'صغري',5.00,1.00,5.00),(205,1879,'صغري',1.00,10.00,10.00),(524,1879,'صغري',2.00,1.00,2.00),(856,1881,'صغري',5.00,1.00,5.00),(368,1882,'صغري',5.00,2.00,10.00),(398,1883,'صغري',5.00,1.00,5.00),(581,1884,'صغري',10.00,1.00,10.00),(754,1885,'صغري',15.00,1.00,15.00),(586,1886,'صغري',5.00,1.00,5.00),(583,1886,'صغري',10.00,1.00,10.00),(417,1887,'صغري',1.00,1.00,1.00),(413,1890,'صغري',5.00,1.00,5.00),(816,1890,'صغري',7.00,1.00,7.00),(344,1890,'صغري',7.00,1.00,7.00),(813,1890,'صغري',7.00,1.00,7.00),(815,1890,'صغري',7.00,1.00,7.00),(800,1890,'صغري',3.00,4.00,12.00),(754,1891,'صغري',15.00,1.00,15.00),(369,1892,'صغري',5.00,1.00,5.00),(398,1893,'صغري',5.00,2.00,10.00),(785,1893,'صغري',10.00,2.00,20.00),(98,1893,'صغري',2.00,1.00,2.00),(101,1893,'صغري',5.00,2.00,10.00),(54,1894,'صغري',18.00,1.00,18.00),(525,1894,'صغري',2.00,1.00,2.00),(374,1895,'صغري',4.80,24.00,115.20),(581,1896,'صغري',12.00,1.00,12.00),(666,1898,'صغري',3.00,1.00,3.00),(525,1898,'صغري',2.00,1.00,2.00),(586,1899,'صغري',5.00,1.00,5.00),(175,1900,'صغري',12.00,1.00,12.00),(522,1900,'صغري',10.00,1.00,10.00),(754,1900,'صغري',16.00,1.00,16.00),(525,1900,'صغري',2.00,1.00,2.00),(373,1901,'صغري',5.00,1.00,5.00),(297,1902,'صغري',25.00,2.00,50.00),(10,1902,'صغري',50.00,1.00,50.00),(13,1902,'صغري',40.00,1.00,40.00),(364,1903,'صغري',7.00,4.00,28.00),(525,1903,'صغري',2.00,1.00,2.00),(204,1904,'صغري',15.00,1.00,15.00),(666,1905,'صغري',3.00,1.00,3.00),(525,1905,'صغري',2.00,1.00,2.00),(581,1906,'صغري',12.00,2.00,24.00),(205,1906,'صغري',1.00,1.00,1.00),(277,1907,'صغري',30.00,1.00,30.00),(275,1907,'صغري',30.00,1.00,30.00),(297,1907,'صغري',25.00,2.00,50.00),(802,1907,'صغري',20.00,1.00,20.00),(784,1907,'صغري',30.00,1.00,30.00),(782,1907,'صغري',35.00,1.00,35.00),(347,1908,'صغري',10.00,1.00,10.00),(754,1909,'صغري',17.00,1.00,17.00),(253,1911,'صغري',5.00,1.00,5.00),(107,1910,'صغري',2.00,5.00,10.00),(586,1910,'صغري',5.00,1.00,5.00),(586,1912,'صغري',5.00,1.00,5.00),(583,1912,'صغري',10.00,1.00,10.00),(413,1914,'صغري',5.00,2.00,10.00),(515,1915,'صغري',5.00,3.00,15.00),(515,1916,'صغري',5.00,2.00,10.00),(333,1916,'صغري',5.00,1.00,5.00),(518,1916,'صغري',20.00,1.00,20.00),(251,1916,'صغري',15.00,1.00,15.00),(713,1917,'صغري',2.00,2.00,4.00),(583,1913,'صغري',10.00,2.00,20.00),(354,1913,'صغري',15.00,1.00,15.00),(108,1919,'صغري',3.00,1.00,3.00),(68,1920,'صغري',8.00,2.00,16.00),(220,1920,'صغري',15.00,1.00,15.00),(764,1920,'صغري',8.00,1.00,8.00),(804,1920,'صغري',60.00,1.00,60.00),(750,1921,'صغري',10.00,1.00,10.00),(586,1921,'صغري',5.00,1.00,5.00),(850,1922,'صغري',5.00,1.00,5.00),(861,1922,'صغري',2.00,1.00,2.00),(711,1922,'صغري',2.00,1.00,2.00),(22,1922,'صغري',0.50,2.00,1.00),(398,1923,'صغري',5.00,1.00,5.00),(24,1923,'صغري',5.00,1.00,5.00),(581,1924,'صغري',12.00,1.00,12.00),(398,1925,'صغري',5.00,1.00,5.00),(583,1925,'صغري',10.00,1.00,10.00),(413,1926,'صغري',5.00,1.00,5.00),(666,1926,'صغري',3.00,1.00,3.00),(583,1926,'صغري',10.00,1.00,10.00),(711,1926,'صغري',2.00,1.00,2.00),(104,1927,'صغري',3.00,2.00,6.00),(850,1928,'صغري',5.00,1.00,5.00),(583,1929,'صغري',10.00,1.00,10.00),(600,1929,'صغري',15.00,1.00,15.00),(762,1929,'صغري',20.00,1.00,20.00),(374,1929,'صغري',5.00,4.00,20.00),(367,1929,'صغري',5.00,3.00,15.00),(413,1930,'صغري',5.00,2.00,10.00),(320,1931,'صغري',20.00,1.00,20.00),(374,1933,'صغري',5.00,1.00,5.00),(714,1934,'صغري',2.00,1.00,2.00),(333,1935,'صغري',5.00,1.00,5.00),(124,1935,'صغري',6.00,1.00,6.00),(113,1935,'صغري',3.00,1.00,3.00),(398,1935,'صغري',5.00,1.00,5.00),(717,1935,'صغري',5.00,1.00,5.00),(205,1935,'صغري',1.00,1.00,1.00),(810,1936,'صغري',10.00,1.00,10.00),(594,1936,'صغري',10.00,1.00,10.00),(583,1937,'صغري',10.00,4.00,40.00),(413,1937,'صغري',5.00,2.00,10.00),(108,1938,'صغري',3.00,1.00,3.00),(581,1938,'صغري',12.00,1.00,12.00),(754,1939,'صغري',17.00,1.00,17.00),(288,1940,'صغري',3.00,1.00,3.00),(583,1897,'صغري',10.00,1.00,10.00),(754,1897,'صغري',15.00,1.00,15.00),(204,1897,'صغري',15.00,1.00,15.00),(754,1941,'صغري',15.00,1.00,15.00),(754,1942,'صغري',17.00,1.00,17.00),(581,1943,'صغري',10.00,1.00,10.00),(724,1944,'صغري',15.00,1.00,15.00),(717,1944,'صغري',5.00,2.00,10.00),(850,1944,'صغري',5.00,1.00,5.00),(723,1945,'صغري',5.00,1.00,5.00),(413,1946,'صغري',5.00,1.00,5.00),(413,1947,'صغري',5.00,1.00,5.00),(102,1947,'صغري',5.00,1.00,5.00),(586,1948,'صغري',5.00,1.00,5.00),(583,1948,'صغري',10.00,1.00,10.00),(701,1949,'صغري',10.00,1.00,10.00),(556,1949,'صغري',15.00,1.00,15.00),(581,1950,'صغري',10.00,1.00,10.00),(666,1951,'صغري',3.00,2.00,6.00),(413,1952,'صغري',5.00,2.00,10.00),(130,1952,'صغري',10.00,1.00,10.00),(413,1953,'صغري',5.00,1.00,5.00),(364,1954,'صغري',7.00,1.00,7.00),(22,1954,'صغري',0.50,6.00,3.00),(581,1955,'صغري',12.00,1.00,12.00),(385,1955,'صغري',5.00,1.00,5.00),(398,1955,'صغري',5.00,1.00,5.00),(417,1956,'صغري',1.00,1.00,1.00),(861,1956,'صغري',2.00,2.00,4.00),(354,1957,'صغري',3.00,2.00,6.00),(182,1957,'صغري',5.00,1.00,5.00),(666,1957,'صغري',3.00,1.00,3.00),(861,1957,'صغري',2.00,1.00,2.00),(398,1958,'صغري',5.00,1.00,5.00),(364,1959,'صغري',7.00,1.00,7.00),(368,1960,'صغري',5.00,2.00,10.00),(666,1961,'صغري',3.00,1.00,3.00),(581,1962,'صغري',10.00,1.00,10.00),(373,1963,'صغري',5.00,1.00,5.00),(754,1964,'صغري',17.00,1.00,17.00),(587,1965,'صغري',15.00,1.00,15.00),(201,1966,'صغري',5.00,1.00,5.00),(583,1966,'صغري',10.00,1.00,10.00),(583,1967,'صغري',10.00,1.00,10.00),(201,1968,'صغري',5.00,1.00,5.00),(581,1969,'صغري',12.00,1.00,12.00),(583,1969,'صغري',10.00,1.00,10.00),(398,1971,'صغري',5.00,2.00,10.00),(101,1972,'صغري',5.00,1.00,5.00),(101,1973,'صغري',5.00,1.00,5.00),(102,1974,'صغري',5.00,1.00,5.00),(800,1975,'صغري',2.50,2.00,5.00),(93,1976,'صغري',5.00,1.00,5.00),(754,1977,'صغري',17.00,1.00,17.00),(586,1978,'صغري',5.00,1.00,5.00),(581,1979,'صغري',12.00,1.00,12.00),(279,1979,'صغري',15.00,1.00,15.00),(850,1980,'صغري',5.00,1.00,5.00),(581,1981,'صغري',12.00,1.00,12.00),(523,1981,'صغري',3.00,1.00,3.00),(32,1982,'صغري',90.00,1.00,90.00),(815,1983,'صغري',7.00,1.00,7.00),(343,1983,'صغري',7.00,1.00,7.00),(344,1983,'صغري',7.00,1.00,7.00),(341,1983,'صغري',7.00,1.00,7.00),(711,1983,'صغري',2.00,1.00,2.00),(209,1984,'صغري',20.00,1.00,20.00),(349,1984,'صغري',5.00,1.00,5.00),(717,1984,'صغري',5.00,2.00,10.00),(586,1985,'صغري',5.00,2.00,10.00),(754,1985,'صغري',17.00,1.00,17.00),(586,1986,'صغري',5.00,1.00,5.00),(576,1987,'صغري',5.00,1.00,5.00),(275,1987,'صغري',30.00,1.00,30.00),(801,1987,'صغري',5.00,2.00,10.00),(581,1988,'صغري',12.00,2.00,24.00),(22,1989,'صغري',0.50,2.00,1.00),(374,1990,'صغري',5.00,1.00,5.00),(568,1991,'صغري',5.00,1.00,5.00),(351,1991,'صغري',5.00,1.00,5.00),(413,1991,'صغري',5.00,1.00,5.00),(417,1992,'صغري',1.00,1.00,1.00),(355,1993,'صغري',4.00,3.00,12.00),(591,1994,'صغري',15.00,1.00,15.00),(521,1995,'صغري',10.00,1.00,10.00),(107,1996,'صغري',2.00,1.00,2.00),(742,1997,'صغري',18.00,1.00,18.00),(712,1997,'صغري',10.00,1.00,10.00),(525,1997,'صغري',2.00,1.00,2.00),(581,1998,'صغري',12.00,3.00,36.00),(717,1998,'صغري',5.00,1.00,5.00),(413,1999,'صغري',5.00,1.00,5.00),(199,1999,'صغري',5.00,1.00,5.00),(717,2000,'صغري',5.00,1.00,5.00),(102,2002,'صغري',5.00,1.00,5.00),(184,2002,'صغري',3.00,1.00,3.00),(850,2002,'صغري',5.00,1.00,5.00),(398,2002,'صغري',5.00,1.00,5.00),(576,2002,'صغري',5.00,1.00,5.00),(155,2003,'صغري',12.00,1.00,12.00),(520,2003,'صغري',12.00,2.00,24.00),(156,2003,'صغري',12.00,1.00,12.00),(118,2003,'صغري',10.00,3.00,30.00),(784,2003,'صغري',30.00,1.00,30.00),(787,2003,'صغري',125.00,1.00,125.00),(782,2003,'صغري',35.00,1.00,35.00),(69,2003,'صغري',8.00,1.00,8.00),(786,2003,'صغري',25.00,1.00,25.00),(591,2005,'صغري',15.00,1.00,15.00),(546,2004,'صغري',40.00,1.00,40.00),(581,2004,'صغري',12.00,4.00,48.00),(864,2004,'صغري',3.00,4.00,12.00),(413,2004,'صغري',5.00,1.00,5.00),(22,2006,'صغري',0.50,14.00,7.00),(102,2007,'صغري',5.00,1.00,5.00),(101,2007,'صغري',5.00,1.00,5.00),(374,2008,'صغري',5.00,1.00,5.00),(367,2008,'صغري',5.00,2.00,10.00),(607,2009,'صغري',3.00,1.00,3.00),(525,2009,'صغري',2.00,1.00,2.00),(860,2010,'صغري',2.00,1.00,2.00),(417,2010,'صغري',1.00,2.00,2.00),(583,2011,'صغري',10.00,1.00,10.00),(413,2001,'صغري',9.00,1.00,9.00),(361,2012,'صغري',6.00,1.00,6.00),(600,2013,'صغري',15.00,1.00,15.00),(586,2013,'صغري',5.00,1.00,5.00),(417,2014,'صغري',1.00,1.00,1.00),(669,2015,'صغري',30.00,1.00,30.00),(581,2016,'صغري',10.00,1.00,10.00),(607,2017,'صغري',3.00,2.00,6.00),(750,2018,'صغري',10.00,1.00,10.00),(586,2019,'صغري',5.00,1.00,5.00),(583,2019,'صغري',10.00,1.00,10.00),(108,2019,'صغري',3.00,2.00,6.00),(145,2020,'صغري',5.00,1.00,5.00),(581,2021,'صغري',10.00,1.00,10.00),(607,2022,'صغري',3.00,3.00,9.00),(364,2023,'صغري',7.00,1.00,7.00),(594,2023,'صغري',10.00,1.00,10.00),(864,2023,'صغري',3.00,1.00,3.00),(371,2024,'صغري',5.00,1.00,5.00),(328,2024,'صغري',5.00,1.00,5.00),(364,2025,'صغري',7.00,1.00,7.00),(18,2025,'صغري',30.00,1.00,30.00),(607,2025,'صغري',3.00,1.00,3.00),(718,2026,'صغري',135.00,1.00,135.00),(108,2028,'صغري',3.00,1.00,3.00),(398,2029,'صغري',5.00,3.00,15.00),(864,2027,'صغري',2.50,2.00,5.00),(205,2030,'صغري',1.00,5.00,5.00),(297,2031,'صغري',20.83,24.00,499.92),(776,2032,'صغري',45.00,2.00,90.00),(134,2033,'صغري',5.00,2.00,10.00),(810,2035,'صغري',10.00,2.00,20.00),(164,2035,'صغري',5.00,1.00,5.00),(166,2035,'صغري',5.00,1.00,5.00),(398,2036,'صغري',5.00,1.00,5.00),(802,2036,'صغري',18.50,2.00,37.00),(772,2036,'صغري',20.00,1.00,20.00),(516,2036,'صغري',60.00,1.00,60.00),(85,2036,'صغري',20.00,3.00,60.00),(864,2036,'صغري',3.00,1.00,3.00),(869,2037,'صغري',25.00,1.00,25.00),(868,2037,'صغري',25.00,1.00,25.00),(754,2037,'صغري',15.00,1.00,15.00),(593,2037,'صغري',15.00,1.00,15.00),(594,2037,'صغري',15.00,1.00,15.00),(413,2037,'صغري',5.00,1.00,5.00),(374,2038,'صغري',5.00,2.00,10.00),(345,2042,'صغري',10.00,1.00,10.00),(583,2043,'صغري',10.00,1.00,10.00),(870,2044,'صغري',27.50,2.00,55.00),(801,2045,'صغري',5.00,3.00,15.00),(361,2045,'صغري',6.00,1.00,6.00),(354,2047,'صغري',15.00,1.00,15.00),(354,2048,'صغري',3.00,1.00,3.00),(814,2049,'صغري',7.00,1.00,7.00),(865,2050,'صغري',12.00,1.00,12.00),(288,2051,'صغري',3.00,1.00,3.00),(333,2052,'صغري',5.00,4.00,20.00),(335,2052,'صغري',5.00,4.00,20.00),(707,2052,'صغري',13.00,4.00,52.00),(785,2052,'صغري',9.00,10.00,90.00),(288,2052,'صغري',3.00,1.00,3.00),(583,2053,'صغري',10.00,2.00,20.00),(754,2053,'صغري',15.00,2.00,30.00),(864,2054,'صغري',3.00,1.00,3.00),(587,2055,'صغري',15.00,3.00,45.00),(754,2057,'صغري',17.00,1.00,17.00),(586,2058,'صغري',5.00,1.00,5.00),(583,2056,'صغري',10.00,1.00,10.00),(586,2056,'صغري',5.00,2.00,10.00),(754,2056,'صغري',17.00,1.00,17.00),(666,2056,'صغري',3.00,1.00,3.00),(398,2059,'صغري',5.00,2.00,10.00),(298,2060,'صغري',22.00,1.00,22.00),(97,2061,'صغري',3.00,2.00,6.00),(102,2061,'صغري',5.00,1.00,5.00),(69,2061,'صغري',8.00,1.00,8.00),(68,2061,'صغري',8.00,1.00,8.00),(808,2061,'صغري',10.00,1.00,10.00),(249,2061,'صغري',6.00,2.00,12.00),(335,2061,'صغري',5.00,2.00,10.00),(810,2061,'صغري',10.00,1.00,10.00),(865,2061,'صغري',12.00,1.00,12.00),(100,2062,'صغري',3.00,1.00,3.00),(98,2063,'صغري',2.00,1.00,2.00),(100,2063,'صغري',3.00,1.00,3.00),(102,2064,'صغري',5.00,1.00,5.00),(204,2065,'صغري',15.00,1.00,15.00),(3,2065,'صغري',25.00,1.00,25.00),(385,2066,'صغري',5.00,1.00,5.00),(578,2067,'صغري',5.00,1.00,5.00),(374,2068,'صغري',5.00,1.00,5.00),(850,2068,'صغري',5.00,1.00,5.00),(360,2069,'صغري',6.00,1.00,6.00),(362,2069,'صغري',6.00,1.00,6.00),(413,2069,'صغري',5.00,1.00,5.00),(666,2070,'صغري',3.00,1.00,3.00),(557,2071,'صغري',5.00,1.00,5.00),(351,2071,'صغري',5.00,3.00,15.00),(607,2071,'صغري',3.00,3.00,9.00),(385,2071,'صغري',5.00,1.00,5.00),(548,2072,'صغري',5.00,1.00,5.00),(107,2072,'صغري',2.00,2.00,4.00),(586,2072,'صغري',5.00,1.00,5.00),(208,2072,'صغري',1.00,1.00,1.00),(586,2073,'صغري',5.00,1.00,5.00),(417,2074,'صغري',1.00,5.00,5.00),(583,2075,'صغري',10.00,1.00,10.00),(586,2076,'صغري',5.00,1.00,5.00),(385,2077,'صغري',5.00,1.00,5.00),(354,2078,'صغري',3.00,2.00,6.00),(800,2078,'صغري',2.50,2.00,5.00),(583,2079,'صغري',10.00,1.00,10.00),(581,2080,'صغري',10.00,1.00,10.00),(253,2080,'صغري',5.00,1.00,5.00),(565,2081,'صغري',5.00,4.00,20.00),(353,2082,'صغري',5.00,1.00,5.00),(355,2082,'صغري',4.00,3.00,12.00),(666,2082,'صغري',3.00,1.00,3.00),(385,2082,'صغري',5.00,1.00,5.00),(723,2083,'صغري',5.00,1.00,5.00),(111,2084,'صغري',2.00,1.00,2.00),(666,2086,'صغري',3.00,3.00,9.00),(208,2086,'صغري',1.00,1.00,1.00),(578,2085,'صغري',5.00,1.00,5.00),(583,2085,'صغري',15.00,1.00,15.00),(398,2087,'صغري',5.00,1.00,5.00),(583,2087,'صغري',10.00,2.00,20.00),(413,2088,'صغري',5.00,1.00,5.00),(181,2088,'صغري',5.00,1.00,5.00),(594,2088,'صغري',15.00,1.00,15.00),(666,2089,'صغري',3.00,6.00,18.00),(860,2089,'صغري',2.00,1.00,2.00),(98,2089,'صغري',2.00,2.00,4.00),(523,2089,'صغري',3.00,2.00,6.00),(581,2090,'صغري',5.00,1.00,5.00),(568,2092,'صغري',5.00,3.00,15.00),(586,2092,'صغري',5.00,1.00,5.00),(398,2093,'صغري',5.00,1.00,5.00),(413,2094,'صغري',5.00,2.00,10.00),(111,2095,'صغري',2.00,1.00,2.00),(355,2095,'صغري',4.00,1.00,4.00),(581,2096,'صغري',10.00,1.00,10.00),(666,2091,'صغري',3.00,3.00,9.00),(350,2091,'صغري',5.00,6.00,30.00),(800,2091,'صغري',2.50,6.00,15.00),(864,2091,'صغري',3.00,1.00,3.00),(596,2098,'صغري',5.00,1.00,5.00),(349,2099,'صغري',5.00,2.00,10.00),(754,2097,'صغري',17.00,1.00,17.00),(583,2101,'صغري',10.00,1.00,10.00),(581,2102,'صغري',12.00,1.00,12.00),(583,2102,'صغري',10.00,1.00,10.00),(385,2102,'صغري',5.00,1.00,5.00),(102,2102,'صغري',5.00,1.00,5.00),(328,2103,'صغري',5.00,1.00,5.00),(349,2104,'صغري',5.00,2.00,10.00),(413,2105,'صغري',5.00,1.00,5.00),(578,2106,'صغري',5.00,2.00,10.00),(775,2106,'صغري',15.00,1.00,15.00),(122,2106,'صغري',20.00,1.00,20.00),(398,2106,'صغري',5.00,1.00,5.00),(364,2107,'صغري',7.00,1.00,7.00),(861,2107,'صغري',2.00,2.00,4.00),(24,2107,'صغري',5.00,1.00,5.00),(52,2108,'صغري',90.00,1.00,90.00),(398,2109,'صغري',5.00,1.00,5.00),(583,2110,'صغري',10.00,1.00,10.00),(587,2110,'صغري',15.00,1.00,15.00),(70,2111,'صغري',8.00,1.00,8.00),(581,2111,'صغري',12.00,1.00,12.00),(864,2111,'صغري',3.00,1.00,3.00),(102,2112,'صغري',5.00,1.00,5.00),(258,2113,'صغري',60.00,1.00,60.00),(578,2113,'صغري',5.00,1.00,5.00),(814,2114,'صغري',7.00,1.00,7.00),(342,2114,'صغري',7.00,1.00,7.00),(813,2114,'صغري',7.00,1.00,7.00),(723,2116,'صغري',5.00,1.00,5.00),(254,2116,'صغري',10.00,1.00,10.00),(253,2117,'صغري',5.00,1.00,5.00),(251,2117,'صغري',15.00,1.00,15.00),(576,2117,'صغري',5.00,1.00,5.00),(583,2117,'صغري',10.00,1.00,10.00),(374,2118,'صغري',5.00,1.00,5.00),(212,2119,'صغري',3.00,2.00,6.00),(213,2119,'صغري',3.00,2.00,6.00),(581,2119,'صغري',12.00,2.00,24.00),(120,2119,'صغري',5.00,1.00,5.00),(119,2119,'صغري',5.00,1.00,5.00),(723,2120,'صغري',5.00,2.00,10.00),(801,2120,'صغري',5.00,1.00,5.00),(513,2120,'صغري',18.00,1.00,18.00),(210,2121,'صغري',20.00,1.00,20.00),(586,2122,'صغري',5.00,1.00,5.00),(385,2122,'صغري',5.00,2.00,10.00),(398,2122,'صغري',5.00,1.00,5.00),(865,2122,'صغري',12.00,1.00,12.00),(374,2123,'صغري',5.00,1.00,5.00),(22,2124,'صغري',0.50,2.00,1.00),(586,2125,'صغري',5.00,2.00,10.00),(583,2126,'صغري',15.00,1.00,15.00),(754,2127,'صغري',15.00,1.00,15.00),(586,2127,'صغري',5.00,1.00,5.00),(581,1932,'صغري',12.00,2.00,24.00),(666,1932,'صغري',3.00,1.00,3.00),(581,2128,'صغري',12.00,2.00,24.00),(201,2129,'صغري',5.00,1.00,5.00),(364,2130,'صغري',7.00,1.00,7.00),(754,2115,'صغري',17.00,1.00,17.00),(15,2133,'صغري',135.00,1.00,135.00),(791,2133,'صغري',15.00,1.00,15.00),(802,2133,'صغري',18.50,1.00,18.50),(364,2134,'صغري',7.00,1.00,7.00),(279,2134,'صغري',15.00,1.00,15.00),(675,2135,'صغري',55.00,1.00,55.00),(581,2132,'صغري',12.00,1.00,12.00),(583,2132,'صغري',10.00,1.00,10.00),(335,2132,'صغري',5.00,1.00,5.00),(864,2132,'صغري',3.00,3.00,9.00),(666,2132,'صغري',3.00,1.00,3.00),(417,2132,'صغري',1.00,1.00,1.00),(111,2136,'صغري',2.00,1.00,2.00),(24,2137,'صغري',5.00,2.00,10.00),(413,2138,'صغري',5.00,1.00,5.00),(365,2139,'صغري',5.00,1.00,5.00),(802,2140,'صغري',18.50,3.00,55.50),(581,2141,'صغري',12.00,2.00,24.00),(864,2141,'صغري',3.00,2.00,6.00),(607,2142,'صغري',3.00,3.00,9.00),(374,2143,'صغري',5.00,2.00,10.00),(754,2144,'صغري',15.00,1.00,15.00),(864,2144,'صغري',3.00,2.00,6.00),(523,2145,'صغري',3.00,3.00,9.00),(361,2145,'صغري',6.00,3.00,18.00),(360,2145,'صغري',6.00,3.00,18.00),(362,2145,'صغري',6.00,1.00,6.00),(666,2146,'صغري',3.00,1.00,3.00),(583,2146,'صغري',10.00,2.00,20.00),(142,2146,'صغري',2.00,1.00,2.00),(22,2147,'صغري',0.50,10.00,5.00),(276,2148,'صغري',30.00,2.00,60.00),(669,2148,'صغري',30.00,1.00,30.00),(680,2148,'صغري',95.00,1.00,95.00),(116,2148,'صغري',15.00,1.00,15.00),(367,2150,'صغري',5.00,1.00,5.00),(369,2150,'صغري',5.00,1.00,5.00),(374,2150,'صغري',5.00,1.00,5.00),(779,2151,'صغري',5.00,1.00,5.00),(581,2151,'صغري',12.00,1.00,12.00),(871,2153,'صغري',25.00,1.00,25.00),(754,2153,'صغري',17.00,1.00,17.00),(864,2153,'صغري',3.00,1.00,3.00),(345,2154,'صغري',10.00,1.00,10.00),(347,2154,'صغري',10.00,1.00,10.00),(116,2154,'صغري',15.00,1.00,15.00),(117,2154,'صغري',15.00,1.00,15.00),(398,2154,'صغري',5.00,1.00,5.00),(328,2155,'صغري',5.00,1.00,5.00),(44,2156,'صغري',45.00,1.00,45.00),(98,2159,'صغري',2.00,2.00,4.00),(22,2159,'صغري',0.50,2.00,1.00),(138,2160,'صغري',5.00,1.00,5.00),(754,2162,'صغري',15.00,1.00,15.00),(374,2163,'صغري',5.00,1.00,5.00),(775,2164,'صغري',15.00,2.00,30.00),(108,2152,'صغري',3.00,1.00,3.00),(347,2152,'صغري',10.00,1.00,10.00),(554,2152,'صغري',15.00,1.00,15.00),(154,2152,'صغري',3.00,4.00,12.00),(775,2165,'صغري',15.00,1.00,15.00),(516,2165,'صغري',60.00,1.00,60.00),(354,2149,'صغري',15.00,1.00,15.00),(586,2166,'صغري',5.00,1.00,5.00),(116,2157,'صغري',15.00,1.00,15.00),(117,2157,'صغري',15.00,2.00,30.00),(666,2157,'صغري',3.00,1.00,3.00),(583,2157,'صغري',10.00,1.00,10.00),(154,2157,'صغري',2.50,4.00,10.00),(413,2157,'صغري',5.00,2.00,10.00),(800,2167,'صغري',2.50,4.00,10.00),(103,2168,'صغري',2.00,3.00,6.00),(713,2168,'صغري',2.00,1.00,2.00),(107,2169,'صغري',2.00,1.00,2.00),(800,2170,'صغري',2.50,4.00,10.00),(859,2161,'صغري',5.00,1.00,5.00),(413,2171,'صغري',5.00,1.00,5.00),(355,2171,'صغري',4.00,5.00,20.00),(581,2172,'صغري',12.00,1.00,12.00),(328,2173,'صغري',5.00,3.00,15.00),(368,2174,'صغري',5.00,2.00,10.00),(583,2175,'صغري',10.00,1.00,10.00),(413,2176,'صغري',5.00,1.00,5.00),(583,2177,'صغري',10.00,3.00,30.00),(367,2177,'صغري',5.00,2.00,10.00),(333,2178,'صغري',5.00,2.00,10.00),(373,2178,'صغري',5.00,2.00,10.00),(516,2178,'صغري',60.00,1.00,60.00),(779,2178,'صغري',5.00,2.00,10.00),(754,2178,'صغري',17.00,1.00,17.00),(754,2100,'صغري',17.00,1.00,17.00),(864,2100,'صغري',3.00,1.00,3.00),(816,2179,'صغري',7.00,1.00,7.00),(174,2180,'صغري',10.00,1.00,10.00),(744,2180,'صغري',5.00,1.00,5.00),(581,2181,'صغري',12.00,1.00,12.00),(586,2181,'صغري',5.00,1.00,5.00),(319,2182,'صغري',20.00,1.00,20.00),(322,2182,'صغري',20.00,1.00,20.00),(864,2182,'صغري',2.00,5.00,10.00),(864,2183,'صغري',3.00,3.00,9.00),(413,2183,'صغري',5.00,2.00,10.00),(754,2183,'صغري',17.00,1.00,17.00),(107,2184,'صغري',2.00,1.00,2.00),(108,2184,'صغري',3.00,1.00,3.00),(98,2184,'صغري',2.00,1.00,2.00),(273,2185,'صغري',28.00,1.00,28.00),(525,2185,'صغري',2.00,1.00,2.00),(333,2186,'صغري',5.00,2.00,10.00),(717,2187,'صغري',5.00,1.00,5.00),(581,2188,'صغري',10.00,1.00,10.00),(802,2189,'صغري',20.00,1.00,20.00),(868,2190,'صغري',20.00,1.00,20.00),(583,2190,'صغري',10.00,1.00,10.00),(137,2191,'صغري',5.00,1.00,5.00),(861,2191,'صغري',2.00,2.00,4.00),(850,2191,'صغري',5.00,1.00,5.00),(22,2191,'صغري',0.50,2.00,1.00),(583,2192,'صغري',10.00,2.00,20.00),(864,2192,'صغري',2.50,2.00,5.00),(280,2193,'صغري',12.50,1.00,12.50),(727,2193,'صغري',12.50,1.00,12.50),(864,2194,'صغري',2.50,6.00,15.00),(107,2195,'صغري',2.00,2.00,4.00),(106,2195,'صغري',2.00,1.00,2.00),(282,2195,'صغري',13.00,1.00,13.00),(744,2195,'صغري',3.00,1.00,3.00),(743,2195,'صغري',3.00,1.00,3.00),(413,2196,'صغري',5.00,2.00,10.00),(867,2197,'صغري',10.00,1.00,10.00),(417,2198,'صغري',1.00,1.00,1.00),(354,2199,'صغري',3.00,3.00,9.00),(24,2199,'صغري',5.00,2.00,10.00),(413,2200,'صغري',5.00,1.00,5.00),(413,2201,'صغري',5.00,2.00,10.00),(583,2202,'صغري',10.00,1.00,10.00),(586,2202,'صغري',5.00,1.00,5.00),(413,2203,'صغري',5.00,2.00,10.00),(357,2204,'صغري',5.00,1.00,5.00),(368,2205,'صغري',5.00,1.00,5.00),(348,2206,'صغري',5.00,2.00,10.00),(351,2206,'صغري',5.00,1.00,5.00),(347,2207,'صغري',10.00,1.00,10.00),(581,2208,'صغري',12.00,3.00,36.00),(357,2210,'صغري',5.00,1.00,5.00),(163,2210,'صغري',5.00,1.00,5.00),(208,2211,'صغري',1.00,3.00,3.00),(417,2212,'صغري',1.00,1.00,1.00),(398,2213,'صغري',5.00,1.00,5.00),(723,2214,'صغري',5.00,2.00,10.00),(417,2215,'صغري',1.00,3.00,3.00),(581,2216,'صغري',12.00,1.00,12.00),(354,2217,'صغري',3.00,2.00,6.00),(666,2217,'صغري',3.00,1.00,3.00),(861,2217,'صغري',2.00,1.00,2.00),(182,2217,'صغري',5.00,1.00,5.00),(274,2218,'صغري',30.00,1.00,30.00),(583,2218,'صغري',10.00,1.00,10.00),(666,2220,'صغري',3.00,1.00,3.00),(595,2220,'صغري',5.00,1.00,5.00),(106,2221,'صغري',2.00,1.00,2.00),(342,2221,'صغري',7.00,1.00,7.00),(413,2222,'صغري',5.00,2.00,10.00),(373,2222,'صغري',5.00,1.00,5.00),(717,2223,'صغري',5.00,1.00,5.00),(374,2223,'صغري',5.00,1.00,5.00),(368,2224,'صغري',5.00,1.00,5.00),(355,2224,'صغري',4.00,1.00,4.00),(210,2225,'صغري',20.00,1.00,20.00),(581,2226,'صغري',12.00,1.00,12.00),(717,2227,'صغري',5.00,2.00,10.00),(714,2228,'صغري',2.00,1.00,2.00),(850,2229,'صغري',5.00,1.00,5.00),(573,2230,'صغري',6.00,1.00,6.00),(785,2230,'صغري',10.00,1.00,10.00),(120,2230,'صغري',5.00,1.00,5.00),(607,2231,'صغري',3.00,1.00,3.00),(413,2232,'صغري',5.00,1.00,5.00),(354,2232,'صغري',3.00,2.00,6.00),(583,2234,'صغري',10.00,1.00,10.00),(354,2233,'صغري',3.00,5.00,15.00),(586,2235,'صغري',5.00,2.00,10.00),(99,2236,'صغري',2.00,1.00,2.00),(98,2236,'صغري',2.00,1.00,2.00),(861,2236,'صغري',2.00,1.00,2.00),(102,2236,'صغري',5.00,1.00,5.00),(666,2237,'صغري',3.00,3.00,9.00),(850,2238,'صغري',5.00,3.00,15.00),(385,2239,'صغري',5.00,1.00,5.00),(717,2239,'صغري',5.00,1.00,5.00),(374,2240,'صغري',5.00,1.00,5.00),(723,2241,'صغري',5.00,2.00,10.00),(583,2242,'صغري',8.50,3.00,25.50),(374,2243,'صغري',5.00,1.00,5.00),(398,2244,'صغري',5.00,1.00,5.00),(581,2245,'صغري',10.00,1.00,10.00),(583,2245,'صغري',10.00,1.00,10.00),(68,2246,'صغري',8.00,2.00,16.00),(596,2247,'صغري',5.00,1.00,5.00),(374,2248,'صغري',5.00,1.00,5.00),(717,2248,'صغري',5.00,2.00,10.00),(364,2248,'صغري',7.00,1.00,7.00),(594,2249,'صغري',10.00,1.00,10.00),(591,2249,'صغري',10.00,1.00,10.00),(342,2250,'صغري',7.00,1.00,7.00),(814,2250,'صغري',7.00,1.00,7.00),(864,2251,'صغري',3.00,1.00,3.00),(22,2252,'صغري',0.50,10.00,5.00),(398,2254,'صغري',5.00,1.00,5.00),(385,2256,'صغري',5.00,1.00,5.00),(24,2256,'صغري',5.00,1.00,5.00),(750,2257,'صغري',10.00,2.00,20.00),(374,2258,'صغري',5.00,1.00,5.00),(398,2258,'صغري',5.00,2.00,10.00),(373,2258,'صغري',5.00,1.00,5.00),(398,2259,'صغري',5.00,1.00,5.00),(22,2259,'صغري',0.50,10.00,5.00),(102,2260,'صغري',5.00,1.00,5.00),(581,2261,'صغري',12.00,1.00,12.00),(398,2262,'صغري',5.00,1.00,5.00),(785,2263,'صغري',10.00,1.00,10.00),(717,2264,'صغري',5.00,4.00,20.00),(417,2264,'صغري',1.00,1.00,1.00),(297,2265,'صغري',25.00,2.00,50.00),(717,2265,'صغري',5.00,2.00,10.00),(581,2267,'صغري',12.00,1.00,12.00),(585,2268,'صغري',5.00,1.00,5.00),(587,2269,'صغري',15.00,2.00,30.00),(413,2270,'صغري',5.00,1.00,5.00),(108,2271,'صغري',3.00,1.00,3.00),(754,2272,'صغري',17.00,1.00,17.00),(385,2273,'صغري',5.00,2.00,10.00),(333,2275,'صغري',5.00,1.00,5.00),(775,2275,'صغري',15.00,1.00,15.00),(102,2276,'صغري',5.00,1.00,5.00),(866,2277,'صغري',15.00,1.00,15.00),(754,2279,'صغري',17.00,1.00,17.00),(586,2280,'صغري',5.00,1.00,5.00),(880,2281,'كبري',35.00,1.00,35.00),(174,2282,'صغري',10.00,3.00,30.00),(711,2283,'صغري',2.00,2.00,4.00),(68,2285,'صغري',8.00,1.00,8.00),(115,2287,'صغري',4.00,3.00,12.00),(523,2287,'صغري',3.00,3.00,9.00),(111,2287,'صغري',2.00,3.00,6.00),(1,2287,'صغري',48.00,5.00,240.00),(860,2287,'صغري',2.00,1.00,2.00),(182,2293,'صغري',5.00,1.00,5.00),(850,2293,'صغري',5.00,5.00,25.00),(623,1840,'صغري',60.00,1.00,60.00),(783,1701,'صغري',35.00,1.00,35.00),(669,2295,'صغري',30.00,1.00,30.00),(354,2296,'صغري',3.00,2.00,6.00),(850,2296,'صغري',5.00,2.00,10.00),(1006,2296,'صغري',50.00,2.00,100.00),(354,2297,'صغري',3.00,2.00,6.00),(1006,2297,'صغري',50.00,2.00,100.00),(850,2297,'صغري',5.00,2.00,10.00),(42,2300,'صغري',20.00,1.00,20.00),(96,2300,'صغري',10.00,1.00,10.00),(102,2300,'صغري',5.00,1.00,5.00),(1021,2302,'صغري',5.00,1.00,5.00),(1010,2298,'شريط',6.00,1.00,6.00),(3,2303,'صغري',25.00,1.00,25.00),(1023,2304,'سم',2.00,5.50,11.00),(111,2305,'صغري',2.00,1.00,2.00),(627,2305,'صغري',25.00,1.00,25.00),(523,2306,'صغري',3.00,1.00,3.00),(108,2306,'صغري',3.00,1.00,3.00),(548,2306,'صغري',5.00,1.00,5.00),(727,2306,'صغري',15.00,1.00,15.00),(754,1918,'صغري',17.00,1.00,17.00),(724,2307,'صغري',15.00,1.00,15.00),(366,2308,'صغري',5.00,2.00,10.00),(43,2310,'صغري',20.00,1.00,20.00),(274,2311,'صغري',30.00,1.00,30.00),(586,2312,'صغري',5.00,1.00,5.00),(598,2312,'صغري',15.00,1.00,15.00),(754,2313,'صغري',17.00,1.00,17.00),(586,2314,'صغري',5.00,1.00,5.00),(602,2314,'صغري',10.00,1.00,10.00),(580,2315,'صغري',10.00,1.00,10.00),(398,2316,'صغري',5.00,1.00,5.00),(25,2317,'صغري',8.00,1.00,8.00),(727,2318,'صغري',15.00,1.00,15.00),(95,2319,'صغري',10.00,1.00,10.00),(251,2322,'صغري',15.00,1.00,15.00),(671,2322,'صغري',30.00,1.00,30.00),(145,2322,'صغري',5.00,2.00,10.00),(417,2322,'صغري',1.00,1.00,1.00),(141,2322,'صغري',5.00,1.00,5.00),(576,2321,'صغري',5.00,1.00,5.00),(398,2321,'صغري',5.00,1.00,5.00),(80,2321,'صغري',12.00,1.00,12.00),(28,2321,'صغري',55.00,1.00,55.00),(129,2324,'صغري',5.00,5.00,25.00),(126,2324,'صغري',10.00,1.00,10.00),(124,2324,'صغري',6.00,4.00,24.00),(1025,2324,'صغري',48.00,1.00,48.00),(604,2326,'صغري',50.00,1.00,50.00),(674,2326,'صغري',55.00,1.00,55.00),(605,2326,'صغري',50.00,1.00,50.00),(618,2326,'صغري',40.00,1.00,40.00),(251,2040,'صغري',15.00,1.00,15.00),(93,2040,'صغري',5.00,1.00,5.00),(354,2046,'صغري',15.00,1.00,15.00),(729,2046,'صغري',20.00,1.00,20.00),(583,2046,'صغري',10.00,1.00,10.00),(413,2046,'صغري',5.00,2.00,10.00),(251,2046,'صغري',15.00,1.00,15.00),(307,2046,'صغري',20.00,1.00,20.00),(273,2320,'صغري',30.00,1.00,30.00),(752,2320,'صغري',25.00,1.00,25.00),(6,2320,'صغري',320.00,1.00,320.00),(258,2320,'صغري',60.00,5.00,300.00),(615,2327,'صغري',40.00,1.00,40.00),(545,2329,'صغري',40.00,1.00,40.00),(398,2331,'صغري',5.00,1.00,5.00),(374,2331,'صغري',5.00,1.00,5.00),(520,2331,'كبري',120.00,1.00,120.00),(860,2331,'صغري',2.00,1.00,2.00),(1040,2334,'صغري',20.00,1.00,20.00),(398,2334,'صغري',5.00,1.00,5.00),(1036,2334,'صغري',10.00,1.00,10.00);
/*!40000 ALTER TABLE `bill_info` ENABLE KEYS */;
UNLOCK TABLES;

--
-- Table structure for table `bill_payment`
--

DROP TABLE IF EXISTS `bill_payment`;
/*!40101 SET @saved_cs_client     = @@character_set_client */;
/*!50503 SET character_set_client = utf8mb4 */;
CREATE TABLE `bill_payment` (
  `id` int NOT NULL AUTO_INCREMENT,
  `_date` datetime NOT NULL,
  `price` decimal(10,2) NOT NULL,
  `details` text,
  `bill` int NOT NULL,
  PRIMARY KEY (`id`),
  KEY `bill` (`bill`),
  CONSTRAINT `bill_payment_ibfk_1` FOREIGN KEY (`bill`) REFERENCES `bill` (`id`) ON DELETE CASCADE ON UPDATE CASCADE
) ENGINE=InnoDB AUTO_INCREMENT=49 DEFAULT CHARSET=utf8mb4 COLLATE=utf8mb4_0900_ai_ci;
/*!40101 SET character_set_client = @saved_cs_client */;

--
-- Dumping data for table `bill_payment`
--

LOCK TABLES `bill_payment` WRITE;
/*!40000 ALTER TABLE `bill_payment` DISABLE KEYS */;
INSERT INTO `bill_payment` VALUES (13,'2021-01-28 06:45:24',35.00,'',1701),(14,'2021-01-28 06:45:24',60.00,'',1840),(15,'2021-01-28 06:45:24',30.00,'',2293),(17,'2021-01-28 07:18:40',30.00,'',2295),(18,'2021-01-30 01:56:55',20.00,'',2301),(19,'2021-01-30 01:59:24',12.00,'',2301),(20,'2021-01-30 11:32:14',20.00,'',2303),(21,'2021-01-30 11:32:14',5.00,'',2303),(22,'2021-01-30 11:38:08',1.00,'',2304),(23,'2021-02-04 01:14:40',15.00,'',2307),(24,'2021-02-04 02:22:31',200.00,'',2309),(25,'2021-02-05 12:00:04',20.00,'',2310),(26,'2021-02-05 12:00:04',30.00,'',2311),(27,'2021-02-05 12:00:04',17.00,'',2313),(28,'2021-02-05 12:05:09',15.00,'',2314),(29,'2021-02-05 08:56:14',10.00,'',2315),(30,'2021-02-05 08:56:14',5.00,'',2316),(31,'2021-02-05 08:56:14',8.00,'',2317),(32,'2021-02-05 09:01:58',15.00,'',2318),(33,'2021-02-05 09:01:58',10.00,'',2319),(34,'2021-02-13 09:11:56',30.00,'',2321),(35,'2021-02-13 09:12:48',2000.00,'',2323),(36,'2021-02-13 09:34:37',50.00,'',2324),(37,'2021-02-15 03:02:04',3232.00,'',2325),(38,'2021-04-11 09:23:29',200.00,'',2309),(39,'2021-04-18 08:20:39',200.00,'',2309),(40,'2021-04-18 08:22:19',5860.00,'',2323),(41,'2021-04-18 08:31:32',200.00,'',2309),(42,'2021-04-18 08:32:25',200.00,'',2309),(43,'2021-04-18 08:33:13',200.00,'',2309),(44,'2021-05-14 10:34:11',57.00,'',2324),(45,'2021-05-23 10:13:52',30.00,'',2327),(46,'2021-05-23 10:43:48',100.00,'',2328),(47,'2021-06-29 04:50:51',2.00,'',2331),(48,'0000-00-00 00:00:00',135.00,'',2333);
/*!40000 ALTER TABLE `bill_payment` ENABLE KEYS */;
UNLOCK TABLES;

--
-- Table structure for table `emp_outgoings`
--

DROP TABLE IF EXISTS `emp_outgoings`;
/*!40101 SET @saved_cs_client     = @@character_set_client */;
/*!50503 SET character_set_client = utf8mb4 */;
CREATE TABLE `emp_outgoings` (
  `id` int NOT NULL AUTO_INCREMENT,
  `employee` int NOT NULL,
  `type` varchar(20) NOT NULL,
  `_date` date NOT NULL,
  `price` decimal(10,0) NOT NULL,
  `alarm` date DEFAULT NULL,
  `details` text NOT NULL,
  PRIMARY KEY (`id`),
  KEY `employee` (`employee`)
) ENGINE=InnoDB AUTO_INCREMENT=31 DEFAULT CHARSET=utf8mb4 COLLATE=utf8mb4_0900_ai_ci;
/*!40101 SET character_set_client = @saved_cs_client */;

--
-- Dumping data for table `emp_outgoings`
--

LOCK TABLES `emp_outgoings` WRITE;
/*!40000 ALTER TABLE `emp_outgoings` DISABLE KEYS */;
INSERT INTO `emp_outgoings` VALUES (1,36161,'اضافة سلفة','2021-01-05',65,'2020-11-11',''),(2,89875,'اضافة سلفة','2021-01-06',50,'2020-11-11',''),(3,36161,'اضافة سلفة','2021-01-06',10,'2020-11-11',''),(4,24198,'اضافة سلفة','2021-01-07',10,'2020-11-11',''),(5,89875,'اضافة سلفة','2021-01-07',5,'2020-11-11',''),(6,36161,'اضافة سلفة','2021-01-07',5,'2020-11-11',''),(7,36161,'اضافة سلفة','2021-01-07',5,'2020-11-11',''),(8,89875,'اضافة سلفة','2021-01-07',10,'2020-11-11',''),(9,36161,'اضافة سلفة','2021-01-07',15,'2020-11-11',''),(10,89875,'اضافة سلفة','2021-01-08',20,'2020-11-11',''),(11,36161,'اضافة سلفة','2021-01-08',5,'2020-11-11',''),(12,36161,'اضافة سلفة','2021-01-09',20,'2020-11-11',''),(13,78925,'اضافة سلفة','2021-01-09',45,'2020-11-11',''),(14,78925,'تسديد سلفة','2021-01-09',45,'2020-11-11',''),(15,36161,'تسديد سلفة','2021-01-09',125,'2020-11-11',''),(16,24198,'تسديد سلفة','2021-01-09',10,'2020-11-11',''),(17,89875,'اضافة سلفة','2021-01-09',115,'2020-11-11',''),(18,89875,'تسديد سلفة','2021-01-09',115,'2020-11-11',''),(19,89875,'تسديد سلفة','2021-01-09',85,'2020-11-11',''),(20,24198,'خصم','2021-01-11',20,'2020-11-11',''),(21,36161,'خصم','2021-01-11',50,'2020-11-11',''),(22,24198,'خصم','2021-01-16',20,'2020-11-11','عشان اتمنيك'),(23,24198,'تسديد سلفة','2021-01-16',20,'2020-11-11','test'),(24,36161,'خصم','2021-01-16',100,'2020-11-11',''),(25,36161,'تسديد سلفة','2021-01-16',300,'0000-00-00','تم خصم سلفة 100من المرتب'),(26,54957,'اضافة سلفة','2021-02-01',50,'2020-11-11',''),(27,54957,'تسديد سلفة','2021-02-01',50,'2020-11-11',''),(28,54957,'اضافة سلفة','2021-02-01',50,'2020-11-11',''),(29,54957,'تسديد سلفة','2021-02-01',76,'0000-00-00','تم خصم سلفة 76من المرتب'),(30,54957,'اضافة سلفة','2021-02-04',20,'2020-11-11','');
/*!40000 ALTER TABLE `emp_outgoings` ENABLE KEYS */;
UNLOCK TABLES;

--
-- Table structure for table `item`
--

DROP TABLE IF EXISTS `item`;
/*!40101 SET @saved_cs_client     = @@character_set_client */;
/*!50503 SET character_set_client = utf8mb4 */;
CREATE TABLE `item` (
  `code` varchar(50) NOT NULL,
  `name` varchar(100) NOT NULL,
  `menu` int NOT NULL,
  `small_unit` varchar(100) NOT NULL,
  `big_unit` varchar(100) NOT NULL,
  `small_num_in_big` int DEFAULT NULL,
  `small_unit_buy_price` varchar(50) NOT NULL,
  `small_unit_sell_price` varchar(50) NOT NULL,
  `big_unit_buy_price` varchar(50) NOT NULL,
  `big_unit_sell_price` varchar(50) NOT NULL,
  `limit_need` int NOT NULL,
  `limit_alarm` varchar(10) NOT NULL,
  `is_expiring` varchar(10) NOT NULL DEFAULT 'لا',
  `exp_duration_alarm` int DEFAULT NULL,
  PRIMARY KEY (`code`),
  KEY `menu` (`menu`),
  CONSTRAINT `item_ibfk_1` FOREIGN KEY (`menu`) REFERENCES `menu` (`id`)
) ENGINE=InnoDB DEFAULT CHARSET=utf8mb4 COLLATE=utf8mb4_0900_ai_ci;
/*!40101 SET character_set_client = @saved_cs_client */;

--
-- Dumping data for table `item`
--

LOCK TABLES `item` WRITE;
/*!40000 ALTER TABLE `item` DISABLE KEYS */;
INSERT INTO `item` VALUES ('009800800056','نوتيلا جو',16,'صغري','كبري',10,'15','20','0','0',1,'yes','yes',10),('012000801655','بيبسي كويتي',76,'صغري','كبري',10,'8','10','110','150',5,'yes','yes',10),('028400055093','لايز اوريجنال',20,'صغري','كبري',10,'40','45','0','0',1,'yes','yes',10),('028400055109','لايز بربيكيو',20,'صغري','كبري',10,'40','45','0','0',1,'yes','yes',10),('028400055116','لايز شيدر',20,'صغري','كبري',10,'40','45','0','0',1,'yes','yes',10),('028400055154','لايز فلفل',20,'صغري','كبري',10,'40','45','0','0',1,'yes','yes',10),('04051806','ام اند ام ميني امبوبة',37,'صغري','كبري',20,'17.5','22','350','400',2,'yes','yes',10),('046214220209','ماربا تفاح',21,'صغري','كبري',10,'30','35','0','0',1,'yes','yes',10),('046214230208','ماربا بروني',21,'صغري','كبري',10,'30','35','0','0',1,'yes','yes',10),('074603003287','اندومي سام يانج فراخ',93,'صغري','كبري',10,'45','50','450','500',2,'yes','yes',10),('074603005922','اندومي رامن بلاك صوص',93,'صغري','كبري',10,'48','55','480','500',1,'yes','yes',10),('074603006684','اندومي رامن سي فود',93,'صغري','كبري',10,'48','55','480','500',1,'yes','yes',10),('10197919801','فرنسي بندق قطع اسطنبول',3,'صغري','كبري',10,'43','55','430','550',2,'yes','yes',10),('110197919802','بن فاتح ساده اسطنبول',3,'صغري','كبري',10,'33','40','330','350',2,'yes','yes',10),('1101979198039','بن محوج فاتح اسطنبول',3,'صغري','كبري',10,'40','45','400','450',2,'yes','yes',10),('1101979198046','فرنسي بندق اسطنبول',3,'صغري','كبري',10,'43','50','430','500',2,'yes','yes',10),('1101979198060','فرنسي كلاسيك اسطنبول',3,'صغري','كبري',10,'43','50','430','480',2,'yes','yes',10),('1101979198107','فرنسي كراميل اسطنبول',3,'صغري','كبري',10,'43','50','430','500',2,'yes','yes',10),('1129623847','صوص شيكولاتة وكراميل وفراولة',103,'صغري','كبري',12,'40','45','480','540',5,'yes','yes',10),('123456','ايموشن فكة',24,'صغري','كبري',145,'1.6','3','240','300',10,'yes','yes',10),('123456789','بن ساده وسط اسطنبول',3,'صغري','كبري',10,'33','40','330','400',2,'yes','yes',10),('1328764417','كابتشينو كرميل',95,'صغري','كبري',100,'12','20','100','150',20,'yes','yes',10),('1633652222','باتيه بسطرمة',107,'صغري','كبري',10,'9','15','90','150',2,'yes','yes',10),('1823441312','فنجان ينسون',95,'صغري','كبري',100,'3','5','20','30',20,'yes','yes',10),('1898831148','سوبر مان وبات مان وسبايدر مان',39,'صغري','كبري',12,'9.17','20','110','240',2,'yes','yes',10),('1922642726','فنجان شاي اخضر',95,'صغري','كبري',100,'3','5','180','220',20,'yes','yes',10),('1985333311','فنجان قهوة بندق قطع',95,'صغري','كبري',100,'8','15','100','150',20,'yes','yes',10),('2377322722','كتكات شانكي صغير',13,'صغري','كبري',15,'1.5','5','25','75',1,'yes','yes',10),('2643327644','ميلكا جيسي ثفقة مصري',46,'صغري','كبري',20,'14.5','18.5','290','400',5,'yes','yes',10),('2663224568824','مصاصة قلوب جيلي بوب',35,'صغري','كبري',24,'2.5','5','60','120',2,'yes','yes',10),('2665998861224','بيض اصلي كتكات وريتر سبورت',101,'صغري','كبري',9,'23.34','30','210','270',2,'yes','yes',10),('2696363242','فنجان نعناع',95,'صغري','كبري',100,'3','5','20','30',20,'yes','yes',10),('2711765174','فنجان شاي بالبن',95,'صغري','كبري',100,'5','10','100','150',20,'yes','yes',10),('2928934748','سحلب جيسي',95,'صغري','كبري',100,'10','20','100','200',20,'yes','yes',10),('3046920010047','لينتد 78%',54,'صغري','كبري',10,'50','65','0','0',1,'yes','yes',10),('3046920010603','لينتد كريز',54,'صغري','كبري',10,'50','65','0','0',1,'yes','yes',10),('3046920028004','لينتد 70%',54,'صغري','كبري',10,'50','65','0','0',1,'yes','yes',10),('3046920028363','لينتد 85%',54,'صغري','كبري',10,'50','65','0','0',1,'yes','yes',10),('3046920029759','لينتد بار 100جم',54,'صغري','كبري',10,'45','60','450','600',1,'yes','yes',10),('3080216031248','هولستن رومان',67,'صغري','كبري',10,'15','20','0','0',1,'yes','yes',10),('3080216035079','موسي ليمون نعناع',70,'صغري','كبري',6,'13.34','20','80','115',1,'yes','yes',10),('3080216042022','موسي توت مثلج',70,'صغري','كبري',6,'14.18','20','85','115',1,'yes','yes',10),('3113141463','ك ميكاتو',95,'صغري','كبري',100,'8','15','100','150',20,'yes','yes',10),('3235355584','كافي لاتية',95,'صغري','كبري',100,'12','20','180','220',20,'yes','yes',10),('3236394654','سينابون',107,'صغري','كبري',10,'20','30','200','300',2,'yes','yes',10),('3349467899','اسبريسو اوريجو سنجل',95,'صغري','كبري',100,'7','12','180','300',20,'yes','yes',10),('4000415004408','شوجتن دارك بندق',47,'صغري','كبري',10,'20','25','0','0',1,'yes','yes',10),('4000415040109','شوجتن كراميل',47,'صغري','كبري',10,'20','25','0','0',1,'yes','yes',10),('4000415043209','شوجتن بندق صغير',47,'صغري','كبري',10,'9','10','0','0',1,'yes','yes',10),('4000415708009','شوجتن بسكوت',47,'صغري','كبري',10,'20','25','0','0',1,'yes','yes',10),('4000417224002','ررررررر',50,'صغري','كبري',12,'25.5','35','306','350',1,'yes','yes',10),('4000539770708','سانتا لينتد',54,'صغري','كبري',10,'82.5','95','820','950',1,'yes','yes',10),('4000539793806','سانتا تدي',54,'صغري','كبري',10,'75','95','820','950',1,'yes','yes',10),('4000607852008','شوجتن دارك',47,'صغري','كبري',10,'20','25','0','0',1,'yes','yes',10),('40084077','كيندر ماكسي',52,'صغري','كبري',36,'4.5','6','160','215',1,'yes','yes',10),('4009900460187','اسكيتلز توت بري',14,'صغري','كبري',10,'8','12','0','0',1,'yes','yes',10),('4011100023710','مارس كيس ميني 150جم',14,'صغري','كبري',10,'40','45','400','450',1,'yes','yes',10),('4011100023925','بوينتي كيس ميني 150جم',14,'صغري','كبري',10,'40','45','400','450',1,'yes','yes',10),('4011100037915','سنيكرز كيس ميني 150جم',14,'صغري','كبري',10,'40','45','400','450',1,'yes','yes',10),('4011100156364','اسكيتلز فواكة',14,'صغري','كبري',10,'8','12','0','0',1,'yes','yes',10),('40111216','بونتي كبير',14,'صغري','كبري',10,'8','10','80','100',1,'yes','yes',10),('40111445','ام اند ام سوداني',14,'صغري','كبري',24,'10','13','240','312',1,'yes','yes',10),('40111490','ام اند ام شيكولاتة',14,'صغري','كبري',24,'10','13','240','310',1,'yes','yes',10),('4014400400007','ستورك توفيفي 125جم',40,'صغري','كبري',15,'37','45','500','675',2,'yes','yes',10),('4014400900880','ويزرس اكياس 150جم',40,'صغري','كبري',12,'30','40','300','480',5,'yes','yes',10),('4014400902495','ريسن كيس شوكلت',26,'صغري','كبري',10,'15','30','150','300',1,'yes','yes',10),('4014400915945','ويزرس قهوة بون بوني',40,'صغري','كبري',24,'8.5','10','185','240',5,'yes','yes',10),('40144016','ويزرس كراميل بون بوني',40,'صغري','كبري',24,'8.5','10','185','240',5,'yes','yes',10),('4017100350535','هيت',1,'صغري','كبري',10,'14','25','0','0',1,'yes','yes',10),('42104896','شويبس يوسفي',82,'صغري','كبري',24,'4.5','5','105','120',10,'yes','yes',10),('4260237350200','اوريجو',2,'صغري','كبري',10,'270','300','2700','2900',2,'yes','yes',10),('4352351427','ميلكا جيسي ثفقة مستورد',46,'صغري','كبري',20,'10','20','290','400',5,'yes','yes',10),('4448621353','فنجان قهوه تركي',95,'صغري','كبري',100,'5','10','180','220',20,'yes','yes',10),('4607065737849','بونتي صغير',14,'صغري','كبري',10,'4.5','5','0','0',1,'yes','yes',10),('4607065738594','سنيكرز كبير كريسبي',14,'صغري','كبري',10,'8.5','12','0','0',1,'yes','yes',10),('4671837198','كتكات ميكس',13,'صغري','كبري',15,'2.85','5','65','115',1,'yes','yes',10),('4677182336','ميلكا بولز',46,'صغري','كبري',10,'72','85','720','850',1,'yes','yes',10),('4747966459','ميلكا سانتا صغير',46,'صغري','كبري',10,'45','55','450','550',2,'yes','yes',10),('4757689136','بن اوسلو',105,'صغري','كبري',4,'29','35','115','140',1,'yes','yes',10),('4763491739','تارت سنيكرز ميني',107,'صغري','كبري',10,'16','25','160','250',2,'yes','yes',10),('4823077624223','كيس بوني فروت',15,'صغري','كبري',10,'45','50','0','0',1,'yes','yes',10),('4958234917','منتج بالسم',95,'سم','عبوة',20,'1','2','20','40',2,'yes','yes',10),('5000159020312','مالتيزر',14,'صغري','كبري',25,'10','13','250','325',1,'yes','yes',10),('5000159309332','تويكس كيس ميني 150جم',14,'صغري','كبري',10,'40','45','400','450',1,'yes','yes',10),('5000159376792','اسكتلز حامض',14,'صغري','كبري',10,'8','12','80','120',3,'yes','yes',10),('5000159407236','مارس 51جم',14,'صغري','كبري',24,'8.9','10','212','240',5,'yes','yes',10),('5000159459228','تويكس كبير',14,'صغري','كبري',25,'8','10','200','250',1,'yes','yes',10),('5000159459273','تويكس صغير',14,'صغري','كبري',20,'4.166','5','84','100',1,'yes','yes',10),('5000159461122','سنيكرز 50جم',14,'صغري','كبري',24,'8.9','10','212','240',1,'yes','yes',10),('5000159469326','مالتيزر سانتا',14,'صغري','كبري',10,'20','22','200','220',1,'yes','yes',10),('5000159504706','مالتيزر بار',14,'صغري','كبري',24,'21','25','500','600',1,'yes','yes',10),('5000159516198','مارس بروتين 47',14,'صغري','كبري',10,'38','45','380','450',5,'yes','yes',10),('5000159516211','سنيكرز بروتين 47',14,'صغري','كبري',10,'38','45','380','450',5,'yes','yes',10),('5000159533577','شيكولاتة ام اند ام بندق',99,'صغري','كبري',10,'55','65','550','650',1,'yes','yes',10),('5000159533638','شيكولاتة ام اند ام سوداني',99,'صغري','كبري',10,'55','65','550','650',1,'yes','yes',10),('50112401','شويبس نعناع',82,'صغري','كبري',12,'4.5','5','55','60',5,'yes','yes',10),('5012501081094','بسكوت ايون بالفرولة',55,'صغري','كبري',10,'8','12','0','0',1,'yes','yes',10),('5012501081148','بسكوت دارك ايون',55,'صغري','كبري',10,'8','12','0','0',1,'yes','yes',10),('5032085002001','هايب',62,'صغري','كبري',10,'15','20','0','0',5,'yes','yes',10),('5050083943645','برينجلز كبير اورجينال',56,'صغري','كبري',10,'23','30','0','0',1,'yes','yes',10),('5050083943652','برينجلز كبير اخضر',56,'صغري','كبري',10,'23','30','0','0',1,'yes','yes',10),('5050083943683','برينجلز كبير موف باربيكيو بصل',56,'صغري','كبري',10,'23','30','0','0',1,'yes','yes',10),('5053990107278','برينجلز صغير بربيكيا بصل',56,'صغري','كبري',10,'11','15','0','0',1,'yes','yes',10),('5053990107292','برينجلز صغير هوت اسبايسي',56,'صغري','كبري',10,'11','15','0','0',1,'yes','yes',10),('5053990107308','برينجلز صغير بربيكيا',56,'صغري','كبري',10,'11','15','0','0',1,'yes','yes',10),('5053990107315','برينجلز صغير كاتشب',56,'صغري','كبري',12,'10','15','120','180',1,'yes','yes',10),('5053990107322','برينجلز صغير جبنة',56,'صغري','كبري',12,'10','15','120','180',1,'yes','yes',10),('5053990107339','برينجلز صغير اوريجينال',56,'صغري','كبري',10,'11','15','0','0',1,'yes','yes',10),('5053990107353','برينجلز صغير ملح',56,'صغري','كبري',10,'11','15','0','0',1,'yes','yes',10),('5053990107384','برينجلز صغير اخضر ملح',56,'صغري','كبري',10,'11','15','0','0',1,'yes','yes',10),('5053990113118','برينجلز كبير بربيكبا',56,'صغري','كبري',10,'23','30','0','0',1,'yes','yes',10),('5053990137565','برينجلز كبير هوت اسبايسي',56,'صغري','كبري',10,'23','30','0','0',1,'yes','yes',10),('5060122039321','مالتيزر سبريد برطمان 200جم',99,'صغري','كبري',10,'67','75','670','750',1,'yes','yes',10),('5060402904738','ام اند ام كوكيز',21,'صغري','كبري',10,'50','70','500','700',1,'yes','yes',10),('5060402904752','بونتي كوكيز',21,'صغري','كبري',10,'50','70','500','700',1,'yes','yes',10),('5060402905346','ام اند ام كرسبي برطمان 200جم',99,'صغري','كبري',10,'67','75','670','750',1,'yes','yes',10),('5060402907906','مارس سبريد برطمان 200جم',99,'صغري','كبري',10,'67','75','670','750',1,'yes','yes',10),('5146423311','روشين كيك',104,'صغري','كبري',10,'21','30','210','300',5,'yes','yes',10),('5187743587','ميلكا سانتا كبير',46,'صغري','كبري',10,'75','85','750','850',2,'yes','yes',10),('5201127010865','ايون بريك شيكولاتة حليب',51,'صغري','كبري',10,'17.5','25','175','250',1,'yes','yes',10),('5201127013866','ايون بريك شيكولاتة بندق',51,'صغري','كبري',10,'17.5','25','175','250',1,'yes','yes',10),('5201127022868','ايون بريك شيكولاتة لوز',51,'صغري','كبري',10,'17.5','25','175','250',1,'yes','yes',10),('5201127029867','ايون بريك شيكولاتة لوز وزبيب',51,'صغري','كبري',10,'17.5','25','175','250',1,'yes','yes',10),('5201127030221','ايون دارك سادة',48,'صغري','كبري',10,'25','30','0','0',1,'yes','yes',10),('5201127030245','ايون دارك 70%',48,'صغري','كبري',10,'25','30','0','0',1,'yes','yes',10),('5201127030818','ايون بريك شيكولاتة دارك',51,'صغري','كبري',10,'17.5','30','175','250',1,'yes','yes',10),('5201127039231','ايون دارك كراميل لوز',48,'صغري','كبري',10,'25','30','0','0',1,'yes','yes',10),('5201127049865','ايون بريك شيكولاتة بيضاء لوز وزبيب',51,'صغري','كبري',10,'17.5','25','175','250',1,'yes','yes',10),('5201127081025','بسكوت ايون شيكولاتة بيضاء',55,'صغري','كبري',10,'8','12','0','0',1,'yes','yes',10),('5201127081803','بسكوت بندق ايون',55,'صغري','كبري',10,'8','12','0','0',1,'yes','yes',10),('5245952262','فنجان شاي احمر',95,'صغري','كبري',100,'3','5','100','150',20,'yes','yes',10),('5272222186','نوتيلا بي ريدي',16,'صغري','كبري',6,'10','15','60','90',2,'yes','yes',10),('5281027000357','مياه اكوا دلتا صغير',94,'صغري','كبري',20,'1.35','3','27','35',5,'yes','yes',10),('5410126003703','شيكولاتة لوتس بسكوت ناعم',97,'صغري','كبري',10,'120','135','1200','1400',1,'yes','yes',10),('5410126003802','شيكولاتة لوتس بسكوت مجروش',97,'صغري','كبري',10,'120','135','1200','1400',1,'yes','yes',10),('5410126006049','لوتس بيسكوف 125 جم',1,'صغري','كبري',20,'20','25','420','500',5,'yes','yes',30),('5410126006216','شيكولاتة لوتس رولز',97,'صغري','كبري',10,'85','95','850','950',1,'yes','yes',10),('5410126006322','بسكوت لوتس شيكولاتة',97,'صغري','كبري',10,'75','90','750','900',1,'yes','yes',10),('5410126006353','يسكوت لوتس شيكولاتة 150جم',97,'صغري','كبري',9,'75','85','750','850',2,'yes','yes',5),('5410126006377','يسكوت لوتس فانيليا150 جم',97,'صغري','كبري',9,'75','85','750','850',2,'yes','yes',5),('5410126026924','زبدة لوتس 200جم',17,'صغري','كبري',10,'70','80','700','780',1,'yes','yes',10),('5410126056198','بسكوت لوتس 50 قطعه',97,'صغري','كبري',10,'70','75','700','750',1,'yes','yes',10),('5410126116953','زبدة لوتس 400جم',17,'صغري','كبري',10,'85','95','850','920',1,'yes','yes',10),('5410126256017','لوتس سبيكلوس 250 جم',1,'صغري','كبري',10,'42','48','420','480',5,'yes','yes',30),('5410126716016','لوتس بيسكوف 250 جم',1,'صغري','كبري',10,'48','50','480','500',5,'yes','yes',30),('5423388569','ريتر سبورت عادي',50,'صغري','كبري',12,'22.5','30','265','350',2,'yes','yes',10),('5449000289193','شويبس رومان',82,'صغري','كبري',24,'4.3','5','105','120',10,'yes','yes',10),('5449000289209','شويبس خوخ',82,'صغري','كبري',24,'4.3','5','105','120',10,'yes','yes',10),('5449000289216','شويبس اناناس',82,'صغري','كبري',24,'4.3','5','105','120',1,'yes','yes',10),('5730800925009','فرابتشينو ستار بكس',96,'صغري','كبري',8,'25','35','200','280',2,'yes','yes',5),('5818885641','اسبريسو مايك سنجل',95,'صغري','كبري',100,'5','10','180','220',20,'yes','yes',10),('5900353244104','شيكولاتة اسبريسو',2,'صغري','كبري',70,'1.6','3','115','210',5,'yes','yes',10),('5900951288296','شيكولاتة ام اند ام شيكولاتة جديد',99,'صغري','كبري',10,'55','65','550','650',1,'yes','yes',10),('6155987831','كابتشينو بندق',95,'صغري','كبري',100,'12','20','100','150',20,'yes','yes',10),('6217000178897','ريستا بيض',35,'صغري','كبري',10,'4.5','5','0','0',1,'yes','yes',10),('6220089708367','بيج كلون',35,'صغري','كبري',10,'4.5','5','0','0',1,'yes','yes',10),('6221007001201','كرنفال',90,'صغري','كبري',6,'17','22','102.5','120',2,'yes','yes',10),('6221007031703','شوفان فيتنس 30جم',1,'صغري','كبري',10,'2.5','3','0','0',1,'yes','yes',10),('6221029910130','معمول',1,'صغري','كبري',16,'2.19','3','35','45',1,'yes','yes',10),('6221031490170','شيبسي',85,'صغري','كبري',10,'4.5','5','45','50',5,'yes','yes',10),('6221031491122','بلايز',85,'صغري','كبري',12,'4.17','5','50','60',5,'yes','yes',10),('6221031491825','كرانشي',85,'صغري','كبري',10,'4.5','5','45','50',5,'yes','yes',10),('6221031491887','دوريتوس',85,'صغري','كبري',10,'4.5','5','45','50',5,'yes','yes',10),('6221134000092','فلوتس صابع واحد',14,'صغري','كبري',10,'1.5','2','0','0',1,'yes','yes',10),('6221134004151','جلاكسي بندق صغير',14,'صغري','كبري',10,'4.5','5','50','60',1,'yes','yes',10),('6221134004922','جلاكسي سادة 36جم',14,'صغري','كبري',12,'8.9','10','107','120',1,'yes','yes',10),('6221134005394','جلاكسي سموز ميلك 56جم',14,'صغري','كبري',12,'10','17','120','200',5,'yes','yes',10),('6221134006834','ستار بيرست',41,'صغري','كبري',10,'4.5','5','0','0',1,'yes','yes',10),('6221134009316','جلاكسي بندق 36جم',14,'صغري','كبري',12,'8.9','10','107','120',1,'yes','yes',10),('6221134009361','فلوتس 2 صابع',14,'صغري','كبري',10,'3.5','5','0','0',1,'yes','yes',10),('6221134009392','فلوتس 4 صابع',14,'صغري','كبري',10,'8','10','0','0',1,'yes','yes',10),('6221134009545','جلاكسي سادة صغير',14,'صغري','كبري',12,'4.16','5','50','60',5,'yes','yes',10),('6222009500228','لمبادا',33,'صغري','كبري',10,'1.5','2','0','0',5,'yes','yes',10),('6222014310881','جهينة ميكس شيكولاتة',75,'صغري','كبري',27,'4.038','5','109','135',1,'yes','yes',10),('6222014330643','بيور تفاح',75,'صغري','كبري',27,'6.04','7','163','185',1,'yes','yes',10),('6222014330650','بيور مانجو خوخ',75,'صغري','كبري',27,'6.04','7','163','185',1,'yes','yes',10),('6222014330667','بيور برتقال',75,'صغري','كبري',27,'6.04','7','163','185',1,'yes','yes',10),('6222014332807','بيور اناناس',75,'صغري','كبري',27,'6.04','7','163','185',1,'yes','yes',10),('6223000082201','فيروز اناناس',81,'صغري','كبري',10,'5.34','7','128','130',1,'yes','yes',10),('6223000083758','بيريل',80,'صغري','كبري',10,'6.25','8','0','0',1,'yes','yes',10),('6223000411001','ويندوز جبنة',85,'صغري','كبري',10,'4.5','5','0','0',5,'yes','yes',10),('6223000491294','مولتو دبل اكس',84,'صغري','كبري',24,'2.5','3','60','72',5,'yes','yes',10),('6223000493359','تودو ميني مافن',10,'صغري','كبري',10,'4','5','0','0',1,'yes','yes',10),('6223000494264','مولتو ميني الصحاب',84,'صغري','كبري',12,'4.17','5','50','60',5,'yes','yes',10),('6223000495124','مولتو ماجنم',84,'صغري','كبري',12,'4.17','5','50','60',5,'yes','yes',10),('6223000841570','بسكوت بالجبنة 160 جم',19,'صغري','كبري',10,'15','20','0','0',1,'yes','yes',10),('6223000841594','بسكوت بالقرفة 160جم',19,'صغري','كبري',10,'15','20','0','0',1,'yes','yes',10),('6223001242505','مناديل جيب فكة',88,'صغري','كبري',10,'0.55','1','0','0',10,'yes','yes',10),('6223001360049','مياة اكوافينا صغير',87,'صغري','كبري',10,'1.25','3','0','0',5,'yes','yes',10),('6223001360186','بيبسي دايت',76,'صغري','كبري',24,'4.59','5','110','120',5,'yes','yes',5),('6223001360582','سفن دايت',76,'صغري','كبري',10,'4.45','5','0','0',1,'yes','yes',10),('6223001360766','بيبسي لتر',76,'صغري','كبري',10,'9','10','0','0',1,'yes','yes',10),('6223001360780','سفن لتر',76,'صغري','كبري',10,'9','10','0','0',1,'yes','yes',10),('6223001360810','ميرندا لتر',76,'صغري','كبري',10,'9','10','0','0',1,'yes','yes',10),('6223001361046','ديو',76,'صغري','كبري',10,'4.45','6','0','0',1,'yes','yes',10),('6223001361725','بيبسي',76,'صغري','كبري',24,'3.59','5','89','120',5,'yes','yes',10),('6223001361732','سفن',76,'صغري','كبري',10,'3.59','5','88','120',5,'yes','yes',10),('6223001361749','ميرندا',76,'صغري','كبري',10,'3.59','5','88','120',5,'yes','yes',10),('6223001870050','بيتي كل يوم كوكتيل 225مل',77,'صغري','كبري',27,'1.66','5','45','130',1,'yes','yes',10),('6223001872948','زبادي المراعي صغير',72,'صغري','كبري',48,'1.82','2.5','87','95',5,'yes','yes',10),('6223001874294','حليب مراعي كامل لتر كرتون',72,'صغري','كبري',12,'15.5','17','167.5','200',5,'yes','yes',30),('6223001875192','بيتي عصير تفاح 235مل',77,'صغري','كبري',27,'2.82','5','77','130',5,'yes','yes',10),('6223001875208','بيتي عصير مانجو235م',77,'صغري','كبري',27,'2.83','5','76','130',1,'yes','yes',10),('6223001875215','بيتي عصير اناناس 235م',77,'صغري','كبري',27,'4.07','5','76','130',1,'yes','yes',10),('6223001875222','بيتي عصير كوكتيل 235مل',72,'صغري','كبري',27,'2.83','5','77','130',5,'yes','yes',10),('6223001875239','بيتي عصير جوافة 235م',77,'صغري','كبري',27,'2.82','5','77','130',1,'yes','yes',10),('6223001875246','بيتي عصير برتقال235م',77,'صغري','كبري',10,'2.82','5','77','130',1,'yes','yes',10),('6223001875253','بيتي عصير عنب 235م',77,'صغري','كبري',27,'2.83','5','77','130',1,'yes','yes',10),('6223001876366','حليب كامل الدسم 200مل',72,'صغري','كبري',27,'3.97','5','108','130',5,'yes','yes',30),('6223001876823','حليب شيكولاتة150م',72,'صغري','كبري',10,'2.7','3','0','0',1,'yes','yes',10),('6223001876830','حليب فانيليا150م',72,'صغري','كبري',10,'2.7','3','0','0',1,'yes','yes',10),('6223001876854','حليب شيكولاتة المراعي',72,'صغري','كبري',27,'4.07','5','110','135',1,'yes','yes',10),('6223001876861','حليب فرولة المراعي',72,'صغري','كبري',27,'4.07','5','110','135',1,'yes','yes',10),('6223001876908','حليب موز المراعي',72,'صغري','كبري',10,'4.07','5','110','130',1,'yes','yes',10),('6223001876915','بيتي عصير يوسفي 235مل',72,'صغري','كبري',27,'2.83','5','77','130',5,'yes','yes',10),('6223001878001','حليب مراعي لتر بلاستيك',72,'صغري','كبري',10,'13.9','17','167.5','192',1,'yes','yes',10),('6223001878018','حليب المراعي كامل الدسم 1.5 لتر',72,'صغري','كبري',6,'21.45','23','128.7','138',5,'yes','yes',10),('6223001878643','يوجو كبير',72,'صغري','كبري',12,'9.58','12','115','140',2,'yes','yes',5),('6223001878803','يوجو صغير',72,'صغري','كبري',12,'5.22','6','62.64','72',1,'yes','yes',10),('6223001879114','بيتي عصير مانجو لتر',77,'صغري','كبري',12,'8.63','12','102.71','140',4,'yes','yes',10),('6223001879138','بيتي عصير برتقال لتر',77,'صغري','كبري',12,'8.63','12','102.71','144',5,'yes','yes',10),('6223001879909','بيتي حليب لتر',72,'صغري','كبري',12,'13.5','15','162','175',5,'yes','yes',10),('6223001930044','مياة بركة كبير',86,'صغري','كبري',10,'2.09','5','28','40',5,'yes','yes',10),('6223001930082','مياه بركة صغير',100,'صغري','كبري',20,'1.4','3','28','35',10,'yes','yes',10),('6223003333461','كوكي شيكولاتة',18,'صغري','كبري',10,'30','40','0','0',1,'yes','yes',10),('6223003333478','كوكي شيكولاتة بيضاء',18,'صغري','كبري',10,'30','40','0','0',1,'yes','yes',10),('6223003333782','كوكي شيكولاتة حلاوة',18,'صغري','كبري',10,'30','40','0','0',1,'yes','yes',10),('6223003800888','اولكر ميل فاي فرولة',1,'صغري','كبري',12,'1.67','2','20','24',2,'yes','yes',10),('6223003803216','اولكر هالي',1,'صغري','كبري',12,'4.17','5','50','60',1,'yes','yes',10),('6223003803308','بسكويت فينجر',31,'صغري','كبري',12,'1.67','2','20','24',5,'yes','yes',10),('6223003803551','مكفتيز قمح احمر',1,'صغري','كبري',12,'1.67','2','20','24',1,'yes','yes',10),('6223003803575','مكفتيز قمح شيكولاتة',1,'صغري','كبري',10,'2.5','3','30','36',2,'yes','yes',10),('6223003803827','مكفتيز شوفان سادة',1,'صغري','كبري',12,'1.67','2','20','24',2,'yes','yes',10),('6223003803834','مكفتيز شوفان شيكولاتة',1,'صغري','كبري',12,'2.5','3','30','36',1,'yes','yes',10),('6223003803940','اولكر تمر',1,'صغري','كبري',10,'1','2','0','0',2,'yes','yes',10),('6223003806323','مكفتيز سندوتش',1,'صغري','كبري',10,'1','2','0','0',1,'yes','yes',10),('6223003806453','بسكريم صغير',1,'صغري','كبري',12,'1.67','2','20','24',1,'yes','yes',10),('6223003806538','بسكريم',1,'صغري','كبري',12,'4.17','5','50','60',1,'yes','yes',10),('6223003806590','بلوكس شيكولاتة',1,'صغري','كبري',12,'1.67','2','20','24',1,'yes','yes',10),('6223003806606','بلوكس فانيليا',1,'صغري','كبري',10,'1.67','2','20','24',1,'yes','yes',10),('6223003806637','اولكر ميل فاي شيكولاتة',1,'صغري','كبري',12,'1.67','2','20','24',2,'yes','yes',10),('6223003806644','اولكر ميل فاي شيكولاتة بندق',1,'صغري','كبري',12,'1.67','2','20','24',2,'yes','yes',10),('6223003806798','مكفتيز قمح كبير',1,'صغري','كبري',10,'4','5','0','0',2,'yes','yes',10),('6223003990350','كوكا بون',37,'صغري','كبري',10,'2','3','0','0',1,'yes','yes',10),('6223004761751','بن ساده فاتح ابو عوف',5,'صغري','كبري',10,'35','40','350','400',1,'yes','yes',10),('6223005400178','كيك كامارا مارشيميلو',1,'صغري','كبري',12,'1.67','2','20','24',2,'yes','yes',10),('6223005404336','كامارا تمر',1,'صغري','كبري',12,'0.84','2','10','24',2,'yes','yes',10),('6223005405760','بسكوت باي لاك',1,'صغري','كبري',12,'0.84','2','10','24',2,'yes','yes',10),('6223006210035','باتر شيكولاتة',1,'صغري','كبري',10,'8','10','0','0',1,'yes','yes',10),('6223006210066','باتر سادة',1,'صغري','كبري',10,'8','10','0','0',1,'yes','yes',10),('6223006530171','تيكا كونو ولد',30,'صغري','كبري',6,'15.84','20','95','120',1,'yes','yes',10),('6223006530188','تيكا كونو بنت',30,'صغري','كبري',6,'15.84','20','95','120',1,'yes','yes',10),('6223006530287','تيكا بيض بنت',30,'صغري','كبري',24,'3.5','5','75','120',5,'yes','yes',10),('6223006530300','بيض تيكا بنت كبير',30,'صغري','كبري',6,'14.59','20','88','120',5,'yes','yes',10),('6223006531604','تيكا مصاصة صغيرة',30,'صغري','كبري',10,'10','15','100','150',1,'yes','yes',10),('6223006531611','تيكا مصاصة كبير',30,'صغري','كبري',10,'25','30','250','300',1,'yes','yes',10),('6224000000011','كوب قهوة كوكيز',95,'صغري','كبري',6,'9','15','50','90',4,'yes','yes',10),('6224000000028','فنجان كوكيز بندق',42,'صغري','كبري',10,'14','20','0','0',1,'yes','yes',10),('6224000124199','ميللو صغير',36,'صغري','كبري',10,'1.5','2','0','0',1,'yes','yes',10),('6224000448042','فروبا ليمون نعناع',74,'صغري','كبري',10,'2','3','0','0',1,'yes','yes',10),('6224000448059','فروبا خوخ',74,'صغري','كبري',10,'2','3','0','0',1,'yes','yes',10),('6224000448066','فروبا تفاح',74,'صغري','كبري',10,'2','3','0','0',1,'yes','yes',10),('6224000448073','فروبا فرولة',74,'صغري','كبري',10,'2','3','0','0',1,'yes','yes',10),('6224000682699','تمر لوز',7,'صغري','كبري',10,'25','30','0','0',1,'yes','yes',10),('6224000682705','تمر شيكولاته لوز',7,'صغري','كبري',10,'30','35','0','0',1,'yes','yes',10),('6224007235577','فيري كبير',34,'صغري','كبري',10,'4','5','0','0',5,'yes','yes',10),('6224007995259','بيض تيكا ولد كبير',30,'صغري','كبري',6,'14.59','20','88','120',5,'yes','yes',10),('6224007995273','تيكا بيض ولد صغير',30,'صغري','كبري',24,'3.5','5','75','120',5,'yes','yes',10),('6224008033486','مشروب قوة فولت',71,'صغري','كبري',12,'4','5','48','60',1,'yes','yes',10),('6224008513490','مياة بي وتر صغير',106,'صغري','كبري',20,'1.45','5','29','45',10,'yes','yes',10),('6224008528845','جيلي كولا بيتزا',15,'صغري','كبري',12,'3.34','5','40','60',1,'yes','yes',10),('6224008528890','ماجيكال سنان كبير',15,'صغري','كبري',10,'8','15','0','0',1,'yes','yes',10),('6224008861843','تمر شيكولاته قهوه كراميل',7,'صغري','كبري',10,'30','35','0','0',1,'yes','yes',10),('6224008861867','تمر شيكولاته',7,'صغري','كبري',10,'25','30','0','0',1,'yes','yes',10),('6224009042227','رونيسكا فكه',53,'صغري','كبري',10,'0.75','1','0','0',1,'yes','yes',10),('6224009065189','نوتيلا صغير',26,'صغري','كبري',10,'4.5','5','0','0',1,'yes','yes',10),('6224009098033','ماميز شيكولاتة بيضاء كبير',57,'صغري','كبري',10,'15','20','0','0',1,'yes','yes',10),('6224009098040','ماميز شيكولاتة كبير',57,'صغري','كبري',10,'15','20','0','0',1,'yes','yes',10),('6224009678235','تيكا فن',30,'صغري','كبري',12,'12','15','144','180',5,'yes','yes',10),('6224010079021','شيكولاته مولتن سبريد',91,'صغري','كبري',24,'13','20','312','480',2,'yes','yes',10),('6224010322011','كوكو اسبريسو',2,'صغري','كبري',6,'17','25','102','150',5,'yes','yes',10),('6224781985361','سحلب بالمكسرات',59,'صغري','كبري',10,'25','30','250','300',1,'yes','yes',10),('6225000042759','كونو اوريو',35,'صغري','كبري',10,'4.5','5','0','0',1,'yes','yes',10),('6225000263314','ماميز شيكولاتة بيضاء صغير',57,'صغري','كبري',10,'10','15','0','0',1,'yes','yes',10),('6225000263321','ماميز شيكولاتة',57,'صغري','كبري',10,'10','15','0','0',1,'yes','yes',10),('6229141019908','بابجي شيكولاتة',53,'صغري','كبري',10,'0.75','2','0','0',1,'yes','yes',10),('6233914214','زجاجة مشكل شوكلت',50,'صغري','كبري',10,'120','150','1200','1500',1,'yes','yes',10),('6253505461300','شاي كابوس 250ج',6,'صغري','كبري',10,'30','35','0','0',1,'yes','yes',10),('6261648568','كرواسو سادة',107,'صغري','كبري',10,'6','10','60','100',2,'yes','yes',10),('6281012033185','سان توب برتقال',73,'صغري','كبري',10,'3.96','5','0','0',1,'yes','yes',10),('6281012033192','سان توب مانجو',73,'صغري','كبري',10,'3.96','5','0','0',1,'yes','yes',10),('6281012033277','سان توب فواكة',73,'صغري','كبري',10,'3.96','5','0','0',1,'yes','yes',10),('6281012033345','سان توب توت مشكل',73,'صغري','كبري',24,'3.25','5','78','110',1,'yes','yes',10),('6281034900175','راني خوخ',79,'صغري','كبري',10,'4.71','6','0','0',1,'yes','yes',10),('6281034903572','راني مانجو',79,'صغري','كبري',10,'4.71','6','0','0',1,'yes','yes',10),('6281034903930','راني فواكة',79,'صغري','كبري',10,'4.71','6','0','0',1,'yes','yes',10),('6281058102081','كود ريد',62,'صغري','كبري',10,'25','30','0','0',5,'yes','yes',10),('6281100720881','هوبي',31,'صغري','كبري',24,'1.67','3','40','70',5,'yes','yes',10),('6291003010583','كوكيز ديلايتس',21,'صغري','كبري',10,'5','7','0','0',1,'yes','yes',10),('6291003011849','شنكوز شوكليت',21,'صغري','كبري',10,'4.5','5','0','0',1,'yes','yes',10),('6291003011856','شنكوز شوكليت طبقتين',21,'صغري','كبري',10,'4.5','5','0','0',1,'yes','yes',10),('6291003017865','كوكيز مونستا ميني',21,'صغري','كبري',10,'3','5','0','0',1,'yes','yes',10),('6291003078613','شيكولاتة المونداي',28,'صغري','كبري',10,'3','5','0','0',1,'yes','yes',10),('6291003081903','بريك ريزو',26,'صغري','كبري',12,'4.25','5','51','60',1,'yes','yes',10),('6291003084256','بريك تفانى كيس 22 ق',26,'صغري','كبري',10,'43.75','60','437.5','600',1,'yes','yes',10),('6291003084348','ماجيستو ويفر',1,'صغري','كبري',24,'2.5','3','60','72',3,'yes','yes',10),('6291003087707','فيوري شوكلت كراميل',26,'صغري','كبري',10,'3','5','30','50',1,'yes','yes',10),('6291003087738','يونكرز',26,'صغري','كبري',10,'5','6','0','0',1,'yes','yes',10),('6291003087769','فيوري شوكلت',26,'صغري','كبري',10,'3','5','30','50',1,'yes','yes',10),('6291003088193','بريك تايم',26,'صغري','كبري',24,'1.9','3','44.31','72',1,'yes','yes',10),('6291003203527','بريك 4 صابع',26,'صغري','كبري',14,'3.65','5','51','65',1,'yes','yes',10),('6291003204999','بريك بيج',26,'صغري','كبري',12,'4.25','5','51','60',1,'yes','yes',10),('6291007908466','جود داي بالذبدة',1,'صغري','كبري',10,'2','3','0','0',2,'yes','yes',10),('6291007908473','جود داي بالكاجو',1,'صغري','كبري',10,'3','4','0','0',2,'yes','yes',10),('6291007908480','جود داي بالمكسرات',1,'صغري','كبري',10,'3','4','0','0',2,'yes','yes',10),('6294001814153','علبة جواهر 200جم',14,'صغري','كبري',10,'80','90','0','0',1,'yes','yes',10),('6294001819226','سنيكرز صغير 35جم',14,'صغري','كبري',24,'4.46','5','107','120',1,'yes','yes',10),('6294001820338','جلاكسي كيس ميني150ج',14,'صغري','كبري',10,'40','45','400','450',1,'yes','yes',10),('6294001821670','جلاكسي كراميل 40جم',14,'صغري','كبري',12,'8.9','10','107','120',1,'yes','yes',10),('6294001821700','جلاكسي كبير سادة 90جم',14,'صغري','كبري',10,'15','20','150','200',1,'yes','yes',10),('6294001821731','جلاكسي كبير بندق90جم',14,'صغري','كبري',10,'15','20','150','200',1,'yes','yes',10),('6294001827672','شيكولاته دارك 38جم',14,'صغري','كبري',12,'10','12','120','144',1,'yes','yes',10),('6294001830108','جلاكسي تمر 143 جم',14,'صغري','كبري',10,'25','35','250','350',1,'yes','yes',10),('6294003532956','كتكات بسكوت 2 صابع',12,'صغري','كبري',42,'3.46','5','145','175',1,'yes','yes',10),('6294003532987','كتكات بسكوت 4 صابع',12,'صغري','كبري',28,'6.1','10','170','250',1,'yes','yes',10),('6294003568269','كولتي ستريت 375جم',45,'صغري','كبري',10,'110','135','1100','1350',5,'yes','yes',10),('6294003573942','كتكات 15 قطعة ميني مومنتس',12,'صغري','كبري',10,'75','90','0','0',1,'yes','yes',10),('6294003592578','كتكات لوتس 7 قطعه',12,'صغري','كبري',10,'50','55','0','0',1,'yes','yes',10),('6294003592790','كتكات بوب كورن',12,'صغري','كبري',10,'8','10','0','0',1,'yes','yes',10),('6294003595753','كتكات مينز 17 قطعة',12,'صغري','كبري',10,'40','55','400','550',1,'yes','yes',10),('6451283772','ميجا شيبسي روسي',56,'صغري','كبري',10,'18.5','25','185','250',1,'yes','yes',10),('6459659597','فنجان قهوة بندق',95,'صغري','كبري',100,'8','15','100','150',20,'yes','yes',10),('6531938149','فنجان كركدية',95,'صغري','كبري',100,'3','5','20','30',20,'yes','yes',10),('6538519163','ريتر سبورلات دارك',50,'صغري','كبري',12,'26.5','35','265','350',2,'yes','yes',10),('6624000293053','ويكي بيض كبير ولد وبنت',30,'صغري','كبري',2,'37.5','45','75','90',1,'yes','yes',10),('6624000370839','مصاصة هيمتو',35,'صغري','كبري',50,'3','5','150','250',1,'yes','yes',10),('6624000443618','مارشيميلو هيمتو',36,'صغري','كبري',12,'3.75','5','45','60',2,'yes','yes',10),('6639351233','ميلك شيك',95,'صغري','كبري',10,'10','20','100','200',20,'yes','yes',10),('6740419998621','مصاصة تقليد الاسترا',35,'صغري','كبري',120,'1','3','120','300',5,'yes','yes',10),('6771504478780','مكسرات',58,'صغري','كبري',10,'50','60','500','600',5,'yes','yes',10),('6992179425','كابتشينو فانيليا',95,'صغري','كبري',100,'12','20','100','150',20,'yes','yes',10),('699300531882','ميلون جيلي',15,'صغري','كبري',10,'4.5','5','0','0',1,'yes','yes',10),('6993005318826224000124359','ميللو كبير',36,'صغري','كبري',10,'4.5','5','0','0',1,'yes','yes',10),('7129974126','ك موكا',95,'صغري','كبري',100,'12','20','180','220',20,'yes','yes',10),('713179705538','بن العميد',4,'صغري','كبري',10,'120','135','1200','1300',2,'yes','yes',10),('713179705576','فرنسي العميد',4,'صغري','كبري',10,'120','140','1200','1350',2,'yes','yes',10),('7171667978','نسكافية',95,'صغري','كبري',100,'8','15','100','150',20,'yes','yes',10),('7187916184543','بست كوكتيل',78,'صغري','كبري',27,'2.56','4','68','80',1,'yes','yes',10),('7187916283444','بست تفاح',78,'صغري','كبري',27,'2.56','3','68','80',1,'yes','yes',10),('7187918082144','بست مانجو',78,'صغري','كبري',27,'3.28','5','89','100',1,'yes','yes',10),('718791808223','بست مانجو زجاج',78,'صغري','كبري',12,'4.59','6','55','70',5,'yes','yes',10),('7334967289','كابتشينو',95,'صغري','كبري',100,'10','15','100','150',20,'yes','yes',10),('7436639445','فنجان قهوة فرنسية',95,'صغري','كبري',100,'8','15','100','150',20,'yes','yes',10),('7464693177','ماسك',102,'صغري','كبري',50,'0.55','5','28','100',50,'yes','yes',10),('7610400070577','لينتد فلفل',54,'صغري','كبري',10,'50','65','0','0',1,'yes','yes',10),('7613035195950','توفي كرسب',28,'صغري','كبري',24,'19','23','450','550',1,'yes','yes',10),('7613035510128','كتكات دارك 4 صابع',12,'صغري','كبري',10,'5','10','200','250',2,'yes','yes',10),('7613036099387','بسكوت كتكات دارك 2 صابع',12,'صغري','كبري',10,'50','80','500','800',1,'yes','yes',5),('7614500010617','توبليرون دارك100جم',54,'صغري','كبري',10,'30','35','300','350',2,'yes','yes',10),('76162817','موسي سادة',70,'صغري','كبري',6,'14.18','20','85','115',1,'yes','yes',10),('76162879','موسي رومان',70,'صغري','كبري',6,'14.17','20','85','115',1,'yes','yes',10),('76162947','موسي توت احمر',70,'صغري','كبري',6,'14.18','20','85','115',1,'yes','yes',10),('76162954','موسي تفاح',70,'صغري','كبري',6,'14.18','20','85','115',1,'yes','yes',10),('76162961','موسي فراولة',70,'صغري','كبري',6,'14.18','20','85','115',1,'yes','yes',10),('76162978','موسي خوخ',70,'صغري','كبري',6,'14.18','20','85','115',1,'yes','yes',10),('7622201147952','كادبوري بيض كيس 88جم',45,'صغري','كبري',10,'45','60','450','600',2,'yes','yes',10),('7622201148270','ميلكا معرض',46,'صغري','كبري',10,'120','140','1200','1400',1,'yes','yes',10),('7622201425654','كادبوري اوريو 82 جرام كيس',45,'صغري','كبري',10,'36','45','360','450',2,'yes','yes',10),('7622210205728','ميلكا شيكو كاو',46,'صغري','كبري',24,'8','15','192','360',5,'yes','yes',10),('7622210292742','ديري ميلك سادة وسط',45,'صغري','كبري',10,'8','10','0','0',5,'yes','yes',10),('7622210292896','ديري ميلك صغير سادة',45,'صغري','كبري',10,'2','3','0','0',5,'yes','yes',10),('7622210292902','ديري ميلك صغير بندق',45,'صغري','كبري',10,'2','3','0','0',5,'yes','yes',10),('7622210292988','ديري ميلك بندق وسط',45,'صغري','كبري',10,'8','10','0','0',5,'yes','yes',10),('7622210335630','ديري ميلك كبير بندق 90جم',45,'صغري','كبري',10,'15','20','150','200',1,'yes','yes',10),('7622210335647','ديري ميلك كبير سادة 90جم',45,'صغري','كبري',10,'15','20','150','200',1,'yes','yes',10),('7622210358400','مورو 40جم',14,'صغري','كبري',12,'3.9','5','46','60',2,'yes','yes',10),('7622210384270','ديري ميلك كبير مارفيلوس160 جم',45,'صغري','كبري',10,'40','50','0','0',1,'yes','yes',10),('7622210386410','ميلكا سانتا صغير معرض',46,'صغري','كبري',10,'45','55','450','550',2,'yes','yes',10),('7622210549440','ديري ميلك دبل شوكو',45,'صغري','كبري',10,'4.5','5','0','0',5,'yes','yes',10),('7622210609915','ديري ميلك حليب معرض',45,'صغري','كبري',5,'35','40','35','40',1,'yes','yes',10),('7622210628329','ديري ميلك صغير اوريو',45,'صغري','كبري',10,'4.5','5','0','0',5,'yes','yes',10),('7622210638021','اوريو كرانش',45,'صغري','كبري',10,'60','65','600','650',2,'yes','yes',10),('7622210708434','بسكوت اوريو مستورد دارك اند ويت 133جم',1,'صغري','كبري',24,'18.5','25','440','600',2,'yes','yes',10),('7622210758385','ديري ميلك اوريو معرض',45,'صغري','كبري',5,'35','40','35','40',1,'yes','yes',10),('7622210758392','ديري ميلك معرض مارفيلوس',45,'صغري','كبري',5,'35','40','35','40',1,'yes','yes',10),('7622210957375','ديري ميلك كبير اوريو 90جم',45,'صغري','كبري',10,'15','20','150','200',1,'yes','yes',10),('76222276','ميلكا ليو بسكوت',46,'صغري','كبري',32,'5','8','160','250',5,'yes','yes',5),('7622300491215','اوريو بناداس',46,'صغري','كبري',10,'60','75','600','750',1,'yes','yes',10),('76224935','ميلكا شوكو ويفر',46,'صغري','كبري',10,'11','15','330','450',5,'yes','yes',10),('762571500012','فريز فراولة',65,'صغري','كبري',10,'15','20','0','0',5,'yes','yes',10),('762571500029','فريز رومان',65,'صغري','كبري',10,'15','20','0','0',5,'yes','yes',10),('762571500036','فريز كوكتيل توت',65,'صغري','كبري',10,'15','20','0','0',5,'yes','yes',10),('762571500081','فريز اناناس جوز هند',65,'صغري','كبري',10,'15','20','0','0',5,'yes','yes',10),('762571500098','فريز ليمون كيوي',65,'صغري','كبري',10,'15','20','0','0',5,'yes','yes',10),('762571500128','فريز ليمون نعناع',65,'صغري','كبري',10,'15','20','0','0',5,'yes','yes',10),('762571500197','فريز فاكهة استوائية',65,'صغري','كبري',10,'15','20','0','0',5,'yes','yes',10),('7689533593','مصاصة جيلي قلوب صغيرة',35,'صغري','كبري',24,'1.2','3','20','72',2,'yes','yes',10),('7741635561','فلاجيل 500',108,'شريط','علبة',2,'5','6','10','12',10,'yes','yes',10),('776992066323','كيك مارما ديما',10,'صغري','كبري',10,'3','5','0','0',1,'yes','yes',10),('776992071334','كيك مارمو كراميل',10,'صغري','كبري',10,'2.08','3','0','0',1,'yes','yes',10),('776992081333','دونات كيك ديما',10,'صغري','كبري',10,'3','5','0','0',1,'yes','yes',10),('776992231080','ديما',40,'صغري','كبري',10,'2.5','5','0','0',1,'yes','yes',10),('7896306621291','لبان بالعسل',41,'صغري','كبري',40,'0.74','1','30','40',1,'yes','yes',10),('8000070024908','لافازا',2,'صغري','كبري',6,'270','320','1620','1800',2,'yes','yes',10),('80001027','تورتينا اورجينال',11,'صغري','كبري',24,'8.42','13','195','300',1,'yes','yes',10),('80001256','شيكولاتة بندق ويفر',11,'صغري','كبري',10,'12.5','20','125','200',1,'yes','yes',10),('80001287','جاردينا بندق',11,'صغري','كبري',10,'8','12','0','0',1,'yes','yes',10),('80001331','تورتينا دارك بندق',11,'صغري','كبري',24,'8.42','13','195','300',1,'yes','yes',10),('80001393','شيكولاتة كاكاو ويفر',11,'صغري','كبري',10,'20','25','0','0',1,'yes','yes',10),('80001461','جاردينا شيكولاتة',11,'صغري','كبري',10,'8','12','0','0',1,'yes','yes',10),('80001737','لوكر اسبريسو ويفر شيكولاتة',11,'صغري','كبري',10,'12.5','20','125','200',1,'yes','yes',10),('80001799','تورتينا وايت',11,'صغري','كبري',24,'8.42','13','195','300',1,'yes','yes',10),('8000300401073','كتكات سانتا',12,'صغري','كبري',10,'20','22','200','220',1,'yes','yes',10),('8000380001040','لوكر كيس شيكولاتة 15 قطعة',11,'صغري','كبري',10,'50','55','0','0',1,'yes','yes',10),('8000380001149','لوكر كيس شيكولاتة بندق 15 قطعة',11,'صغري','كبري',10,'50','55','0','0',1,'yes','yes',10),('8000380003723','علبة 100 جم',11,'صغري','كبري',10,'45','50','0','0',1,'yes','yes',10),('8000380005918','لوكير اكياس بندق125جم',11,'صغري','كبري',10,'28','40','280','400',1,'yes','yes',10),('8000380005949','لوكير اكياس فانيليا 125 جم',11,'صغري','كبري',10,'28','40','280','400',1,'yes','yes',10),('8000380005963','لوكير اكياس شيكولاتة125جم',11,'صغري','كبري',10,'28','40','280','400',1,'yes','yes',10),('8000380009145','جردينيا شيكولاتة بندق معرض',11,'صغري','كبري',10,'38','50','380','500',1,'yes','yes',10),('8000380140541','لوكير اكياس تراميسو110 جم',11,'صغري','كبري',10,'28','40','280','400',1,'yes','yes',10),('8000380140565','لوكير اكياس كابتشينو110 جم',11,'صغري','كبري',10,'28','40','280','400',1,'yes','yes',10),('8000380142828','جردينيا شيكولاتة معرض',11,'صغري','كبري',10,'38','50','380','500',1,'yes','yes',10),('8000380153442','بسكوت لوكر 90جم بندق',11,'صغري','كبري',10,'18','20','180','200',2,'yes','yes',10),('8000380153466','بسكويت لوكر شيكولاتة 90جم',11,'صغري','كبري',10,'18','20','180','200',1,'yes','yes',10),('8000380153480','بسكوت لوكر فانيليا 90جم',11,'صغري','كبري',10,'18','22','180','220',1,'yes','yes',10),('8000380156825','شيكولاتة لوكير ويفر حليب كبير',11,'صغري','كبري',10,'10','20','0','0',1,'yes','yes',10),('8000380156849','لوكير ويفر اسبريسو شيكولاتة 87جم',11,'صغري','كبري',10,'21','30','210','300',2,'yes','yes',10),('8000380157440','شيكولاتة لوكير ويفر بندق',11,'صغري','كبري',10,'21','30','210','300',2,'yes','yes',10),('8000380184644','لوكر كيس ميكس 15 قطعة',11,'صغري','كبري',10,'50','55','0','0',1,'yes','yes',10),('8000380188918','لوكر شيكولاتة حليب 90جم',11,'صغري','كبري',10,'18','22','0','0',1,'yes','yes',10),('8000380192670','بسكويت لوكر دبل شوكليت 90 جم',11,'صغري','كبري',10,'18','20','180','200',2,'yes','yes',10),('8000500009673','فريرو معرض',22,'صغري','كبري',4,'140','160','500','600',1,'yes','yes',10),('8000500023976','رافيلو هدية 150جم',23,'صغري','كبري',10,'65','80','650','800',1,'yes','yes',10),('8000500024065','فريرو كون',22,'صغري','كبري',10,'220','245','2200','2450',1,'yes','yes',10),('8000500032237','فريرو 30 قطعة',22,'صغري','كبري',4,'145','175','580','700',1,'yes','yes',10),('8000500037874','روشية 16',22,'صغري','كبري',10,'80','90','0','0',1,'yes','yes',10),('8000500178669','فريرو كوليكشن',22,'صغري','كبري',4,'125','160','580','650',1,'yes','yes',10),('8000500227848','نوتيلا بي ريدي 6 قطة',16,'صغري','كبري',10,'70','90','700','900',2,'yes','yes',10),('8000500267035','كيندر كيك',52,'صغري','كبري',10,'7','10','70','100',5,'yes','yes',5),('8000500278482','كيندر كريسماس',52,'صغري','كبري',10,'24','35','240','350',1,'yes','yes',10),('8000500299500','علبة نوتيلا بي ريدي 10قطع',16,'صغري','كبري',10,'150','180','0','0',1,'yes','yes',10),('8004089351024','مايك',2,'صغري','كبري',6,'180','220','1080','1200',3,'yes','yes',10),('80050278','روشية 3 قطعة',22,'صغري','كبري',16,'14.7','20','235','300',1,'yes','yes',10),('80052357','دبلو بندق',25,'صغري','كبري',24,'10','12','210','300',1,'yes','yes',10),('80052487','رافيلو 3 قطعة',23,'صغري','كبري',16,'14','18','220','320',1,'yes','yes',10),('80052760','كيندر بوينو 2 صابع',52,'صغري','كبري',30,'10','15','297','450',1,'yes','yes',10),('80135463','نوتيلا 200 جم',16,'صغري','كبري',10,'33','40','330','400',1,'yes','yes',10),('80177173','نوتيلا 350 جم',16,'صغري','كبري',10,'47','55','470','550',1,'yes','yes',10),('80177609','كيندر ولد 4 صابع',52,'صغري','كبري',20,'9.85','15','197','300',1,'yes','yes',10),('80177616','كيندر ولد 8 صابع',52,'صغري','كبري',10,'25','30','0','0',1,'yes','yes',10),('80757450','بابول',41,'صغري','كبري',10,'8','10','0','0',1,'yes','yes',10),('80764021','مينتوس بيور 18  جرام',38,'صغري','كبري',20,'8','12','160','200',2,'yes','yes',10),('80768258','بيض كيندر بنت',29,'صغري','كبري',16,'12.8','15','205','240',5,'yes','yes',10),('80820994','شيكولاتة حليب ويفر',11,'صغري','كبري',10,'20','25','0','0',1,'yes','yes',10),('80824107','كيندر كريمي',29,'صغري','كبري',24,'8.75','10','210','240',5,'yes','yes',10),('80854357','تورتينا ترابل دارك',11,'صغري','كبري',24,'8.42','13','195','300',1,'yes','yes',10),('80874652','كيندر كاردس',52,'صغري','كبري',30,'13.5','15','405','450',5,'yes','yes',10),('80930303','لوكر فانيليا 30جم',11,'صغري','كبري',25,'6','8','150','180',1,'yes','yes',10),('80930341','لوكر شيكولاته30 بندق جم',11,'صغري','كبري',25,'6','8','150','180',1,'yes','yes',10),('80936237','لوكر حليب30 بندق جم',11,'صغري','كبري',25,'6','8','150','180',1,'yes','yes',10),('80965435','لوكر شيكولاته30جم',11,'صغري','كبري',25,'6','8','150','180',1,'yes','yes',10),('80974482','بيض كيندر ولد',29,'صغري','كبري',16,'12.8','15','205','240',5,'yes','yes',10),('8268556136','فنجان هوت شوكلت',95,'صغري','كبري',100,'10','20','100','200',20,'yes','yes',10),('8411500117129','جيلي دامل 80جم',15,'صغري','كبري',10,'13','20','130','200',1,'yes','yes',10),('8412765508905','ولاعة كبيرة كليبرة',44,'صغري','كبري',10,'10','15','0','0',1,'yes','yes',10),('8435124850644','فرخة',39,'صغري','كبري',10,'10','15','0','0',1,'yes','yes',10),('8436014441041','جيلي اسباني مشكل 100جم',15,'صغري','كبري',10,'20','28','200','280',1,'yes','yes',10),('8436014441713','جيلي اسباني موز 100جم',15,'صغري','كبري',10,'20','28','200','280',1,'yes','yes',10),('8534221825','ريتر سبورت بندق',50,'صغري','كبري',12,'25.5','35','306','350',1,'yes','yes',10),('8595737347','دومتي',83,'صغري','كبري',10,'3.5','5','35','50',5,'yes','yes',10),('8661016802587','ميكس',37,'صغري','كبري',10,'4.5','5','0','0',1,'yes','yes',10),('8690120041841','فور في فور',26,'صغري','كبري',10,'5','6','0','0',1,'yes','yes',10),('8690120042114','كوكو فيست',26,'صغري','كبري',10,'5','6','0','0',1,'yes','yes',10),('8690120060170','نمبر وان احمر',28,'صغري','كبري',24,'3.96','6','95','140',5,'yes','yes',10),('8690120060408','نمبر وان اخضر',28,'صغري','كبري',24,'5','6','95','120',5,'yes','yes',10),('8690120092997','بسكوت تام',1,'صغري','كبري',10,'4','10','40','100',2,'yes','yes',10),('8690120118772','ماي واي',1,'صغري','كبري',24,'1.67','3','40','70',1,'yes','yes',10),('8690146053804','بيبيتو 35جم',15,'صغري','كبري',10,'2.5','3','0','0',1,'yes','yes',10),('8690146056935','بيبيتو سوار تفاح',15,'صغري','كبري',10,'4.5','5','0','0',5,'yes','yes',10),('8690146091196','بيبيتو سوار ازرق',15,'صغري','كبري',24,'3.96','5','95','120',5,'yes','yes',10),('8690146108535','بيبيتو سوار كريز',15,'صغري','كبري',10,'4.5','5','0','0',5,'yes','yes',10),('8690146123712','بيبيتو جيلي مشكل فكه',15,'صغري','كبري',80,'0.8','2','64','160',2,'yes','yes',10),('8690146127093','بينز اخضر',15,'صغري','كبري',10,'4.5','5','0','0',1,'yes','yes',10),('8690146128717','بينز اورنج',15,'صغري','كبري',10,'4.5','5','0','0',1,'yes','yes',10),('8690146134558','بيبيتو 175جم',15,'صغري','كبري',10,'20','25','200','250',1,'yes','yes',10),('8690146139881','بيبيتو جيلي كولا فكه',15,'صغري','كبري',80,'0.8','2','64','160',2,'yes','yes',10),('8690146658313','بيبيتو 80جم',15,'صغري','كبري',10,'17','20','170','200',1,'yes','yes',10),('8690146680215','بيبيتو سوار فراولة',15,'صغري','كبري',10,'4.5','5','0','0',5,'yes','yes',10),('8690146680314','بيبيتو سوار اورنج كوكاكولا',15,'صغري','كبري',24,'3.96','5','95','120',5,'yes','yes',10),('8690504056201','باتون سالية',1,'صغري','كبري',10,'3','4','0','0',5,'yes','yes',10),('8690705002793','كيك اوف تايم',10,'صغري','كبري',24,'1.89','5','45','120',5,'yes','yes',10),('8690997080110','توفي فروتي برتقال',9,'صغري','كبري',24,'0.85','3','20','70',5,'yes','yes',5),('8690997080127','توفي فروتي تفاح',9,'صغري','كبري',24,'0.85','3','20','70',5,'yes','yes',5),('8690997080134','توفي فروتي كريز',9,'صغري','كبري',24,'0.85','3','20','70',5,'yes','yes',5),('8690997080592','توفي فروتي فرولة',9,'صغري','كبري',24,'0.85','3','20','70',1,'yes','yes',10),('8690997083982','شيكولاتة لاف دبدوب برطمان',91,'صغري','كبري',125,'0.65','2','80','110',5,'yes','yes',10),('8690997183156','توفي صوابع فروتي',9,'صغري','كبري',120,'0.8','2','95','120',1,'yes','yes',10),('8691216019805','هاريبو رول',15,'صغري','كبري',24,'4.2','5','102','120',1,'yes','yes',10),('8691216020689','هاريبو 80جم',15,'صغري','كبري',10,'16.5','25','0','0',1,'yes','yes',10),('8691216094437','هاريبو صغير 17جم',15,'صغري','كبري',24,'2.5','3','60','72',10,'yes','yes',10),('8691216095472','مارشيميلو هاريبو',36,'صغري','كبري',10,'6','7','0','0',1,'yes','yes',10),('8691657958657','شمسية',24,'صغري','كبري',10,'15','20','0','0',1,'yes','yes',10),('8691707088006','اوزمو جو',32,'صغري','كبري',10,'18','20','0','0',1,'yes','yes',10),('8691707090122','اوزمو كونو',32,'صغري','كبري',10,'8','10','0','0',5,'yes','yes',10),('8691707096865','بوم باستك اسود',28,'صغري','كبري',10,'8','10','0','0',5,'yes','yes',10),('8691707096872','بوم باستك جوز هند',28,'صغري','كبري',10,'8','10','0','0',5,'yes','yes',10),('8691720020250','برو دونات',10,'صغري','كبري',24,'2.42','5','58','120',1,'yes','yes',10),('8691720021509','بسكوت لورا',1,'صغري','كبري',10,'10','20','100','200',2,'yes','yes',10),('8691720026900','شيكولاتة سبرينتر تركي',28,'صغري','كبري',24,'2.5','5','60','105',5,'yes','yes',10),('8691720041958','ويفرز بسكوت فانيليا',1,'صغري','كبري',24,'2.5','5','60','120',1,'yes','yes',10),('8692806022809','دبل اب',10,'صغري','كبري',24,'2.42','5','58','120',1,'yes','yes',10),('8692806080298','براديس',10,'صغري','كبري',24,'3','5','60','120',1,'yes','yes',10),('8692806084876','براديس',10,'صغري','كبري',10,'2','2','0','0',5,'yes','yes',10),('8693029604339','علبة ايبون',8,'صغري','كبري',10,'80','85','800','850',1,'yes','yes',10),('8693029610231','ايبون فكة',8,'صغري','كبري',10,'0.25','0.5','85','90',1,'yes','yes',10),('8693323736101','لبان مزز',41,'صغري','كبري',10,'0.5','1','0','0',1,'yes','yes',10),('8693323874100','جيلي كولا جيلوبي ويامي',15,'صغري','كبري',24,'1.67','3','40','70',1,'yes','yes',10),('8698701004476','دارك كوفي',24,'صغري','كبري',10,'4.5','5','0','0',1,'yes','yes',10),('8699120446519','ايس كوفي اوريجنال',66,'صغري','كبري',10,'25','30','0','0',1,'yes','yes',10),('8699120446540','ايس كوفي دارك',66,'صغري','كبري',10,'25','30','0','0',1,'yes','yes',10),('8699141157104','اوزمو هوبو',32,'صغري','كبري',10,'8','10','0','0',5,'yes','yes',10),('8710502260025','ماربا شيكولاتة',21,'صغري','كبري',10,'30','35','0','0',1,'yes','yes',10),('8710502470011','ماربا شيكولاتة بندق',21,'صغري','كبري',10,'30','35','0','0',1,'yes','yes',10),('8714800018289','بافاريا خوخ',69,'صغري','كبري',10,'8','12','0','0',1,'yes','yes',10),('8714800027847','بافاريا فروله',69,'صغري','كبري',10,'8','12','0','0',1,'yes','yes',10),('8718800002248','كوينز سويت برينسيس',91,'صغري','كبري',50,'11.5','15','575','700',3,'yes','yes',10),('8718800002897','كوينز جستس',91,'صغري','كبري',50,'11.5','15','575','700',3,'yes','yes',10),('8718800012247','كوينز باتمان',91,'صغري','كبري',50,'11.5','15','575','700',3,'yes','yes',10),('8718800017754','كوينز ميلك شوكليت',91,'صغري','كبري',50,'11.5','15','575','700',3,'yes','yes',10),('8718800056883','يورو شوكلت',91,'صغري','كبري',12,'40','50','480','600',1,'yes','yes',10),('8781273266','اسبريسو مايك دبل',95,'صغري','كبري',100,'8','15','180','220',20,'yes','yes',10),('8795873172','باتيه جبنة رومي وبيضاء',107,'صغري','كبري',10,'7','12','70','120',2,'yes','yes',10),('8801073110502','اندومي رامن دجاج حار',93,'صغري','كبري',10,'48','55','480','500',1,'yes','yes',10),('8801073113312','اندومي رامن جبنة دجاج حار',93,'صغري','كبري',10,'48','55','480','500',1,'yes','yes',10),('8801073113428','اندومي رامن دبل اكس دجاج حار',93,'صغري','كبري',10,'48','55','480','500',1,'yes','yes',10),('8801073113800','اندومي سام يانج سبايسى احمر',93,'صغري','كبري',10,'45','50','450','500',2,'yes','yes',10),('8801073113893','اندومي سام يانج فراخ حار مع جبنة',93,'صغري','كبري',10,'45','50','450','500',2,'yes','yes',10),('8801073210776','اندومي كوري كوب دجاج حار',93,'صغري','كبري',30,'39','50','1150','1500',2,'yes','yes',10),('8801073211223','اندومي 2 اكس',93,'صغري','كبري',10,'40','45','400','450',2,'yes','yes',10),('8801073839830','اندومي كوري كوب لحم وخضار',93,'صغري','كبري',30,'39','50','1150','1500',2,'yes','yes',10),('8850412370800','اندومي سي فود حار طبق',93,'صغري','كبري',6,'28.5','40','171','240',1,'yes','yes',10),('8850412371036','اندومي سي فود طبق',93,'صغري','كبري',6,'28.5','40','171','240',1,'yes','yes',10),('8850412371494','اندومي فراخ طبق',93,'صغري','كبري',6,'28.5','40','171','240',1,'yes','yes',10),('8850412371500','اندومي جمبري طبق',93,'صغري','كبري',6,'28.5','40','171','240',1,'yes','yes',10),('8851028140047','حليب صويا',68,'صغري','كبري',10,'23','30','0','0',1,'yes','yes',10),('8858933933','تارت مانجو ميني',107,'صغري','كبري',10,'15','25','150','250',2,'yes','yes',10),('8859128600010','مشروب جوز هند قطع',68,'صغري','كبري',24,'21','30','490','720',1,'yes','yes',10),('8859128600492','مشروب جوز هند حليب',68,'صغري','كبري',24,'21','30','490','720',1,'yes','yes',10),('8935001706588','مينتوس لبان علبة نعناع',38,'صغري','كبري',6,'25.7','35','155','210',1,'yes','yes',10),('8935001706724','مينتوس لبان علبة توتي فروتي',38,'صغري','كبري',6,'25.5','35','155','210',1,'yes','yes',10),('8935001723707','مينتوس نعناع',41,'صغري','كبري',10,'4.5','5','0','0',1,'yes','yes',10),('8935001723820','لبان مينتوس فراوله',41,'صغري','كبري',10,'4.5','5','50','60',1,'yes','yes',10),('8935001723844','لبان مينتوس بطيخ',41,'صغري','كبري',10,'4.5','5','50','60',1,'yes','yes',10),('8990800001807','مينتوس فكة',38,'صغري','كبري',10,'0.75','1','0','0',1,'yes','yes',10),('8990800015224','مينتوس نعناع',38,'صغري','كبري',24,'3.96','5','95','120',1,'yes','yes',10),('8990800015286','مينتوس فراولة بونبونى',38,'صغري','كبري',10,'4.5','5','0','0',1,'yes','yes',10),('8990800015316','مينتوس توتي فروتي',38,'صغري','كبري',10,'4.5','5','0','0',1,'yes','yes',10),('8992741904902','جيلي كولا بطيخ يويي اندونيسيا',15,'صغري','كبري',24,'4.4','6','105','125',5,'yes','yes',10),('8992741905602','جيلي كولا يوبى بورجر',15,'صغري','كبري',24,'7.92','12','190','280',1,'yes','yes',10),('8992741905718','جيلي كولا يوبى',15,'صغري','كبري',24,'7.92','12','190','280',1,'yes','yes',10),('8992741945271','جيلي كولا بيتزا  يويي اندونيسيا',15,'صغري','كبري',24,'4.4','6','105','125',5,'yes','yes',10),('8992760221028','بسكوت اوريو مستورد كريمة 133جم',1,'صغري','كبري',24,'18.5','25','440','600',2,'yes','yes',10),('8996001301715','كوفي جوي',1,'صغري','كبري',18,'5.56','7','100','125',1,'yes','yes',10),('8996001600221','ايس كوفي كبكيكو كافي لاتيه',66,'صغري','كبري',10,'10','15','0','0',1,'yes','yes',10),('8996001600306','ايس كوفي موكاريتا',66,'صغري','كبري',10,'10','15','0','0',1,'yes','yes',10),('8997212600017','اندومي كوري خضار ولحمة',93,'صغري','كبري',10,'39','55','390','550',1,'yes','yes',10),('8997212600031','اندومي كوري بيف',93,'صغري','كبري',10,'39','55','390','550',1,'yes','yes',10),('8997212600048','اندومي كوري خضار وبيض',93,'صغري','كبري',10,'39','55','390','550',1,'yes','yes',10),('9001372251329','بور هورس',63,'صغري','كبري',10,'18','22','0','0',5,'yes','yes',10),('90027277','ايس كوفي كابتشينو',66,'صغري','كبري',10,'12','20','120','200',1,'yes','yes',10),('90027819','ايس كوفي فانيليا',66,'صغري','كبري',10,'15','20','0','0',1,'yes','yes',10),('90162602','ريد بول',60,'صغري','كبري',24,'20.2','25','485','600',5,'yes','yes',10),('90169274','رواخ',65,'صغري','كبري',10,'15','20','0','0',5,'yes','yes',10),('9131676886','اسبريسو اوريجو دبل',95,'صغري','كبري',100,'10','17','270','300',20,'yes','yes',10),('9556474125981','جنتر مشروب شوفان بالعسل',60,'صغري','كبري',10,'30','40','300','400',1,'yes','yes',10),('9556474126025','جنتر مشروب شوفان بالفرولة تشيز كيك',60,'صغري','كبري',10,'30','40','300','400',1,'yes','yes',10),('9556995203687','علبة ويفر شوكلت وايت كاستل',98,'صغري','كبري',10,'22','35','220','350',1,'yes','yes',10),('9556995203700','علبة ويفر فانيليا وايت كاستل',98,'صغري','كبري',10,'22','35','220','350',1,'yes','yes',10),('9556995203724','علبة ويفر كوكيز وكريمة وايت كاستل',98,'صغري','كبري',10,'22','35','220','350',1,'yes','yes',10),('9614000813808','بيض بنت هيمتو',30,'صغري','كبري',6,'15.84','20','95','120',5,'yes','yes',10),('9943343184','شوجتن 100جم',47,'صغري','كبري',15,'15.5','25','235','375',1,'yes','yes',10);
/*!40000 ALTER TABLE `item` ENABLE KEYS */;
UNLOCK TABLES;

--
-- Table structure for table `machine`
--

DROP TABLE IF EXISTS `machine`;
/*!40101 SET @saved_cs_client     = @@character_set_client */;
/*!50503 SET character_set_client = utf8mb4 */;
CREATE TABLE `machine` (
  `id` int NOT NULL AUTO_INCREMENT,
  `name` varchar(50) NOT NULL,
  `balance` decimal(10,2) NOT NULL,
  PRIMARY KEY (`id`)
) ENGINE=InnoDB AUTO_INCREMENT=6 DEFAULT CHARSET=utf8mb4 COLLATE=utf8mb4_0900_ai_ci;
/*!40101 SET character_set_client = @saved_cs_client */;

--
-- Dumping data for table `machine`
--

LOCK TABLES `machine` WRITE;
/*!40000 ALTER TABLE `machine` DISABLE KEYS */;
INSERT INTO `machine` VALUES (4,'البيت',5468.00),(5,'jessy',6824.00);
/*!40000 ALTER TABLE `machine` ENABLE KEYS */;
UNLOCK TABLES;

--
-- Table structure for table `machine_archive`
--

DROP TABLE IF EXISTS `machine_archive`;
/*!40101 SET @saved_cs_client     = @@character_set_client */;
/*!50503 SET character_set_client = utf8mb4 */;
CREATE TABLE `machine_archive` (
  `id` int NOT NULL AUTO_INCREMENT,
  `type` varchar(50) NOT NULL,
  `price` decimal(10,2) DEFAULT NULL,
  `_date` datetime NOT NULL,
  `account` int NOT NULL,
  `details` text NOT NULL,
  PRIMARY KEY (`id`),
  KEY `account` (`account`),
  CONSTRAINT `machine_archive_ibfk_1` FOREIGN KEY (`account`) REFERENCES `machine` (`id`) ON DELETE CASCADE ON UPDATE CASCADE
) ENGINE=InnoDB AUTO_INCREMENT=86 DEFAULT CHARSET=utf8mb4 COLLATE=utf8mb4_0900_ai_ci;
/*!40101 SET character_set_client = @saved_cs_client */;

--
-- Dumping data for table `machine_archive`
--

LOCK TABLES `machine_archive` WRITE;
/*!40000 ALTER TABLE `machine_archive` DISABLE KEYS */;
INSERT INTO `machine_archive` VALUES (3,'سحب',2000.00,'2021-01-11 21:16:08',4,'اضافة مصروف صيانة\n'),(5,'تحويل',1000.00,'2021-01-12 20:28:21',4,''),(10,'ايداع',1000.00,'2021-01-12 20:41:56',5,''),(12,'سحب',1000.00,'2021-01-12 20:41:56',4,''),(13,'تحويل',2000.00,'2021-01-12 20:41:56',5,''),(14,'ايداع',15000.00,'2021-01-12 21:52:16',4,''),(15,'سحب',420.00,'2021-01-12 22:15:57',5,'اضافة فاتورة شراء بتاريخ 2021-01-12\nكود :3'),(16,'تحويل',420.00,'2021-01-12 22:17:04',4,'تعديل حساب فاتورة شراء بتاريخ 2021-01-12\nكود :3 من jessy الى البيت'),(17,'استقبال',420.00,'2021-01-12 22:17:04',5,'تعديل حساب فاتورة شراء بتاريخ 2021-01-12\nكود :3 من jessy الى البيت'),(18,'ايداع',420.00,'2021-01-12 22:17:04',4,'تعديل فاتورة شراء بتاريخ 2021-01-12\nكود :3\nفرق حساب 0'),(19,'ايداع',0.00,'2021-01-12 22:34:05',4,'تعديل فاتورة شراء بتاريخ 2021-01-12\nكود :3\nفرق حساب -420'),(20,'ايداع',0.00,'2021-01-12 22:38:05',4,'حذف فاتورة شراء بتاريخ 2021-01-12\nكود :3'),(21,'تحويل',420.00,'2021-01-12 22:48:42',4,'تعديل حساب فاتورة شراء بتاريخ 2021-01-12\nكود :1 من الدرج الى البيت'),(22,'ايداع',420.00,'2021-01-12 22:48:42',4,'تعديل فاتورة شراء بتاريخ 2021-01-12\nكود :1\nفرق حساب 0'),(23,'ايداع',0.00,'2021-01-12 22:53:24',4,'تعديل فاتورة شراء بتاريخ 2021-01-12\nكود :1\nفرق حساب -420'),(24,'ايداع',0.00,'2021-01-12 22:54:39',4,'حذف فاتورة شراء بتاريخ 2021-01-12\nكود :1'),(25,'سحب',0.00,'2021-01-12 23:22:18',5,'اضافة فاتورة شراء بتاريخ 2021-01-12\nكود :1'),(26,'ايداع',0.00,'2021-01-12 23:23:46',5,'حذف فاتورة شراء بتاريخ 2021-01-12\nكود :1'),(27,'سحب',0.00,'2021-01-12 23:25:21',5,'اضافة فاتورة شراء بتاريخ 2021-01-12\nكود :1'),(28,'ايداع',0.00,'2021-01-12 23:39:35',5,'تعديل فاتورة شراء بتاريخ 2021-01-12\nكود :1\nفرق حساب 0'),(29,'ايداع',0.00,'2021-01-12 23:41:46',5,'تعديل فاتورة شراء بتاريخ 2021-01-12\nكود :1\nفرق حساب 0'),(30,'سحب',600.00,'2021-01-12 23:42:24',5,'تعديل فاتورة شراء بتاريخ 2021-01-12\nكود :1\nفرق حساب 600'),(31,'ايداع',0.00,'2021-01-12 23:43:25',5,'تعديل فاتورة شراء بتاريخ 2021-01-12\nكود :1\nفرق حساب 0'),(32,'سحب',600.00,'2021-01-12 23:46:51',5,'تعديل فاتورة شراء بتاريخ 2021-01-12\nكود :1\nفرق حساب 600'),(33,'ايداع',600.00,'2021-01-12 23:50:25',5,'تعديل فاتورة شراء بتاريخ 2021-01-12\nكود :1\nفرق حساب -600'),(34,'سحب',600.00,'2021-01-12 23:51:38',5,'تعديل فاتورة شراء بتاريخ 2021-01-12\nكود :1\nفرق حساب 600'),(35,'ايداع',600.00,'2021-01-12 23:52:11',5,'تعديل فاتورة شراء بتاريخ 2021-01-12\nكود :1\nفرق حساب -600'),(36,'سحب',570.00,'2021-01-12 23:53:34',5,'تعديل فاتورة شراء بتاريخ 2021-01-12\nكود :1\nفرق حساب 570'),(37,'ايداع',570.00,'2021-01-12 23:53:55',5,'تعديل فاتورة شراء بتاريخ 2021-01-12\nكود :1\nفرق حساب -570'),(38,'ايداع',0.00,'2021-01-12 23:54:34',5,'تعديل فاتورة شراء بتاريخ 2021-01-12\nكود :1\nفرق حساب 0'),(39,'سحب',620.00,'2021-01-12 23:54:56',5,'تعديل فاتورة شراء بتاريخ 2021-01-12\nكود :1\nفرق حساب 620'),(40,'ايداع',620.00,'2021-01-12 23:55:24',5,'تعديل فاتورة شراء بتاريخ 2021-01-12\nكود :1\nفرق حساب -620'),(41,'سحب',620.00,'2021-01-12 23:55:40',5,'تعديل فاتورة شراء بتاريخ 2021-01-12\nكود :1\nفرق حساب 620'),(42,'تحويل',0.00,'2021-01-12 23:56:22',4,'تعديل حساب فاتورة شراء بتاريخ 2021-01-12\nكود :1 من jessy الى البيت'),(43,'استقبال',0.00,'2021-01-12 23:56:22',5,'تعديل حساب فاتورة شراء بتاريخ 2021-01-12\nكود :1 من jessy الى البيت'),(44,'ايداع',620.00,'2021-01-12 23:56:22',4,'تعديل فاتورة شراء بتاريخ 2021-01-12\nكود :1\nفرق حساب -620'),(45,'سحب',620.00,'2021-01-12 23:57:12',4,'تعديل فاتورة شراء بتاريخ 2021-01-12\nكود :1\nفرق حساب 620'),(46,'تحويل',620.00,'2021-01-12 23:59:48',5,'تعديل حساب فاتورة شراء بتاريخ 2021-01-12\nكود :1 من البيت الى jessy'),(47,'استقبال',620.00,'2021-01-12 23:59:48',4,'تعديل حساب فاتورة شراء بتاريخ 2021-01-12\nكود :1 من البيت الى jessy'),(48,'ايداع',0.00,'2021-01-12 23:59:48',5,'تعديل فاتورة شراء بتاريخ 2021-01-12\nكود :1\nفرق حساب 0'),(49,'تحويل',620.00,'2021-01-13 00:01:09',4,'تعديل حساب فاتورة شراء بتاريخ 2021-01-13\nكود :1 من jessy الى البيت'),(50,'استقبال',620.00,'2021-01-13 00:01:09',5,'تعديل حساب فاتورة شراء بتاريخ 2021-01-13\nكود :1 من jessy الى البيت'),(51,'ايداع',50.00,'2021-01-13 00:01:09',4,'تعديل فاتورة شراء بتاريخ 2021-01-13\nكود :1\nفرق حساب -50'),(52,'استقبال',570.00,'2021-01-13 00:03:57',4,'تعديل حساب فاتورة شراء بتاريخ 2021-01-13\nكود :1 من البيت الى الدرج'),(53,'تحويل',1918.62,'2021-01-16 15:00:27',4,'تعديل حساب فاتورة شراء بتاريخ 2021-01-16\nكود :1 من الدرج الى البيت'),(54,'ايداع',0.00,'2021-01-16 15:00:27',4,'تعديل فاتورة شراء بتاريخ 2021-01-16\nكود :1\nفرق حساب 0'),(55,'سحب',0.00,'2021-01-16 16:43:22',5,'اضافة فاتورة شراء بتاريخ 2021-01-16\nكود :2'),(56,'سحب',521.00,'2021-01-16 16:44:29',5,'تعديل فاتورة شراء بتاريخ 2021-01-16\nكود :2\nفرق حساب 521'),(57,'ايداع',0.02,'2021-01-18 13:26:44',4,'تعديل فاتورة شراء بتاريخ 2021-01-18\nكود :1\nفرق حساب -0.0199999999999818'),(58,'ايداع',50.00,'2021-01-18 13:27:43',4,'تعديل فاتورة شراء بتاريخ 2021-01-18\nكود :1\nفرق حساب -50'),(59,'سحب',150.00,'2021-01-18 13:28:29',4,'تعديل فاتورة شراء بتاريخ 2021-01-18\nكود :1\nفرق حساب 150'),(60,'ايداع',0.00,'2021-01-18 13:33:00',4,'تعديل فاتورة شراء بتاريخ 2021-01-18\nكود :1\nفرق حساب 0'),(61,'ايداع',0.00,'2021-01-18 13:34:23',4,'تعديل فاتورة شراء بتاريخ 2021-01-18\nكود :1\nفرق حساب 0'),(62,'ايداع',0.00,'2021-01-18 13:46:24',4,'تعديل فاتورة شراء بتاريخ 2021-01-18\nكود :1\nفرق حساب 0'),(63,'سحب',44.30,'2021-01-18 13:46:41',4,'تعديل فاتورة شراء بتاريخ 2021-01-18\nكود :1\nفرق حساب 44.3000000000002'),(64,'ايداع',0.00,'2021-01-18 13:55:06',4,'تعديل فاتورة شراء بتاريخ 2021-01-18\nكود :1\nفرق حساب 0'),(65,'ايداع',0.00,'2021-01-18 13:57:41',4,'تعديل فاتورة شراء بتاريخ 2021-01-18\nكود :1\nفرق حساب 0'),(66,'ايداع',0.00,'2021-01-18 14:04:51',4,'تعديل فاتورة شراء بتاريخ 2021-01-18\nكود :1\nفرق حساب 0'),(67,'سحب',521.00,'2021-01-18 14:38:23',5,'تعديل فاتورة شراء بتاريخ 2021-01-18\nكود :2\nفرق حساب 521'),(68,'ايداع',521.00,'2021-01-18 14:39:38',5,'تعديل فاتورة شراء بتاريخ 2021-01-18\nكود :2\nفرق حساب -521'),(69,'تحويل',1760.00,'2021-01-18 17:07:09',4,'تعديل حساب فاتورة شراء بتاريخ 2021-01-18\nكود :1 من الدرج الى البيت'),(70,'ايداع',0.00,'2021-01-18 17:07:09',4,'تعديل فاتورة شراء بتاريخ 2021-01-18\nكود :1\nفرق حساب 0'),(71,'تحويل',1760.00,'2021-01-18 17:08:46',5,'تعديل حساب فاتورة شراء بتاريخ 2021-01-18\nكود :1 من البيت الى jessy'),(72,'استقبال',1760.00,'2021-01-18 17:08:46',4,'تعديل حساب فاتورة شراء بتاريخ 2021-01-18\nكود :1 من البيت الى jessy'),(73,'ايداع',0.00,'2021-01-18 17:08:46',5,'تعديل فاتورة شراء بتاريخ 2021-01-18\nكود :1\nفرق حساب 0'),(74,'سحب',7860.00,'2021-02-13 21:08:21',4,'اضافة فاتورة شراء بتاريخ 2021-02-13\nكود :1'),(75,'ايداع',0.00,'2021-02-13 21:10:21',4,'تعديل فاتورة شراء بتاريخ 2021-02-13\nكود :1\nفرق حساب 0'),(76,'ايداع',7860.00,'2021-02-13 21:10:29',4,'تعديل فاتورة شراء بتاريخ 2021-02-13\nكود :1\nفرق حساب -7860'),(77,'سحب',2000.00,'2021-02-13 21:12:59',4,'تسديد ااقساط فاتورة بتاريخ 2021-02-13\nكود :1\nالمبلغ 2000'),(78,'سحب',2000.00,'2021-02-15 15:01:28',5,'اضافة فاتورة شراء بتاريخ 2021-02-15\nكود :1'),(79,'تحويل',2000.00,'2021-02-15 15:02:04',4,'تعديل حساب فاتورة شراء بتاريخ 2021-02-15\nكود :1 من jessy الى البيت'),(80,'استقبال',2000.00,'2021-02-15 15:02:04',5,'تعديل حساب فاتورة شراء بتاريخ 2021-02-15\nكود :1 من jessy الى البيت'),(81,'سحب',3232.00,'2021-02-15 15:02:04',4,'تعديل فاتورة شراء بتاريخ 2021-02-15\nكود :1\nفرق حساب 3232'),(82,'سحب',5860.00,'2021-04-18 20:22:19',4,'تعديل فاتورة شراء بتاريخ 2021-04-18\nكود :1\nفرق حساب 5860'),(83,'سحب',145.00,'2023-06-24 18:56:25',5,'اضافة فاتورة شراء بتاريخ 6/24/2023\nكود :1'),(84,'سحب',15.00,'2023-06-24 19:16:13',5,'اضافة فاتورة شراء بتاريخ 6/24/2023\nكود :2'),(85,'سحب',135.00,'2023-06-24 19:17:09',5,'تعديل فاتورة شراء بتاريخ 6/24/2023\nكود :2\nفرق حساب 135');
/*!40000 ALTER TABLE `machine_archive` ENABLE KEYS */;
UNLOCK TABLES;

--
-- Table structure for table `menu`
--

DROP TABLE IF EXISTS `menu`;
/*!40101 SET @saved_cs_client     = @@character_set_client */;
/*!50503 SET character_set_client = utf8mb4 */;
CREATE TABLE `menu` (
  `id` int NOT NULL AUTO_INCREMENT,
  `name` varchar(100) NOT NULL,
  PRIMARY KEY (`id`)
) ENGINE=InnoDB AUTO_INCREMENT=110 DEFAULT CHARSET=utf8mb4 COLLATE=utf8mb4_0900_ai_ci;
/*!40101 SET character_set_client = @saved_cs_client */;

--
-- Dumping data for table `menu`
--

LOCK TABLES `menu` WRITE;
/*!40000 ALTER TABLE `menu` DISABLE KEYS */;
INSERT INTO `menu` VALUES (1,'بسكويت'),(2,'اسبريسو'),(3,'قهوه تركي اسطنبول'),(4,'بن العميد'),(5,'ابو عوف'),(6,'شاي'),(7,'تمور'),(8,'ايبون'),(9,'علبة توفي فروتي'),(10,'كيك'),(11,'لوكر'),(12,'كتكات'),(13,'كتكات'),(14,'جلاكسي'),(15,'جيلي كولا'),(16,'نوتيلا'),(17,'زبدة لوتس'),(18,'كوكي نوتيلا'),(19,'بسكوت كلاسيك'),(20,'لايز'),(21,'كوكيز'),(22,'فريرو روشية'),(23,'رافيلو'),(24,'شيكولاتة ايلت'),(25,'شيكولاتة دبلو'),(26,'شيكولاتة بريك'),(27,'نمبر1'),(28,'شيكولاتة نمبر وان'),(29,'كيندر بيض ولد'),(30,'تيكا'),(31,'اولكر'),(32,'اوزمو'),(33,'لمبادا'),(34,'فيري'),(35,'مصاصات'),(36,'مارشميللو'),(37,'شيكوبون'),(38,'مينتوس'),(39,'العاب'),(40,'بون بوني'),(41,'لبان'),(42,'بسكوت قهوة'),(43,'ولاعة كليبر كبيرة'),(44,'ولاعات'),(45,'شيكولاتة ديري ميلك'),(46,'شيكولاتة ميلكا'),(47,'شيكولاتة شوجتن'),(48,'شيكولاتة ايون'),(49,'لتر اسبورت'),(50,'شيكولاتة ريتر سبورت'),(51,'شيكولاتة ايون بريك'),(52,'شيكولاتة كيندر'),(53,'رونيسكا'),(54,'شيكولاتة لينتد'),(55,'بسكوت ايون'),(56,'برينجلز'),(57,'حبوب اسبريسو بالشيكولاتة'),(58,'مكسرات'),(59,'سحلب علبه اسطنبول'),(60,'ريد بول'),(62,'كود ريد'),(63,'بور هورس'),(64,'كود ريد'),(65,'منتجات فريز'),(66,'ايس كوفي'),(67,'هولستن'),(68,'مشروب جوز هند'),(69,'بافاريا'),(70,'موسي'),(71,'فولت'),(72,'المراعي'),(73,'سان توب'),(74,'فرووبا'),(75,'جهينة بيور'),(76,'بيبسي'),(77,'بيتي'),(78,'بيست'),(79,'راني'),(80,'بيريل'),(81,'فيروز'),(82,'كوكاكولا'),(83,'دومتي'),(84,'مولتو'),(85,'شيبسيات'),(86,'مياة بركة كبير'),(87,'مياة اكوا فينا'),(88,'مناديل'),(89,'مشروبات البار'),(90,'نيستلا'),(91,'شوكلت'),(92,'تيكا'),(93,'اندومي كوري'),(94,'مياه اكوا دلتا'),(95,'1 مشروبات'),(96,'استار بكس'),(97,'لوتس'),(98,'ويفر وايت كاسل'),(99,'ام اند ام'),(100,'مياه بركة صغير'),(101,'بيض كبير كتكات وريتر سبورت'),(102,'كمامات'),(103,'صوص'),(104,'روشين كوكيز'),(105,'ارينا'),(106,'مياة بي وتر'),(107,'مخبوزات وتارتات'),(108,'أدوية'),(109,'أتيشسيرت');
/*!40000 ALTER TABLE `menu` ENABLE KEYS */;
UNLOCK TABLES;

--
-- Table structure for table `notes`
--

DROP TABLE IF EXISTS `notes`;
/*!40101 SET @saved_cs_client     = @@character_set_client */;
/*!50503 SET character_set_client = utf8mb4 */;
CREATE TABLE `notes` (
  `id` int NOT NULL AUTO_INCREMENT,
  `title` varchar(50) NOT NULL,
  `description` longtext,
  `alarm_date` date DEFAULT NULL,
  PRIMARY KEY (`id`)
) ENGINE=InnoDB DEFAULT CHARSET=utf8mb4 COLLATE=utf8mb4_0900_ai_ci;
/*!40101 SET character_set_client = @saved_cs_client */;

--
-- Dumping data for table `notes`
--

LOCK TABLES `notes` WRITE;
/*!40000 ALTER TABLE `notes` DISABLE KEYS */;
/*!40000 ALTER TABLE `notes` ENABLE KEYS */;
UNLOCK TABLES;

--
-- Table structure for table `out_goings`
--

DROP TABLE IF EXISTS `out_goings`;
/*!40101 SET @saved_cs_client     = @@character_set_client */;
/*!50503 SET character_set_client = utf8mb4 */;
CREATE TABLE `out_goings` (
  `id` int NOT NULL AUTO_INCREMENT,
  `type` varchar(20) NOT NULL,
  `price` decimal(10,2) NOT NULL,
  `_date` date NOT NULL,
  `descripion` longtext,
  `account` varchar(50) NOT NULL,
  PRIMARY KEY (`id`)
) ENGINE=InnoDB AUTO_INCREMENT=10 DEFAULT CHARSET=utf8mb4 COLLATE=utf8mb4_0900_ai_ci;
/*!40101 SET character_set_client = @saved_cs_client */;

--
-- Dumping data for table `out_goings`
--

LOCK TABLES `out_goings` WRITE;
/*!40000 ALTER TABLE `out_goings` DISABLE KEYS */;
INSERT INTO `out_goings` VALUES (6,'صيانة',2000.00,'2021-01-11','','البيت'),(7,'دفع راتب',300.00,'2021-01-16','شادي سالم : ','الدرج'),(8,'دفع راتب',424.00,'2021-02-01','شادي : ','الدرج'),(9,'دفع راتب',424.00,'2021-02-01','شادي : ','الدرج');
/*!40000 ALTER TABLE `out_goings` ENABLE KEYS */;
UNLOCK TABLES;

--
-- Table structure for table `person`
--

DROP TABLE IF EXISTS `person`;
/*!40101 SET @saved_cs_client     = @@character_set_client */;
/*!50503 SET character_set_client = utf8mb4 */;
CREATE TABLE `person` (
  `id` int NOT NULL,
  `name` varchar(100) NOT NULL,
  `phone` varchar(20) DEFAULT NULL,
  `phone2` varchar(20) DEFAULT NULL,
  `type` varchar(20) DEFAULT NULL,
  `debt` decimal(10,2) DEFAULT '0.00',
  PRIMARY KEY (`id`)
) ENGINE=InnoDB DEFAULT CHARSET=utf8mb4 COLLATE=utf8mb4_0900_ai_ci;
/*!40101 SET character_set_client = @saved_cs_client */;

--
-- Dumping data for table `person`
--

LOCK TABLES `person` WRITE;
/*!40000 ALTER TABLE `person` DISABLE KEYS */;
INSERT INTO `person` VALUES (0,'gust',NULL,NULL,'عميل',0.00),(1,'ahmed',NULL,NULL,'موظف',0.00),(14185,'مصطفى','45645210123','','مورد',0.00),(18611,'محمود','01236548','','مورد',0.00),(19692,'عوض بيبسي','','','مورد',0.00),(19719,'الاديال','','','عميل',0.00),(21362,'عم طارق غنيم','','','عميل',0.00),(24436,'خالد فون','','','عميل',0.00),(25489,'جهينة','','','مورد',0.00),(28327,'شيكو','','','عميل',0.00),(36839,'الكوتش','','','عميل',0.00),(37842,'مصطفى شعبان','','','عميل',0.00),(43895,'ابو السعود','','','عميل',0.00),(45346,'زوزا','01002533313','','عميل',0.00),(45832,'ابو اسكندر','01121170702','','عميل',0.00),(47235,'الخال','01063461777','','عميل',0.00),(48349,'ابو اياد','','','عميل',0.00),(49492,'تامر','043245338','','مورد',0.00),(51784,'الملاح','','','مورد',0.00),(52239,'ابراهيم الصيرفي','','','عميل',0.00),(52241,'اسلام مولتو','','','مورد',0.00),(52246,'محمد زعيتر','','','عميل',0.00),(54957,'شادي','','','موظف',0.00),(55156,'أحمد عثمان','01123694046','','عميل',0.00),(56791,'شادى سالم','','','عميل',0.00),(59461,'احمد ابو هرجه','','','عميل',0.00),(59891,'عبد الجليل الواحة','','','عميل',0.00),(64717,'المستر','','','عميل',0.00),(66768,'هادي','01277743877','','عميل',0.00),(67779,'النجار','','','عميل',0.00),(69527,'ابو ملك الفخراني','','','عميل',0.00),(69748,'اسامة الحلو','','','عميل',0.00),(79811,'ايمن','0245304563','','مورد',0.00),(84554,'عبدالرحمن ارينا','','','مورد',0.00),(86777,'جمال زعيتر','','','عميل',0.00),(88485,'القائد','','','عميل',0.00),(93729,'اسامة الاشرم','','','عميل',0.00),(96628,'احمد بيبيتو وبريك','','','مورد',0.00),(96828,'سعيد','0123125635','','مورد',0.00);
/*!40000 ALTER TABLE `person` ENABLE KEYS */;
UNLOCK TABLES;

--
-- Table structure for table `shop`
--

DROP TABLE IF EXISTS `shop`;
/*!40101 SET @saved_cs_client     = @@character_set_client */;
/*!50503 SET character_set_client = utf8mb4 */;
CREATE TABLE `shop` (
  `id` int NOT NULL AUTO_INCREMENT,
  `item` int NOT NULL,
  `qunatity` decimal(10,2) NOT NULL,
  `unit` varchar(50) NOT NULL,
  PRIMARY KEY (`id`),
  KEY `item` (`item`),
  CONSTRAINT `shop_ibfk_1` FOREIGN KEY (`item`) REFERENCES `store_info` (`id`) ON DELETE CASCADE ON UPDATE CASCADE
) ENGINE=InnoDB AUTO_INCREMENT=1041 DEFAULT CHARSET=utf8mb4 COLLATE=utf8mb4_0900_ai_ci;
/*!40101 SET character_set_client = @saved_cs_client */;

--
-- Dumping data for table `shop`
--

LOCK TABLES `shop` WRITE;
/*!40000 ALTER TABLE `shop` DISABLE KEYS */;
INSERT INTO `shop` VALUES (1,3,2.00,'صغري'),(2,4,3.00,'صغري'),(3,5,11.00,'صغري'),(4,6,8.00,'صغري'),(5,7,0.00,'صغري'),(6,8,2.00,'صغري'),(7,9,8.00,'صغري'),(8,10,5.00,'صغري'),(9,11,2.00,'صغري'),(10,12,4.00,'صغري'),(11,13,4.00,'صغري'),(12,14,3.00,'صغري'),(13,15,1.00,'صغري'),(14,16,2.00,'صغري'),(15,17,2.00,'صغري'),(16,18,0.00,'صغري'),(17,19,4.00,'صغري'),(18,20,0.00,'صغري'),(19,21,3.00,'صغري'),(20,22,2.00,'صغري'),(21,23,2.00,'صغري'),(22,24,37.00,'صغري'),(23,25,24.00,'صغري'),(24,26,68.00,'صغري'),(25,27,14.00,'صغري'),(26,28,1.00,'صغري'),(27,29,3.00,'صغري'),(28,30,1.00,'صغري'),(29,31,9.00,'صغري'),(30,32,0.00,'صغري'),(31,33,1.00,'صغري'),(32,34,0.00,'صغري'),(33,35,1.00,'صغري'),(34,36,5.00,'صغري'),(35,37,8.00,'صغري'),(36,38,1.00,'صغري'),(37,39,2.00,'صغري'),(38,40,1.00,'صغري'),(39,41,2.00,'صغري'),(40,42,1.00,'صغري'),(41,43,3.00,'صغري'),(42,44,0.00,'صغري'),(43,45,0.00,'صغري'),(44,46,1.00,'صغري'),(45,47,2.00,'صغري'),(46,48,2.00,'صغري'),(47,49,1.00,'صغري'),(48,50,2.00,'صغري'),(49,51,1.00,'صغري'),(51,53,5.00,'صغري'),(52,54,5.00,'صغري'),(53,55,4.00,'صغري'),(54,56,17.00,'صغري'),(56,58,0.00,'صغري'),(57,59,0.00,'صغري'),(58,60,1.00,'صغري'),(59,61,1.00,'صغري'),(60,62,0.00,'صغري'),(61,63,1.00,'صغري'),(62,64,3.00,'صغري'),(63,65,3.00,'صغري'),(64,66,2.00,'صغري'),(65,67,0.00,'صغري'),(66,68,3.00,'صغري'),(67,69,1.00,'صغري'),(68,70,19.00,'صغري'),(69,71,21.00,'صغري'),(70,72,12.00,'صغري'),(72,74,6.00,'صغري'),(73,75,4.00,'صغري'),(74,76,4.00,'صغري'),(75,77,0.00,'صغري'),(76,78,1.00,'صغري'),(77,79,1.00,'صغري'),(78,80,0.00,'صغري'),(79,81,2.00,'صغري'),(80,82,2.00,'صغري'),(81,83,37.00,'صغري'),(82,84,3.00,'صغري'),(83,85,0.00,'صغري'),(84,86,4.00,'صغري'),(85,87,25.00,'صغري'),(86,88,4.00,'صغري'),(87,89,21.00,'صغري'),(88,90,9.00,'صغري'),(89,91,7.00,'صغري'),(90,92,1.00,'صغري'),(91,93,2.00,'صغري'),(92,94,0.00,'صغري'),(93,95,1.00,'صغري'),(95,97,4.00,'صغري'),(96,98,7.00,'صغري'),(97,99,24.00,'صغري'),(98,100,46.00,'صغري'),(99,101,53.00,'صغري'),(100,102,11.00,'صغري'),(101,103,22.00,'صغري'),(102,104,23.00,'صغري'),(103,105,5.00,'صغري'),(104,106,57.00,'صغري'),(105,107,0.00,'صغري'),(106,108,47.00,'صغري'),(107,109,35.00,'صغري'),(108,110,50.00,'صغري'),(109,111,1.00,'صغري'),(110,112,0.00,'صغري'),(111,113,2.00,'صغري'),(112,114,0.00,'صغري'),(113,115,3.00,'صغري'),(114,116,7.00,'صغري'),(115,117,6.00,'صغري'),(116,118,25.00,'صغري'),(117,119,15.00,'صغري'),(118,120,21.00,'صغري'),(119,121,46.00,'صغري'),(120,122,48.00,'صغري'),(121,123,6.00,'صغري'),(122,124,5.00,'صغري'),(123,125,9.00,'صغري'),(124,126,46.00,'صغري'),(125,127,13.00,'صغري'),(126,128,3.00,'صغري'),(127,129,7.00,'صغري'),(128,130,20.00,'صغري'),(129,131,9.00,'صغري'),(130,132,26.00,'صغري'),(131,133,2.00,'صغري'),(132,135,0.00,'صغري'),(133,136,0.00,'صغري'),(134,137,18.00,'صغري'),(135,138,19.00,'صغري'),(136,139,7.00,'صغري'),(137,140,16.00,'صغري'),(138,141,19.00,'صغري'),(139,142,2.00,'صغري'),(140,143,4.00,'صغري'),(141,144,1.00,'صغري'),(142,145,1.00,'صغري'),(143,146,0.00,'صغري'),(144,147,2.00,'صغري'),(145,148,5.00,'صغري'),(146,149,6.00,'صغري'),(147,150,10.00,'صغري'),(148,151,4.00,'صغري'),(149,152,1.00,'صغري'),(150,153,4.00,'صغري'),(151,154,25.00,'صغري'),(153,157,0.00,'صغري'),(154,158,60.00,'صغري'),(155,159,3.00,'صغري'),(156,160,0.00,'صغري'),(157,161,0.00,'صغري'),(158,162,6.00,'صغري'),(159,163,36.00,'صغري'),(162,166,1.00,'صغري'),(163,167,12.00,'صغري'),(164,168,0.00,'صغري'),(165,169,6.00,'صغري'),(166,170,28.00,'صغري'),(167,171,17.00,'صغري'),(168,172,23.00,'صغري'),(169,173,0.00,'صغري'),(170,174,0.00,'صغري'),(171,175,23.00,'صغري'),(172,176,26.00,'صغري'),(173,177,18.00,'صغري'),(174,178,11.00,'صغري'),(175,179,4.00,'صغري'),(176,180,33.00,'صغري'),(177,181,33.00,'صغري'),(178,182,0.00,'كبري'),(179,183,16.00,'صغري'),(180,184,0.00,'صغري'),(181,185,4.00,'صغري'),(182,186,3.00,'صغري'),(183,187,6.00,'صغري'),(184,188,66.00,'صغري'),(185,189,2.00,'صغري'),(186,190,3.00,'صغري'),(187,191,0.00,'صغري'),(188,192,3.00,'صغري'),(189,193,1.00,'صغري'),(190,194,4.00,'صغري'),(191,195,12.00,'صغري'),(192,196,0.00,'صغري'),(193,197,3.00,'صغري'),(194,198,5.00,'صغري'),(195,199,4.00,'صغري'),(196,200,7.00,'صغري'),(197,201,36.00,'صغري'),(198,202,11.00,'صغري'),(199,203,21.00,'صغري'),(200,204,9.00,'صغري'),(201,205,4.00,'صغري'),(203,207,0.00,'صغري'),(204,208,14.00,'صغري'),(205,209,111.00,'صغري'),(207,211,58.00,'صغري'),(208,212,160.00,'صغري'),(209,215,49.00,'صغري'),(210,216,34.00,'صغري'),(211,217,8.00,'صغري'),(212,220,1.00,'صغري'),(213,221,5.00,'صغري'),(215,223,0.00,'صغري'),(216,224,0.00,'صغري'),(217,225,0.00,'صغري'),(218,226,1.00,'صغري'),(219,227,1.00,'صغري'),(220,228,29.00,'صغري'),(229,237,0.00,'صغري'),(230,238,0.00,'صغري'),(231,239,0.00,'صغري'),(232,240,0.00,'صغري'),(233,241,0.00,'صغري'),(234,242,1.00,'صغري'),(235,243,1.00,'صغري'),(236,244,0.00,'صغري'),(240,248,0.00,'صغري'),(243,251,1.00,'صغري'),(244,252,0.00,'صغري'),(245,253,3.00,'صغري'),(246,254,1.00,'صغري'),(247,255,0.00,'صغري'),(249,257,36.00,'صغري'),(250,258,35.00,'صغري'),(251,259,36.00,'صغري'),(252,260,2.00,'صغري'),(253,261,24.00,'صغري'),(254,262,55.00,'صغري'),(255,263,0.00,'صغري'),(256,264,0.00,'صغري'),(257,265,18.00,'صغري'),(258,266,4.00,'صغري'),(259,267,0.00,'صغري'),(260,268,0.00,'صغري'),(261,269,0.00,'صغري'),(262,270,0.00,'صغري'),(263,271,0.00,'صغري'),(264,272,5.00,'صغري'),(265,273,7.00,'صغري'),(266,274,0.00,'صغري'),(267,275,1.00,'صغري'),(268,276,1.00,'صغري'),(269,277,3.00,'صغري'),(270,278,34.00,'صغري'),(271,279,40.00,'صغري'),(272,280,49.00,'صغري'),(273,281,33.00,'صغري'),(274,282,11.00,'صغري'),(275,283,15.00,'صغري'),(276,284,27.00,'صغري'),(277,285,23.00,'صغري'),(278,286,9.00,'صغري'),(279,287,17.00,'صغري'),(280,288,11.00,'صغري'),(281,289,19.00,'صغري'),(282,290,20.00,'صغري'),(283,291,14.00,'صغري'),(284,292,2.00,'صغري'),(285,293,1.00,'صغري'),(286,294,0.00,'صغري'),(287,295,1.00,'صغري'),(288,296,71.00,'صغري'),(289,297,0.00,'صغري'),(291,299,0.00,'صغري'),(292,300,5.00,'صغري'),(296,304,5.00,'صغري'),(297,305,89.00,'صغري'),(298,308,14.00,'صغري'),(299,309,6.00,'صغري'),(300,310,1.00,'صغري'),(301,311,2.00,'صغري'),(302,312,2.00,'صغري'),(303,313,4.00,'صغري'),(304,314,4.00,'صغري'),(305,315,5.00,'صغري'),(306,316,6.00,'صغري'),(307,317,7.00,'صغري'),(308,318,1.00,'صغري'),(309,319,3.00,'صغري'),(310,320,1.00,'صغري'),(311,321,1.00,'صغري'),(312,322,13.00,'صغري'),(313,323,1.00,'صغري'),(314,324,12.00,'صغري'),(315,325,2.00,'صغري'),(316,326,3.00,'صغري'),(317,327,9.00,'صغري'),(318,328,15.00,'صغري'),(319,329,17.00,'صغري'),(320,330,12.00,'صغري'),(321,331,8.00,'صغري'),(322,332,7.00,'صغري'),(323,333,8.00,'صغري'),(324,334,19.00,'صغري'),(325,335,9.00,'صغري'),(326,336,10.00,'صغري'),(327,337,2.00,'صغري'),(328,338,22.00,'صغري'),(329,339,13.00,'صغري'),(331,341,13.00,'صغري'),(332,342,0.00,'صغري'),(333,343,202.00,'صغري'),(334,344,45.00,'صغري'),(335,345,82.00,'صغري'),(336,348,93.00,'صغري'),(337,349,0.00,'صغري'),(338,350,6.00,'صغري'),(339,351,5.00,'صغري'),(340,352,4.00,'صغري'),(341,353,29.00,'صغري'),(342,354,19.00,'صغري'),(343,355,19.00,'صغري'),(344,356,28.00,'صغري'),(345,357,19.00,'صغري'),(346,358,22.00,'صغري'),(347,361,12.00,'صغري'),(348,362,25.00,'صغري'),(349,363,66.00,'صغري'),(350,364,45.00,'صغري'),(351,365,35.00,'صغري'),(352,366,84.00,'صغري'),(353,367,42.00,'صغري'),(354,368,41.00,'صغري'),(355,369,51.00,'صغري'),(356,370,35.00,'صغري'),(357,371,43.00,'صغري'),(358,372,12.00,'صغري'),(359,373,52.00,'صغري'),(360,374,31.00,'صغري'),(361,375,25.00,'صغري'),(362,376,34.00,'صغري'),(363,377,39.00,'صغري'),(364,378,56.00,'صغري'),(365,379,29.00,'صغري'),(366,380,48.00,'صغري'),(367,381,45.00,'صغري'),(368,382,71.00,'صغري'),(369,383,15.00,'صغري'),(370,384,17.00,'صغري'),(371,385,25.00,'صغري'),(372,386,48.00,'صغري'),(373,387,34.00,'صغري'),(374,388,30.00,'صغري'),(384,398,0.00,'صغري'),(385,399,3.00,'صغري'),(388,402,0.00,'صغري'),(398,412,212.00,'صغري'),(413,427,30.00,'صغري'),(414,428,0.00,'صغري'),(415,429,34.00,'صغري'),(417,431,62.00,'صغري'),(419,433,0.00,'صغري'),(513,435,16.00,'صغري'),(515,437,2.00,'صغري'),(516,438,12.00,'صغري'),(518,440,4.00,'صغري'),(519,441,4.00,'صغري'),(520,442,0.00,'كبري'),(521,443,10.00,'صغري'),(522,444,13.00,'صغري'),(523,445,3.00,'صغري'),(524,446,63.00,'صغري'),(525,447,22.00,'صغري'),(526,448,0.00,'صغري'),(527,449,4.00,'صغري'),(529,451,0.00,'صغري'),(530,452,0.00,'صغري'),(534,456,1.00,'صغري'),(540,462,17.00,'صغري'),(541,463,48.00,'صغري'),(542,464,24.00,'صغري'),(543,465,24.00,'صغري'),(544,466,1.00,'صغري'),(545,467,0.00,'صغري'),(546,468,1.00,'صغري'),(547,469,0.00,'صغري'),(548,470,13.00,'صغري'),(551,473,15.00,'صغري'),(552,474,6.00,'صغري'),(553,475,7.00,'صغري'),(554,476,6.00,'صغري'),(555,477,0.00,'صغري'),(556,478,4.00,'صغري'),(557,479,9.00,'صغري'),(558,480,8.00,'صغري'),(563,485,0.00,'صغري'),(564,490,13.00,'صغري'),(565,495,50.00,'صغري'),(566,499,16.00,'صغري'),(568,501,42.00,'صغري'),(569,502,11.00,'صغري'),(570,503,15.00,'صغري'),(571,505,30.00,'صغري'),(572,506,0.00,'صغري'),(573,507,0.00,'صغري'),(574,508,0.00,'صغري'),(576,510,34.00,'صغري'),(577,511,8.00,'صغري'),(578,512,27.00,'صغري'),(579,513,0.00,'صغري'),(580,514,99.00,'صغري'),(581,515,83.00,'صغري'),(583,517,870.00,'صغري'),(584,518,100.00,'صغري'),(585,519,994.00,'صغري'),(586,520,860.00,'صغري'),(587,521,98.00,'صغري'),(588,522,100.00,'صغري'),(589,523,100.00,'صغري'),(590,524,100.00,'صغري'),(591,525,99.00,'صغري'),(592,526,100.00,'صغري'),(593,527,100.00,'صغري'),(594,528,79.00,'صغري'),(595,529,90.00,'صغري'),(596,530,996.00,'صغري'),(597,531,999.00,'صغري'),(598,532,993.00,'صغري'),(599,533,99.00,'صغري'),(600,534,988.00,'صغري'),(602,536,999.00,'صغري'),(603,537,0.00,'صغري'),(604,538,0.00,'صغري'),(605,539,1.00,'صغري'),(606,540,8.00,'صغري'),(607,541,0.00,'صغري'),(611,545,4.00,'صغري'),(612,546,1.00,'صغري'),(613,547,0.00,'صغري'),(614,548,0.00,'صغري'),(615,549,3.00,'صغري'),(616,550,5.00,'صغري'),(617,551,6.00,'صغري'),(618,552,4.00,'صغري'),(619,553,2.00,'صغري'),(620,554,0.00,'صغري'),(621,555,2.00,'صغري'),(622,556,4.00,'صغري'),(623,557,1.00,'صغري'),(624,558,0.00,'صغري'),(625,559,7.00,'صغري'),(626,560,2.00,'صغري'),(627,561,0.00,'صغري'),(628,562,2.00,'صغري'),(629,563,0.00,'صغري'),(630,564,2.00,'صغري'),(631,565,17.00,'صغري'),(632,566,0.00,'صغري'),(633,567,2.00,'صغري'),(634,568,3.00,'صغري'),(635,569,0.00,'صغري'),(636,570,3.00,'صغري'),(637,571,0.00,'صغري'),(638,572,2.00,'صغري'),(639,573,2.00,'صغري'),(640,574,19.00,'صغري'),(641,575,17.00,'صغري'),(643,577,3.00,'صغري'),(644,578,1.00,'صغري'),(650,584,0.00,'صغري'),(651,585,2.00,'صغري'),(652,586,2.00,'صغري'),(653,587,1.00,'صغري'),(654,588,3.00,'صغري'),(657,591,0.00,'صغري'),(658,592,1.00,'صغري'),(659,593,2.00,'صغري'),(660,594,0.00,'صغري'),(661,595,2.00,'صغري'),(662,596,2.00,'صغري'),(663,597,2.00,'صغري'),(664,598,8.00,'صغري'),(665,599,0.00,'صغري'),(666,600,113.00,'صغري'),(668,610,113.00,'صغري'),(669,611,7.00,'صغري'),(670,612,4.00,'صغري'),(671,613,11.00,'صغري'),(672,614,0.00,'صغري'),(673,615,2.00,'صغري'),(674,616,2.00,'صغري'),(675,617,4.00,'صغري'),(676,618,4.00,'صغري'),(677,619,60.00,'صغري'),(679,620,0.00,'صغري'),(680,621,2.00,'صغري'),(681,622,1.00,'صغري'),(682,623,0.00,'صغري'),(683,624,0.00,'صغري'),(684,625,0.00,'صغري'),(685,626,2.00,'صغري'),(686,627,0.00,'صغري'),(687,628,2.00,'صغري'),(688,629,2.00,'صغري'),(689,630,0.00,'صغري'),(690,631,0.00,'صغري'),(691,632,0.00,'صغري'),(692,633,0.00,'صغري'),(693,634,0.00,'صغري'),(694,635,2.00,'صغري'),(695,636,0.00,'صغري'),(696,637,0.00,'صغري'),(697,638,2.00,'صغري'),(699,640,4.00,'صغري'),(700,641,2.00,'صغري'),(701,642,3.00,'صغري'),(702,643,3.00,'صغري'),(703,644,0.00,'صغري'),(706,647,20.00,'صغري'),(707,648,11.00,'صغري'),(708,649,19.00,'صغري'),(711,652,5.00,'صغري'),(712,653,25.00,'صغري'),(713,654,8.00,'صغري'),(714,655,19.00,'صغري'),(715,656,0.00,'صغري'),(716,657,20.00,'صغري'),(717,658,67.00,'صغري'),(718,659,0.00,'صغري'),(719,660,6.00,'صغري'),(723,664,445.00,'صغري'),(724,665,9.00,'صغري'),(727,668,7.00,'صغري'),(728,670,991.00,'صغري'),(729,671,999.00,'صغري'),(738,675,0.00,'صغري'),(740,679,16.00,'صغري'),(742,681,10.00,'صغري'),(743,682,5.00,'صغري'),(744,683,8.00,'صغري'),(745,684,5.00,'صغري'),(746,685,1.00,'صغري'),(750,687,17.00,'صغري'),(751,688,1.00,'صغري'),(752,689,5.00,'صغري'),(753,690,18.00,'صغري'),(754,691,92.00,'صغري'),(757,694,1.00,'صغري'),(758,695,0.00,'صغري'),(759,696,2.00,'صغري'),(760,697,2.00,'صغري'),(761,698,2.00,'صغري'),(762,699,998.00,'صغري'),(764,700,15.00,'صغري'),(770,701,0.00,'صغري'),(771,702,2.00,'صغري'),(772,703,50.00,'صغري'),(774,705,5.00,'صغري'),(775,706,52.00,'صغري'),(776,707,4.00,'صغري'),(777,708,0.00,'صغري'),(779,710,8.00,'صغري'),(780,711,3.00,'صغري'),(781,712,2.00,'صغري'),(782,713,17.00,'صغري'),(783,714,14.00,'صغري'),(784,715,2.00,'صغري'),(785,716,24.00,'صغري'),(786,717,18.00,'صغري'),(787,718,2.00,'صغري'),(788,719,2.00,'صغري'),(789,720,3.00,'صغري'),(790,721,6.00,'صغري'),(791,722,21.00,'صغري'),(792,723,3.00,'صغري'),(793,724,3.00,'صغري'),(794,725,22.00,'صغري'),(795,726,17.00,'صغري'),(796,727,1.00,'صغري'),(797,728,22.00,'صغري'),(798,729,23.00,'صغري'),(799,730,12.00,'صغري'),(800,731,24.00,'صغري'),(801,732,14.00,'صغري'),(802,733,61.00,'صغري'),(803,734,10.00,'صغري'),(804,735,0.00,'صغري'),(805,736,122.00,'صغري'),(806,737,10.00,'صغري'),(807,738,24.00,'صغري'),(808,739,11.00,'صغري'),(809,740,4.00,'صغري'),(810,741,18.00,'صغري'),(811,742,24.00,'صغري'),(812,743,1.00,'صغري'),(813,744,25.00,'صغري'),(814,745,24.00,'صغري'),(815,746,25.00,'صغري'),(816,747,25.00,'صغري'),(817,748,27.00,'صغري'),(834,765,1.00,''),(835,766,1.00,'كبري'),(836,767,23.00,'صغري'),(837,768,1.00,'كبري'),(838,769,1.00,'كبري'),(839,770,1.00,'كبري'),(848,779,13.00,'كبري'),(849,780,10.00,'صغري'),(850,781,-2.00,'صغري'),(851,782,24.00,'صغري'),(852,783,28.00,'صغري'),(853,784,2.00,'كبري'),(854,785,1.00,'كبري'),(855,786,1.00,'كبري'),(856,781,22.00,'كبري'),(857,787,3.00,'صغري'),(859,789,59.00,'صغري'),(860,791,32.00,'صغري'),(861,792,38.00,'صغري'),(862,793,7.00,'صغري'),(864,795,32.00,'صغري'),(865,796,7.00,'صغري'),(866,797,4.00,'صغري'),(867,798,5.00,'صغري'),(868,799,0.00,'صغري'),(869,800,2.00,'صغري'),(870,801,1.00,'صغري'),(871,802,5.00,'صغري'),(872,803,3.00,'صغري'),(873,804,24.00,'صغري'),(879,810,2.00,'صغري'),(880,600,0.00,'كبري'),(958,890,1.00,'كبري'),(970,902,3.00,'كبري'),(971,903,2.00,'كبري'),(972,904,2.00,'كبري'),(973,905,2.00,'كبري'),(977,909,1.00,'كبري'),(978,910,1.00,'كبري'),(979,911,9.00,'كبري'),(1003,934,3.00,'كبري'),(1004,935,10.00,'كبري'),(1005,936,10.00,'صغري'),(1006,937,1.00,'صغري'),(1007,938,4.00,'كبري'),(1009,941,9.00,'علبة'),(1010,941,1.00,'شريط'),(1011,942,3.00,'علبة'),(1012,943,20.00,'صغري'),(1021,911,11.00,'صغري'),(1022,945,4.00,'عبوة'),(1023,945,15.50,'سم'),(1025,951,2.00,'صغري'),(1026,952,8.00,'كبري'),(1027,953,14.00,'كبري'),(1028,954,3.00,'كبري'),(1030,956,10.00,'صغري'),(1031,957,1.00,'كبري'),(1032,958,1.00,'كبري'),(1033,959,9.00,'كبري'),(1034,959,10.00,'صغري'),(1035,960,3.00,'صغري'),(1036,961,9.00,'صغري'),(1037,962,1.00,'كبري'),(1038,963,1.00,'كبري'),(1040,965,9.00,'صغري');
/*!40000 ALTER TABLE `shop` ENABLE KEYS */;
UNLOCK TABLES;

--
-- Table structure for table `store`
--

DROP TABLE IF EXISTS `store`;
/*!40101 SET @saved_cs_client     = @@character_set_client */;
/*!50503 SET character_set_client = utf8mb4 */;
CREATE TABLE `store` (
  `id` int NOT NULL AUTO_INCREMENT,
  `name` varchar(50) NOT NULL,
  `address` varchar(50) DEFAULT NULL,
  `employee` int NOT NULL,
  `phone` varchar(20) DEFAULT NULL,
  PRIMARY KEY (`id`),
  KEY `employee` (`employee`),
  CONSTRAINT `store_ibfk_1` FOREIGN KEY (`employee`) REFERENCES `users` (`id`)
) ENGINE=InnoDB AUTO_INCREMENT=3 DEFAULT CHARSET=utf8mb4 COLLATE=utf8mb4_0900_ai_ci;
/*!40101 SET character_set_client = @saved_cs_client */;

--
-- Dumping data for table `store`
--

LOCK TABLES `store` WRITE;
/*!40000 ALTER TABLE `store` DISABLE KEYS */;
INSERT INTO `store` VALUES (0,'المحل','',1,''),(2,'مخزن الناموس','الناموس',1,'');
/*!40000 ALTER TABLE `store` ENABLE KEYS */;
UNLOCK TABLES;

--
-- Table structure for table `store_info`
--

DROP TABLE IF EXISTS `store_info`;
/*!40101 SET @saved_cs_client     = @@character_set_client */;
/*!50503 SET character_set_client = utf8mb4 */;
CREATE TABLE `store_info` (
  `id` int NOT NULL AUTO_INCREMENT,
  `item` varchar(50) NOT NULL,
  `store` int NOT NULL,
  `bill` int DEFAULT NULL,
  `unit` varchar(50) NOT NULL,
  `price` decimal(10,0) NOT NULL,
  `quantity` decimal(10,2) NOT NULL,
  `exp_date` varchar(20) DEFAULT NULL,
  `small_unit_buy_price` decimal(10,2) DEFAULT NULL,
  `small_unit_sell_price` decimal(10,2) DEFAULT NULL,
  `big_unit_buy_price` decimal(10,2) DEFAULT NULL,
  `big_unit_sell_price` decimal(10,2) DEFAULT NULL,
  `small_profit` decimal(10,0) NOT NULL,
  `big_profit` decimal(10,0) NOT NULL,
  PRIMARY KEY (`id`),
  KEY `bill` (`bill`),
  KEY `store` (`store`),
  KEY `store_info_ibfk_3` (`item`),
  CONSTRAINT `store_info_ibfk_3` FOREIGN KEY (`item`) REFERENCES `item` (`code`) ON DELETE CASCADE ON UPDATE CASCADE,
  CONSTRAINT `store_info_ibfk_4` FOREIGN KEY (`bill`) REFERENCES `bill` (`id`) ON DELETE CASCADE ON UPDATE CASCADE,
  CONSTRAINT `store_info_ibfk_5` FOREIGN KEY (`store`) REFERENCES `store` (`id`) ON DELETE CASCADE ON UPDATE CASCADE
) ENGINE=InnoDB AUTO_INCREMENT=966 DEFAULT CHARSET=utf8mb4 COLLATE=utf8mb4_0900_ai_ci;
/*!40101 SET character_set_client = @saved_cs_client */;

--
-- Dumping data for table `store_info`
--

LOCK TABLES `store_info` WRITE;
/*!40000 ALTER TABLE `store_info` DISABLE KEYS */;
INSERT INTO `store_info` VALUES (3,'5410126256017',0,1,'صغري',48,0.00,'5/3/2021',42.00,48.00,420.00,480.00,2,0),(4,'5410126716016',0,1,'صغري',50,0.00,'2021-10-04',48.00,50.00,480.00,500.00,2,0),(5,'5410126006049',0,1,'صغري',25,0.00,'6/14/2021',20.00,25.00,420.00,500.00,2,0),(6,'4260237350200',0,1,'صغري',300,0.00,'2022-07-17',270.00,300.00,2700.00,2900.00,50,0),(7,'8004089351024',0,1,'صغري',220,0.00,'2022-02-01',180.00,220.00,1080.00,1200.00,40,0),(8,'8000070024908',0,1,'صغري',320,0.00,'9/30/2021',270.00,320.00,1620.00,1800.00,60,0),(9,'110197919802',0,1,'صغري',40,0.00,'11/30/2021',33.00,40.00,330.00,350.00,7,0),(10,'1101979198039',0,1,'صغري',45,0.00,'11/30/2021',40.00,45.00,400.00,450.00,5,0),(11,'1101979198107',0,1,'صغري',50,0.00,'11/30/2021',43.00,50.00,430.00,500.00,7,0),(12,'1101979198060',0,1,'صغري',50,0.00,'11/30/2021',43.00,50.00,430.00,480.00,7,0),(13,'1101979198046',0,1,'صغري',50,0.00,'11/30/2021',43.00,50.00,430.00,500.00,7,0),(14,'10197919801',0,1,'صغري',55,0.00,'11/30/2021',43.00,55.00,430.00,550.00,12,0),(15,'123456789',0,1,'صغري',40,0.00,'11/30/2021',33.00,40.00,330.00,400.00,7,0),(16,'713179705576',0,1,'صغري',140,0.00,'10/5/2021',120.00,140.00,1200.00,1350.00,15,0),(17,'713179705538',0,1,'صغري',135,0.00,'10/5/2021',120.00,135.00,1200.00,1300.00,15,0),(18,'6253505461300',0,1,'صغري',35,0.00,'5/5/2023',30.00,35.00,0.00,0.00,5,0),(19,'6223004761751',0,1,'صغري',40,0.00,'6/5/2022',35.00,40.00,350.00,400.00,5,0),(20,'6224000682699',0,1,'صغري',30,0.00,'8/30/2021',25.00,30.00,0.00,0.00,5,0),(21,'6224000682705',0,1,'صغري',35,0.00,'8/30/2021',30.00,35.00,0.00,0.00,5,0),(22,'6224008861867',0,1,'صغري',30,0.00,'8/30/2021',25.00,30.00,0.00,0.00,5,0),(23,'6224008861843',0,1,'صغري',35,0.00,'8/30/2021',30.00,35.00,0.00,0.00,5,0),(24,'8693029610231',0,1,'صغري',1,0.00,'2021-08-30',0.25,0.50,85.00,90.00,5,0),(25,'8690997080592',0,1,'صغري',3,0.00,'1/30/2021',0.85,3.00,20.00,70.00,2,0),(26,'8692806022809',0,1,'صغري',5,0.00,'1/22/2022',2.42,5.00,58.00,120.00,2,0),(27,'80930303',0,1,'صغري',8,0.00,'12/30/2021',6.00,8.00,150.00,180.00,2,0),(28,'6294003573942',0,1,'صغري',90,0.00,'4/30/2021',75.00,90.00,0.00,0.00,15,0),(29,'6294003592578',0,1,'صغري',55,0.00,'2/28/2021',50.00,55.00,0.00,0.00,5,0),(30,'6294003595753',0,1,'صغري',55,0.00,'5/3/2021',40.00,55.00,400.00,550.00,10,0),(31,'6294001820338',0,1,'صغري',45,0.00,'2021-12-31',40.00,45.00,400.00,450.00,5,0),(32,'4011100023925',0,1,'صغري',45,0.00,'3/14/2021',40.00,45.00,400.00,450.00,5,0),(33,'4823077624223',0,1,'صغري',50,0.00,'8/18/2022',45.00,50.00,0.00,0.00,5,0),(34,'6294001814153',0,1,'صغري',90,0.00,'1/23/2021',80.00,90.00,0.00,0.00,10,0),(35,'8000500299500',0,1,'صغري',180,0.00,'5/1/2021',150.00,180.00,0.00,0.00,30,0),(36,'009800800056',0,1,'صغري',20,0.00,'5/10/2021',15.00,20.00,0.00,0.00,5,0),(37,'80177173',0,1,'صغري',55,0.00,'2021-09-28',47.00,55.00,470.00,550.00,8,0),(38,'80135463',0,1,'صغري',40,0.00,'9/5/2021',33.00,40.00,330.00,400.00,7,0),(39,'5410126116953',0,1,'صغري',95,0.00,'7/23/2021',85.00,95.00,850.00,920.00,10,0),(40,'5410126026924',0,1,'صغري',80,0.00,'7/23/2021',70.00,80.00,700.00,780.00,10,0),(41,'6223003333478',0,1,'صغري',40,0.00,'8/4/2021',30.00,40.00,0.00,0.00,10,0),(42,'6223003333461',0,1,'صغري',40,0.00,'6/27/2021',30.00,40.00,0.00,0.00,10,0),(43,'6223003333782',0,1,'صغري',40,0.00,'6/26/2021',30.00,40.00,0.00,0.00,10,0),(44,'6223000841594',0,1,'صغري',20,0.00,'2/5/2021',15.00,20.00,0.00,0.00,5,0),(45,'6223000841570',0,1,'صغري',20,0.00,'2/5/2021',15.00,20.00,0.00,0.00,5,0),(46,'028400055116',0,1,'صغري',45,0.00,'5/16/2021',40.00,45.00,0.00,0.00,5,0),(47,'028400055154',0,1,'صغري',45,0.00,'5/16/2021',40.00,45.00,0.00,0.00,5,0),(48,'028400055109',0,1,'صغري',45,0.00,'5/16/2021',40.00,45.00,0.00,0.00,5,0),(49,'028400055093',0,1,'صغري',45,0.00,'5/16/2021',40.00,45.00,0.00,0.00,5,0),(50,'5060402904752',0,1,'صغري',70,0.00,'2/20/2021',50.00,70.00,500.00,700.00,20,0),(51,'5060402904738',0,1,'صغري',70,0.00,'1/23/2021',50.00,70.00,500.00,700.00,20,0),(53,'8000500009673',0,1,'صغري',160,0.00,'2021-05-05',140.00,160.00,500.00,600.00,25,0),(54,'8000500037874',0,1,'صغري',90,0.00,'5/5/2021',80.00,90.00,0.00,0.00,10,0),(55,'8000500178669',0,1,'صغري',160,0.00,'2021-06-27',125.00,160.00,580.00,650.00,25,0),(56,'80050278',0,1,'صغري',20,0.00,'2021-06-08',14.70,20.00,235.00,300.00,8,0),(57,'80052487',0,1,'صغري',18,0.00,'6/6/2021',14.00,18.00,220.00,320.00,8,0),(58,'8000380142828',0,1,'صغري',50,0.00,'6/6/2021',38.00,50.00,380.00,500.00,10,0),(59,'8000380009145',0,1,'صغري',50,0.00,'1/30/2022',38.00,50.00,380.00,500.00,10,0),(60,'8710502260025',0,1,'صغري',35,0.00,'8/25/2021',30.00,35.00,0.00,0.00,5,0),(61,'046214230208',0,1,'صغري',35,0.00,'8/25/2021',30.00,35.00,0.00,0.00,5,0),(62,'8710502470011',0,1,'صغري',35,0.00,'8/25/2021',30.00,35.00,0.00,0.00,5,0),(63,'046214220209',0,1,'صغري',35,0.00,'8/25/2021',30.00,35.00,0.00,0.00,5,0),(64,'8000380005949',0,1,'صغري',40,0.00,'2022-01-29',28.00,40.00,280.00,400.00,7,0),(65,'8000380140541',0,1,'صغري',40,0.00,'1/29/2022',28.00,40.00,280.00,400.00,7,0),(66,'8000380140565',0,1,'صغري',40,0.00,'1/29/2022',28.00,40.00,280.00,400.00,7,0),(67,'8000380005918',0,1,'صغري',40,0.00,'1/29/2022',28.00,40.00,280.00,400.00,7,0),(68,'8000380005963',0,1,'صغري',40,0.00,'2022-01-29',28.00,40.00,280.00,400.00,7,0),(69,'8000380003723',0,1,'صغري',50,0.00,'10/30/2021',45.00,50.00,0.00,0.00,5,0),(70,'80965435',0,1,'صغري',8,0.00,'10/30/2021',6.00,8.00,150.00,180.00,2,0),(71,'80930341',0,1,'صغري',8,0.00,'10/30/2021',6.00,8.00,150.00,180.00,2,0),(72,'80936237',0,1,'صغري',8,0.00,'10/30/2021',6.00,8.00,150.00,180.00,2,0),(74,'8000380188918',0,1,'صغري',22,0.00,'2021-10-30',18.00,22.00,0.00,0.00,4,0),(75,'8000380153480',0,1,'صغري',22,0.00,'10/30/2021',18.00,22.00,180.00,220.00,4,0),(76,'8000380153466',0,1,'صغري',20,0.00,'2021-10-30',18.00,20.00,180.00,200.00,4,0),(77,'8000380184644',0,1,'صغري',55,0.00,'10/30/2021',50.00,55.00,0.00,0.00,5,0),(78,'8000380001040',0,1,'صغري',55,0.00,'10/30/2021',50.00,55.00,0.00,0.00,5,0),(79,'8000380001149',0,1,'صغري',55,0.00,'10/30/2021',50.00,55.00,0.00,0.00,5,0),(80,'4017100350535',0,1,'صغري',25,0.00,'10/30/2021',14.00,25.00,0.00,0.00,11,0),(81,'8691657958657',0,1,'صغري',20,0.00,'4/20/2022',15.00,20.00,0.00,0.00,5,0),(82,'80052357',0,1,'صغري',12,0.00,'5/20/2021',10.00,12.00,210.00,300.00,5,0),(83,'8691720020250',0,1,'صغري',5,0.00,'5/20/2021',2.42,5.00,58.00,120.00,2,0),(84,'8692806080298',0,1,'صغري',5,0.00,'2021-12-31',3.00,5.00,60.00,120.00,2,0),(85,'6291003081903',0,1,'صغري',5,0.00,'2021-05-20',4.25,5.00,51.00,60.00,1,0),(86,'8690146134558',0,1,'صغري',25,0.00,'5/20/2021',20.00,25.00,200.00,250.00,5,0),(87,'8690146658313',0,1,'صغري',20,0.00,'5/20/2021',17.00,20.00,170.00,200.00,3,0),(88,'8690146053804',0,1,'صغري',3,0.00,'5/20/2021',2.50,3.00,0.00,0.00,1,0),(89,'776992081333',0,1,'صغري',5,0.00,'5/20/2021',3.00,5.00,0.00,0.00,2,0),(90,'776992066323',0,1,'صغري',5,0.00,'5/20/2021',3.00,5.00,0.00,0.00,2,0),(91,'6291003017865',0,1,'صغري',5,0.00,'5/20/2021',3.00,5.00,0.00,0.00,2,0),(92,'6291003010583',0,1,'صغري',7,0.00,'5/20/2021',5.00,7.00,0.00,0.00,2,0),(93,'6223000493359',0,1,'صغري',5,0.00,'5/20/2021',4.00,5.00,0.00,0.00,1,0),(94,'6291003011849',0,1,'صغري',5,0.00,'5/20/2021',4.50,5.00,0.00,0.00,1,0),(95,'6291003011856',0,1,'صغري',5,0.00,'5/20/2021',4.50,5.00,0.00,0.00,1,0),(96,'8996001301715',0,1,'صغري',7,0.00,'5/20/2021',5.56,7.00,100.00,125.00,2,0),(97,'6223006210035',0,1,'صغري',10,0.00,'5/20/2021',8.00,10.00,0.00,0.00,2,0),(98,'6223006210066',0,1,'صغري',10,0.00,'5/20/2021',8.00,10.00,0.00,0.00,2,0),(99,'6221029910130',0,1,'صغري',3,0.00,'5/20/2021',2.19,3.00,35.00,45.00,1,0),(100,'6223003806590',0,1,'صغري',2,0.00,'5/20/2021',1.67,2.00,20.00,24.00,0,0),(101,'6223003806606',0,1,'صغري',2,0.00,'5/20/2021',1.67,2.00,20.00,24.00,0,0),(102,'8690120118772',0,1,'صغري',3,0.00,'5/20/2021',1.67,3.00,40.00,70.00,1,0),(103,'6223003803216',0,1,'صغري',5,0.00,'5/20/2021',4.17,5.00,50.00,60.00,1,0),(104,'6223003806538',0,1,'صغري',5,0.00,'2021-08-02',4.17,5.00,50.00,60.00,1,0),(105,'6223003806323',0,1,'صغري',2,0.00,'5/20/2021',1.00,2.00,0.00,0.00,1,0),(106,'6223003803834',0,1,'صغري',3,0.00,'2021-05-20',2.50,3.00,30.00,36.00,1,0),(107,'6223003806453',0,1,'صغري',2,0.00,'2021-05-20',1.67,2.00,20.00,24.00,1,0),(108,'6223003803551',0,1,'صغري',2,0.00,'2021-05-20',1.67,2.00,20.00,24.00,1,0),(109,'6223003803827',0,1,'صغري',2,0.00,'5/20/2021',1.67,2.00,20.00,24.00,1,0),(110,'6223003803575',0,1,'صغري',3,0.00,'2021-05-20',2.50,3.00,30.00,36.00,1,0),(111,'6223003806798',0,1,'صغري',5,0.00,'5/20/2021',4.00,5.00,0.00,0.00,1,0),(112,'6223003803940',0,1,'صغري',2,0.00,'5/20/2021',1.00,2.00,0.00,0.00,1,0),(113,'6223003806637',0,1,'صغري',2,0.00,'5/20/2021',1.67,2.00,20.00,24.00,1,0),(114,'6223003800888',0,1,'صغري',2,0.00,'5/20/2021',1.67,2.00,20.00,24.00,1,0),(115,'6291007908466',0,1,'صغري',3,0.00,'5/20/2021',2.00,3.00,0.00,0.00,1,0),(116,'6291007908473',0,1,'صغري',4,0.00,'5/20/2021',3.00,4.00,0.00,0.00,1,0),(117,'6291007908480',0,1,'صغري',4,0.00,'5/20/2021',3.00,4.00,0.00,0.00,1,0),(118,'80974482',0,1,'صغري',15,0.00,'1/4/2021',12.80,15.00,205.00,240.00,3,0),(119,'80768258',0,1,'صغري',15,0.00,'1/4/2021',12.80,15.00,205.00,240.00,3,0),(120,'80824107',0,1,'صغري',10,0.00,'1/4/2021',8.75,10.00,210.00,240.00,1,0),(121,'6223006530287',0,1,'صغري',5,0.00,'1/4/2021',3.50,5.00,75.00,120.00,1,0),(122,'6224007995273',0,1,'صغري',5,0.00,'1/4/2021',3.50,5.00,75.00,120.00,1,0),(123,'6224007995259',0,1,'صغري',20,0.00,'2021-12-31',14.59,20.00,88.00,120.00,5,0),(124,'9614000813808',0,1,'صغري',20,0.00,'2021-12-31',15.84,20.00,95.00,120.00,5,0),(125,'6224009678235',0,1,'صغري',15,0.00,'1/4/2021',12.00,15.00,144.00,180.00,3,0),(126,'8690120060170',0,1,'صغري',6,0.00,'1/4/2021',3.96,6.00,95.00,140.00,1,0),(127,'8690120060408',0,1,'صغري',6,0.00,'1/4/2021',5.00,6.00,95.00,120.00,1,0),(128,'8691707096865',0,1,'صغري',10,0.00,'1/4/2021',8.00,10.00,0.00,0.00,2,0),(129,'8691707096872',0,1,'صغري',10,0.00,'1/4/2021',8.00,10.00,0.00,0.00,2,0),(130,'8690504056201',0,1,'صغري',4,0.00,'1/4/2021',3.00,4.00,0.00,0.00,1,0),(131,'6281100720881',0,1,'صغري',3,0.00,'1/4/2021',1.67,3.00,40.00,70.00,1,0),(132,'8691707090122',0,1,'صغري',10,0.00,'2021-12-31',8.00,10.00,0.00,0.00,2,0),(133,'8699141157104',0,1,'صغري',10,0.00,'1/4/2021',8.00,10.00,0.00,0.00,2,0),(135,'6222009500228',0,1,'صغري',5,0.00,'1/4/2021',4.00,5.00,0.00,0.00,1,0),(136,'6224007235577',0,1,'صغري',5,0.00,'1/4/2021',4.00,5.00,0.00,0.00,1,0),(137,'8690146091196',0,1,'صغري',5,0.00,'2021-12-31',3.96,5.00,95.00,120.00,1,0),(138,'8690146680314',0,1,'صغري',5,0.00,'2021-12-31',3.96,5.00,95.00,120.00,1,0),(139,'8690146680215',0,1,'صغري',5,0.00,'2021-12-31',4.50,5.00,0.00,0.00,1,0),(140,'8690146056935',0,1,'صغري',5,0.00,'2021-12-31',4.50,5.00,0.00,0.00,1,0),(141,'8690146108535',0,1,'صغري',5,0.00,'2021-12-31',4.50,5.00,0.00,0.00,1,0),(142,'6220089708367',0,1,'صغري',5,0.00,'1/29/2021',4.50,5.00,0.00,0.00,1,0),(143,'699300531882',0,1,'صغري',5,0.00,'1/29/2021',4.50,5.00,0.00,0.00,1,0),(144,'6993005318826224000124359',0,1,'صغري',5,0.00,'1/29/2021',4.50,5.00,0.00,0.00,1,0),(145,'6224000124199',0,1,'صغري',2,0.00,'1/29/2021',1.50,2.00,0.00,0.00,1,0),(146,'8691707088006',0,1,'صغري',20,0.00,'1/29/2021',18.00,20.00,0.00,0.00,2,0),(147,'6217000178897',0,1,'صغري',5,0.00,'1/29/2021',4.50,5.00,0.00,0.00,1,0),(148,'6225000042759',0,1,'صغري',5,0.00,'1/29/2021',4.50,5.00,0.00,0.00,1,0),(149,'8661016802587',0,1,'صغري',5,0.00,'1/29/2021',4.50,5.00,0.00,0.00,1,0),(150,'6223003990350',0,1,'صغري',3,0.00,'1/29/2021',2.00,3.00,0.00,0.00,1,0),(151,'8691216095472',0,1,'صغري',7,0.00,'1/29/2021',6.00,7.00,0.00,0.00,1,0),(152,'6223006531611',0,1,'صغري',30,0.00,'1/29/2021',25.00,30.00,250.00,300.00,5,0),(153,'6223006531604',0,1,'صغري',15,0.00,'1/29/2021',10.00,15.00,100.00,150.00,5,0),(154,'8691216020689',0,1,'صغري',25,0.00,'2021-01-29',16.50,25.00,0.00,0.00,9,0),(157,'6224008528890',0,1,'صغري',15,0.00,'1/29/2021',8.00,15.00,0.00,0.00,7,0),(158,'8693323874100',0,1,'صغري',3,0.00,'2021-01-29',1.67,3.00,40.00,70.00,1,0),(159,'4009900460187',0,1,'صغري',12,0.00,'1/29/2021',8.00,12.00,0.00,0.00,4,0),(160,'4011100156364',0,1,'صغري',12,0.00,'1/29/2021',8.00,12.00,0.00,0.00,4,0),(161,'8935001706588',0,1,'صغري',35,0.00,'1/29/2021',25.70,35.00,155.00,210.00,10,0),(162,'8935001706724',0,1,'صغري',35,0.00,'2021-01-29',25.50,35.00,155.00,210.00,10,0),(163,'6624000370839',0,1,'صغري',5,0.00,'1/29/2021',3.00,5.00,150.00,250.00,1,0),(166,'8435124850644',0,1,'صغري',15,0.00,'1/29/2021',10.00,15.00,0.00,0.00,5,0),(167,'6221134009361',0,1,'صغري',5,0.00,'2021-05-08',3.50,5.00,0.00,0.00,2,0),(168,'6294001819226',0,1,'صغري',5,0.00,'1/29/2021',4.46,5.00,107.00,120.00,1,0),(169,'6221134009392',0,1,'صغري',10,0.00,'2021-05-03',8.00,10.00,0.00,0.00,2,0),(170,'5000159459273',0,1,'صغري',5,0.00,'2021-12-30',4.17,5.00,84.00,100.00,1,0),(171,'4607065737849',0,1,'صغري',5,0.00,'1/29/2021',4.50,5.00,0.00,0.00,1,0),(172,'6221134004151',0,1,'صغري',5,0.00,'2021-07-14',4.50,5.00,50.00,60.00,1,0),(173,'6221134000092',0,1,'صغري',2,0.00,'2021-01-29',1.50,2.00,0.00,0.00,1,0),(174,'5000159461122',0,1,'صغري',10,0.00,'1/29/2021',8.90,10.00,212.00,240.00,2,0),(175,'4607065738594',0,1,'صغري',12,0.00,'2021-07-31',8.50,12.00,0.00,0.00,4,0),(176,'5000159459228',0,1,'صغري',10,0.00,'2021-04-19',8.00,10.00,200.00,250.00,2,0),(177,'6221134004922',0,1,'صغري',10,0.00,'2021-05-31',8.90,10.00,107.00,120.00,2,0),(178,'6221134009316',0,1,'صغري',10,0.00,'2021-03-23',8.90,10.00,107.00,120.00,2,0),(179,'6294001827672',0,1,'صغري',12,0.00,'2021-06-24',10.00,12.00,120.00,144.00,2,0),(180,'6294001821731',0,1,'صغري',20,0.00,'1/29/2021',15.00,20.00,150.00,200.00,10,0),(181,'6294001821700',0,1,'صغري',20,0.00,'2021-08-24',15.00,20.00,150.00,200.00,10,0),(182,'40111490',0,1,'صغري',13,0.00,'2021-01-29',10.00,13.00,240.00,310.00,3,0),(183,'40111445',0,1,'صغري',13,0.00,'1/29/2021',10.00,13.00,240.00,312.00,3,0),(184,'5000159020312',0,1,'صغري',13,0.00,'1/29/2021',10.00,13.00,250.00,325.00,3,0),(185,'6291003204999',0,1,'صغري',5,0.00,'1/29/2021',4.25,5.00,51.00,60.00,1,0),(186,'6291003203527',0,1,'صغري',5,0.00,'2021-01-29',3.65,5.00,51.00,65.00,1,0),(187,'6224009065189',0,1,'صغري',5,0.00,'1/29/2021',4.50,5.00,0.00,0.00,1,0),(188,'6291003088193',0,1,'صغري',3,0.00,'1/29/2021',1.90,3.00,44.31,72.00,1,0),(189,'8690120042114',0,1,'صغري',6,0.00,'1/29/2021',5.00,6.00,0.00,0.00,1,0),(190,'6291003087738',0,1,'صغري',6,0.00,'2021-01-29',5.00,6.00,0.00,0.00,1,0),(191,'8690120041841',0,1,'صغري',6,0.00,'1/29/2021',5.00,6.00,0.00,0.00,1,0),(192,'6224008528845',0,1,'صغري',5,0.00,'1/29/2021',3.34,5.00,40.00,60.00,1,0),(193,'776992231080',0,1,'صغري',5,0.00,'1/29/2021',2.50,5.00,0.00,0.00,3,0),(194,'6221134006834',0,1,'صغري',5,0.00,'1/29/2021',4.50,5.00,0.00,0.00,1,0),(195,'80757450',0,1,'صغري',10,0.00,'1/29/2021',8.00,10.00,0.00,0.00,2,0),(196,'8935001723820',0,1,'صغري',5,0.00,'1/29/2021',4.50,5.00,50.00,60.00,1,0),(197,'8935001723707',0,1,'صغري',5,0.00,'1/29/2021',4.50,5.00,0.00,0.00,1,0),(198,'8935001723844',0,1,'صغري',5,0.00,'1/29/2021',4.50,5.00,50.00,60.00,1,0),(199,'8690146128717',0,1,'صغري',5,0.00,'1/29/2021',4.50,5.00,0.00,0.00,1,0),(200,'8690146127093',0,1,'صغري',5,0.00,'1/29/2021',4.50,5.00,0.00,0.00,1,0),(201,'8691216019805',0,1,'صغري',5,0.00,'2022-03-29',4.20,5.00,102.00,120.00,1,0),(202,'8990800015286',0,1,'صغري',5,0.00,'1/29/2021',4.50,5.00,0.00,0.00,1,0),(203,'8990800015224',0,1,'صغري',5,0.00,'1/29/2021',3.96,5.00,95.00,120.00,1,0),(204,'8990800015316',0,1,'صغري',5,0.00,'1/29/2021',4.50,5.00,0.00,0.00,1,0),(205,'8698701004476',0,1,'صغري',5,0.00,'2022-03-29',4.50,5.00,0.00,0.00,1,0),(206,'8698701004476',0,1,'صغري',5,0.00,'1/29/2021',4.50,5.00,0.00,0.00,1,0),(207,'6224000000028',0,1,'صغري',20,0.00,'2021-01-29',14.00,20.00,0.00,0.00,6,0),(208,'8412765508905',0,1,'صغري',15,0.00,'1/29/2021',10.00,15.00,0.00,0.00,5,0),(209,'7896306621291',0,1,'صغري',1,0.00,'1/29/2021',0.74,1.00,30.00,40.00,0,0),(211,'8690997183156',0,1,'صغري',2,0.00,'1/29/2021',0.80,2.00,95.00,120.00,1,0),(212,'8693323736101',0,1,'صغري',1,0.00,'1/29/2021',0.50,1.00,0.00,0.00,1,0),(215,'7622210335647',0,1,'صغري',20,0.00,'1/29/2021',15.00,20.00,150.00,200.00,10,0),(216,'7622210335630',0,1,'صغري',20,0.00,'2021-01-29',15.00,20.00,150.00,200.00,10,0),(217,'7622210384270',0,1,'صغري',50,0.00,'1/29/2021',40.00,50.00,0.00,0.00,10,0),(220,'7622210292902',0,1,'صغري',3,0.00,'2021-01-29',2.00,3.00,0.00,0.00,1,0),(221,'7622210292896',0,1,'صغري',3,0.00,'2021-01-29',2.00,3.00,0.00,0.00,1,0),(222,'7622210628329',0,1,'صغري',5,0.00,'1/29/2021',4.50,5.00,0.00,0.00,1,0),(223,'7622210628329',0,1,'صغري',10,0.00,'1/29/2021',8.00,10.00,0.00,0.00,2,0),(224,'7622210292742',0,1,'صغري',10,0.00,'1/29/2021',8.00,10.00,0.00,0.00,2,0),(225,'7622210292988',0,1,'صغري',10,0.00,'1/29/2021',8.00,10.00,0.00,0.00,2,0),(226,'7622210549440',0,1,'صغري',5,0.00,'1/29/2021',4.50,5.00,0.00,0.00,1,0),(227,'8692806084876',0,1,'صغري',2,0.00,'2021-01-29',2.00,2.00,0.00,0.00,0,0),(228,'76224935',0,1,'صغري',15,0.00,'2021-03-30',11.00,15.00,330.00,450.00,3,0),(237,'4000607852008',0,1,'صغري',25,0.00,'1/29/2021',20.00,25.00,0.00,0.00,5,0),(238,'4000415004408',0,1,'صغري',25,0.00,'1/29/2021',20.00,25.00,0.00,0.00,5,0),(239,'4000415040109',0,1,'صغري',25,0.00,'1/29/2021',20.00,25.00,0.00,0.00,5,0),(240,'4000415708009',0,1,'صغري',25,0.00,'1/29/2021',20.00,25.00,0.00,0.00,5,0),(241,'4000415043209',0,1,'صغري',10,0.00,'1/29/2021',9.00,10.00,0.00,0.00,1,0),(242,'5201127039231',0,1,'صغري',30,0.00,'1/29/2021',25.00,30.00,0.00,0.00,5,0),(243,'5201127030245',0,1,'صغري',30,0.00,'1/29/2021',25.00,30.00,0.00,0.00,5,0),(244,'5201127030221',0,1,'صغري',30,0.00,'1/29/2021',25.00,30.00,0.00,0.00,5,0),(248,'4000417224002',0,1,'صغري',35,0.00,'1/29/2021',25.50,35.00,306.00,350.00,7,0),(251,'5201127010865',0,1,'صغري',25,0.00,'1/29/2021',17.50,25.00,175.00,250.00,10,0),(252,'5201127029867',0,1,'صغري',25,0.00,'1/29/2021',17.50,25.00,175.00,250.00,10,0),(253,'5201127022868',0,1,'صغري',25,0.00,'2021-01-29',17.50,25.00,175.00,250.00,10,0),(254,'80820994',0,1,'صغري',25,0.00,'1/29/2021',20.00,25.00,0.00,0.00,5,0),(255,'80001393',0,1,'صغري',25,0.00,'1/29/2021',20.00,25.00,0.00,0.00,5,0),(256,'80177616',0,1,'صغري',30,0.00,'1/29/2021',25.00,30.00,0.00,0.00,5,0),(257,'40084077',0,1,'صغري',6,0.00,'2021-01-29',4.50,6.00,160.00,215.00,2,0),(258,'80177609',0,1,'صغري',15,0.00,'2021-01-29',9.85,15.00,197.00,300.00,3,0),(259,'80052760',0,1,'صغري',15,0.00,'1/29/2021',10.00,15.00,297.00,450.00,3,0),(260,'8000380156825',0,1,'صغري',20,0.00,'1/29/2021',10.00,20.00,0.00,0.00,10,0),(261,'6294003532956',0,1,'صغري',5,0.00,'1/29/2021',3.46,5.00,145.00,175.00,2,0),(262,'6294003532987',0,1,'صغري',10,0.00,'1/29/2021',6.10,10.00,170.00,250.00,4,0),(263,'6294003592790',0,1,'صغري',10,0.00,'1/29/2021',8.00,10.00,0.00,0.00,2,0),(264,'6224009042227',0,1,'صغري',1,0.00,'1/29/2021',0.75,1.00,0.00,0.00,0,0),(265,'6229141019908',0,1,'صغري',2,0.00,'1/29/2021',0.75,2.00,0.00,0.00,1,0),(266,'3046920029759',0,1,'صغري',60,0.00,'2021-01-29',45.00,60.00,450.00,600.00,15,0),(267,'3046920028363',0,1,'صغري',65,0.00,'1/29/2021',50.00,65.00,0.00,0.00,15,0),(268,'3046920010047',0,1,'صغري',65,0.00,'1/29/2021',50.00,65.00,0.00,0.00,15,0),(269,'3046920028004',0,1,'صغري',65,0.00,'1/29/2021',50.00,65.00,0.00,0.00,15,0),(270,'7610400070577',0,1,'صغري',65,0.00,'1/29/2021',50.00,65.00,0.00,0.00,15,0),(271,'3046920010603',0,1,'صغري',65,0.00,'1/29/2021',50.00,65.00,0.00,0.00,15,0),(272,'5201127081803',0,1,'صغري',12,0.00,'1/29/2021',8.00,12.00,0.00,0.00,4,0),(273,'5012501081148',0,1,'صغري',12,0.00,'1/29/2021',8.00,12.00,0.00,0.00,4,0),(274,'5201127081025',0,1,'صغري',12,0.00,'1/29/2021',8.00,12.00,0.00,0.00,4,0),(275,'5012501081094',0,1,'صغري',12,0.00,'1/29/2021',8.00,12.00,0.00,0.00,4,0),(276,'6291003078613',0,1,'صغري',5,0.00,'1/29/2021',3.00,5.00,0.00,0.00,2,0),(277,'80001331',0,1,'صغري',13,0.00,'2021-01-29',8.42,13.00,195.00,300.00,5,0),(278,'80001287',0,1,'صغري',12,0.00,'1/29/2021',8.00,12.00,0.00,0.00,4,0),(279,'80001461',0,1,'صغري',12,0.00,'1/29/2021',8.00,12.00,0.00,0.00,4,0),(280,'8990800001807',0,1,'صغري',1,0.00,'2021-01-29',0.75,1.00,0.00,0.00,0,0),(281,'5050083943645',0,1,'صغري',30,0.00,'1/29/2021',23.00,30.00,0.00,0.00,7,0),(282,'5053990113118',0,1,'صغري',30,0.00,'2021-01-29',23.00,30.00,0.00,0.00,7,0),(283,'5053990137565',0,1,'صغري',30,0.00,'1/29/2021',23.00,30.00,0.00,0.00,7,0),(284,'5050083943683',0,1,'صغري',30,0.00,'2021-01-29',23.00,30.00,0.00,0.00,7,0),(285,'5050083943652',0,1,'صغري',30,0.00,'1/29/2021',23.00,30.00,0.00,0.00,7,0),(286,'5053990107353',0,1,'صغري',15,0.00,'2021-01-29',11.00,15.00,0.00,0.00,4,0),(287,'5053990107339',0,1,'صغري',15,0.00,'2021-01-29',11.00,15.00,0.00,0.00,4,0),(288,'5053990107308',0,1,'صغري',15,0.00,'1/29/2021',11.00,15.00,0.00,0.00,4,0),(289,'5053990107278',0,1,'صغري',15,0.00,'1/29/2021',11.00,15.00,0.00,0.00,4,0),(290,'5053990107292',0,1,'صغري',15,0.00,'1/29/2021',11.00,15.00,0.00,0.00,4,0),(291,'5053990107384',0,1,'صغري',15,0.00,'1/29/2021',11.00,15.00,0.00,0.00,4,0),(292,'6225000263321',0,1,'صغري',15,0.00,'1/29/2021',10.00,15.00,0.00,0.00,5,0),(293,'6225000263314',0,1,'صغري',15,0.00,'1/29/2021',10.00,15.00,0.00,0.00,5,0),(294,'6224009098033',0,1,'صغري',20,0.00,'1/29/2021',15.00,20.00,0.00,0.00,5,0),(295,'6224009098040',0,1,'صغري',20,0.00,'1/29/2021',15.00,20.00,0.00,0.00,5,0),(296,'8691216094437',0,1,'صغري',3,0.00,'5/30/2021',2.50,3.00,60.00,72.00,1,12),(297,'8000500023976',0,1,'صغري',80,0.00,'6/6/2021',65.00,80.00,650.00,800.00,15,0),(299,'6221007031703',0,1,'صغري',3,0.00,'6/6/2021',2.50,3.00,0.00,0.00,1,0),(300,'776992071334',0,1,'صغري',3,0.00,'6/6/2021',2.08,3.00,0.00,0.00,1,0),(301,'8691720041958',0,1,'صغري',5,0.00,'6/6/2021',2.50,5.00,60.00,120.00,3,0),(304,'6224781985361',0,1,'صغري',30,0.00,'6/6/2021',25.00,30.00,250.00,300.00,5,0),(305,'90162602',0,1,'صغري',25,0.00,'2021-03-14',20.20,25.00,485.00,600.00,5,0),(308,'9001372251329',0,1,'صغري',22,0.00,'3/14/2021',18.00,22.00,0.00,0.00,4,0),(309,'6281058102081',0,1,'صغري',30,0.00,'3/14/2021',25.00,30.00,0.00,0.00,5,0),(310,'762571500012',0,1,'صغري',20,0.00,'3/14/2021',15.00,20.00,0.00,0.00,5,0),(311,'762571500036',0,1,'صغري',20,0.00,'3/14/2021',15.00,20.00,0.00,0.00,5,0),(312,'762571500081',0,1,'صغري',20,0.00,'3/14/2021',15.00,20.00,0.00,0.00,5,0),(313,'762571500197',0,1,'صغري',20,0.00,'3/14/2021',15.00,20.00,0.00,0.00,5,0),(314,'762571500029',0,1,'صغري',20,0.00,'3/14/2021',15.00,20.00,0.00,0.00,5,0),(315,'762571500128',0,1,'صغري',20,0.00,'3/14/2021',15.00,20.00,0.00,0.00,5,0),(316,'762571500098',0,1,'صغري',20,0.00,'3/14/2021',15.00,20.00,0.00,0.00,5,0),(317,'90169274',0,1,'صغري',20,0.00,'3/14/2021',15.00,20.00,0.00,0.00,5,0),(318,'5032085002001',0,1,'صغري',20,0.00,'3/14/2021',15.00,20.00,0.00,0.00,5,0),(319,'8699120446540',0,1,'صغري',30,0.00,'3/14/2021',25.00,30.00,0.00,0.00,5,0),(320,'8699120446519',0,1,'صغري',30,0.00,'3/14/2021',25.00,30.00,0.00,0.00,5,0),(321,'3080216031248',0,1,'صغري',20,0.00,'3/14/2021',15.00,20.00,0.00,0.00,5,0),(322,'90027277',0,1,'صغري',20,0.00,'2021-03-14',12.00,20.00,120.00,200.00,5,0),(323,'90027819',0,1,'صغري',20,0.00,'3/14/2021',15.00,20.00,0.00,0.00,5,0),(324,'8859128600010',0,1,'صغري',30,0.00,'2021-03-14',21.00,30.00,490.00,720.00,7,0),(325,'8851028140047',0,1,'صغري',30,0.00,'3/14/2021',23.00,30.00,0.00,0.00,7,0),(326,'8714800027847',0,1,'صغري',12,0.00,'3/14/2021',8.00,12.00,0.00,0.00,4,0),(327,'8714800018289',0,1,'صغري',12,0.00,'3/14/2021',8.00,12.00,0.00,0.00,4,0),(328,'76162978',0,1,'صغري',20,0.00,'3/14/2021',14.18,20.00,85.00,115.00,5,0),(329,'76162947',0,1,'صغري',20,0.00,'3/14/2021',14.18,20.00,85.00,115.00,5,0),(330,'76162954',0,1,'صغري',20,0.00,'3/14/2021',14.18,20.00,85.00,115.00,5,0),(331,'3080216035079',0,1,'صغري',20,0.00,'2021-03-14',13.34,20.00,80.00,115.00,5,0),(332,'76162817',0,1,'صغري',20,0.00,'3/14/2021',14.18,20.00,85.00,115.00,5,0),(333,'3080216042022',0,1,'صغري',20,0.00,'3/14/2021',14.18,20.00,85.00,115.00,5,0),(334,'76162961',0,1,'صغري',20,0.00,'3/14/2021',14.18,20.00,85.00,115.00,5,0),(335,'76162879',0,1,'صغري',20,0.00,'3/14/2021',14.17,20.00,85.00,115.00,5,0),(336,'8996001600221',0,1,'صغري',15,0.00,'3/14/2021',10.00,15.00,0.00,0.00,5,0),(337,'8996001600306',0,1,'صغري',15,0.00,'3/14/2021',10.00,15.00,0.00,0.00,5,0),(338,'6224008033486',0,1,'صغري',5,0.00,'2021-03-14',4.00,5.00,48.00,60.00,1,0),(339,'6223001878001',0,1,'صغري',17,0.00,'2021-03-14',13.90,17.00,167.50,192.00,3,0),(341,'6223001876830',0,1,'صغري',3,0.00,'3/14/2021',2.70,3.00,0.00,0.00,0,0),(342,'6223001876823',0,1,'صغري',3,0.00,'3/14/2021',2.70,3.00,0.00,0.00,0,0),(343,'6281012033185',0,1,'صغري',5,0.00,'3/14/2021',3.96,5.00,0.00,0.00,1,0),(344,'6281012033277',0,1,'صغري',5,0.00,'3/14/2021',3.96,5.00,0.00,0.00,1,0),(345,'6281012033345',0,1,'صغري',5,0.00,'3/14/2021',3.25,5.00,78.00,110.00,1,0),(348,'6281012033192',0,1,'صغري',5,0.00,'3/14/2021',3.96,5.00,0.00,0.00,1,0),(349,'6224000448042',0,1,'صغري',3,0.00,'2021-03-14',2.00,3.00,0.00,0.00,1,0),(350,'6224000448059',0,1,'صغري',3,0.00,'3/14/2021',2.00,3.00,0.00,0.00,1,0),(351,'6224000448073',0,1,'صغري',3,0.00,'3/14/2021',2.00,3.00,0.00,0.00,1,0),(352,'6224000448066',0,1,'صغري',3,0.00,'3/14/2021',2.00,3.00,0.00,0.00,1,0),(353,'6222014330667',0,1,'صغري',7,0.00,'2021-12-31',6.04,7.00,163.00,185.00,1,0),(354,'6222014330650',0,1,'صغري',7,0.00,'2021-12-31',6.04,7.00,163.00,185.00,1,0),(355,'6222014332807',0,1,'صغري',7,0.00,'2021-12-31',6.04,7.00,163.00,185.00,1,0),(356,'6222014330643',0,1,'صغري',7,0.00,'2021-12-31',6.04,7.00,163.00,185.00,1,0),(357,'6223001360766',0,1,'صغري',10,0.00,'2021-03-14',9.00,10.00,0.00,0.00,1,0),(358,'6223001360810',0,1,'صغري',10,0.00,'3/14/2021',9.00,10.00,0.00,0.00,1,0),(361,'6223001360780',0,1,'صغري',10,0.00,'3/14/2021',9.00,10.00,0.00,0.00,1,0),(362,'6223001875246',0,1,'صغري',5,0.00,'2021-10-21',2.82,5.00,77.00,130.00,2,0),(363,'6223001875208',0,1,'صغري',5,0.00,'2021-10-13',2.83,5.00,76.00,130.00,2,0),(364,'6223001875239',0,1,'صغري',5,0.00,'2021-11-19',2.82,5.00,77.00,130.00,2,0),(365,'6223001875215',0,1,'صغري',5,0.00,'2021-12-07',4.07,5.00,76.00,130.00,2,0),(366,'6223001875253',0,1,'صغري',5,0.00,'2021-12-13',2.83,5.00,77.00,130.00,2,0),(367,'7187918082144',0,1,'صغري',5,0.00,'12/5/2020',3.28,5.00,89.00,100.00,2,0),(368,'7187916283444',0,1,'صغري',3,0.00,'2021-12-30',2.56,3.00,68.00,80.00,0,0),(369,'7187916184543',0,1,'صغري',4,0.00,'2021-12-30',2.56,4.00,68.00,80.00,1,0),(370,'6222014310881',0,1,'صغري',5,0.00,'2021-12-31',4.04,5.00,109.00,135.00,2,0),(371,'6223001876854',0,1,'صغري',5,0.00,'2021-05-15',4.07,5.00,110.00,135.00,2,0),(372,'6223001876861',0,1,'صغري',5,0.00,'2021-06-10',4.07,5.00,110.00,135.00,2,0),(373,'6223001876908',0,1,'صغري',5,0.00,'2021-05-14',4.07,5.00,110.00,130.00,2,0),(374,'6281034900175',0,1,'صغري',6,0.00,'2/28/2021',4.71,6.00,0.00,0.00,1,0),(375,'6281034903572',0,1,'صغري',6,0.00,'2/28/2021',4.71,6.00,0.00,0.00,1,0),(376,'6281034903930',0,1,'صغري',6,0.00,'2/28/2021',4.71,6.00,0.00,0.00,1,0),(377,'6223000083758',0,1,'صغري',8,0.00,'2/28/2021',6.25,8.00,0.00,0.00,2,0),(378,'6223000082201',0,1,'صغري',7,0.00,'2021-02-28',5.34,7.00,128.00,130.00,2,0),(379,'6223001360582',0,1,'صغري',5,0.00,'2/28/2021',4.45,5.00,0.00,0.00,1,0),(380,'6223001361046',0,1,'صغري',6,0.00,'2021-02-28',4.45,6.00,0.00,0.00,2,0),(381,'5449000289216',0,1,'صغري',5,0.00,'2021-12-31',4.30,5.00,105.00,120.00,1,0),(382,'5449000289193',0,1,'صغري',5,0.00,'2021-12-31',4.30,5.00,105.00,120.00,1,0),(383,'5449000289209',0,1,'صغري',5,0.00,'2021-12-31',4.30,5.00,105.00,120.00,1,0),(384,'42104896',0,1,'صغري',5,0.00,'2021-12-31',4.50,5.00,105.00,120.00,1,0),(385,'50112401',0,1,'صغري',5,0.00,'2021-12-31',4.50,5.00,55.00,60.00,1,0),(386,'6223001361749',0,1,'صغري',5,0.00,'2/5/2021',3.59,5.00,88.00,120.00,1,0),(387,'6223001361732',0,1,'صغري',5,0.00,'2/5/2021',3.59,5.00,88.00,120.00,1,0),(388,'6223001361725',0,1,'صغري',5,0.00,'2021-12-30',3.59,5.00,89.00,120.00,1,0),(398,'6223000491294',0,1,'صغري',3,0.00,'2021-04-11',2.50,3.00,60.00,72.00,1,0),(399,'6223000494264',0,1,'صغري',5,0.00,'2021-04-03',4.17,5.00,50.00,60.00,1,0),(402,'6223000411001',0,1,'صغري',5,0.00,'2/28/2021',4.50,5.00,0.00,0.00,1,0),(404,'6221031491887',0,1,'صغري',5,0.00,'2021-02-28',4.50,5.00,45.00,50.00,1,0),(412,'6221031490170',0,1,'صغري',5,0.00,'2021-02-28',4.50,5.00,45.00,50.00,1,0),(427,'6223001930044',0,1,'صغري',5,0.00,'2021-12-30',2.09,5.00,28.00,40.00,3,0),(428,'6223001360049',0,1,'صغري',3,0.00,'2021-02-22',1.25,3.00,0.00,0.00,2,0),(429,'123456',0,1,'صغري',3,0.00,'2021-12-01',1.60,3.00,240.00,300.00,1,0),(430,'123456',0,1,'صغري',3,0.00,'12/1/2021',1.60,3.00,240.00,300.00,1,0),(431,'6223001242505',0,1,'صغري',1,0.00,'12/1/2021',0.55,1.00,0.00,0.00,0,0),(432,'123456',0,1,'صغري',3,0.00,'12/5/2020',1.60,3.00,240.00,300.00,3,0),(433,'6221007001201',0,1,'صغري',22,0.00,'12/23/2020',17.00,22.00,102.50,120.00,5,18),(434,'80052487',0,1,'صغري',18,0.00,'2021-01-20',14.00,18.00,220.00,320.00,11,100),(435,'80052487',0,1,'صغري',18,0.00,'2021-06-06',14.00,18.00,220.00,320.00,11,100),(436,'4260237350200',0,1,'صغري',300,0.00,'2022-07-22',270.00,300.00,2700.00,2900.00,30,200),(437,'6223000495124',0,1,'صغري',5,0.00,'2021-03-11',4.17,5.00,50.00,60.00,1,10),(438,'6771504478780',0,1,'1',60,0.00,'2021-12-10',50.00,60.00,500.00,600.00,10,100),(440,'8000380153442',0,1,'صغري',20,0.00,'2022-01-01',18.00,20.00,180.00,200.00,2,20),(441,'8000380192670',0,1,'صغري',20,0.00,'2022-01-01',18.00,20.00,180.00,200.00,4,40),(442,'5000159376792',0,1,'صغري',12,0.00,'2021-11-01',8.00,12.00,80.00,120.00,4,40),(443,'40144016',0,1,'صغري',10,0.00,'2021-11-13',8.50,10.00,185.00,240.00,2,55),(444,'4014400915945',0,1,'صغري',10,0.00,'2021-11-13',8.50,10.00,185.00,240.00,2,55),(445,'6291003084348',0,1,'صغري',3,0.00,'2022-04-15',2.50,3.00,60.00,72.00,1,12),(446,'8690146123712',0,1,'صغري',2,0.00,'2022-04-15',0.80,2.00,64.00,160.00,1,96),(447,'8690146139881',0,1,'صغري',2,0.00,'2022-04-15',0.80,2.00,64.00,160.00,1,96),(448,'8436014441713',0,1,'صغري',28,0.00,'2022-04-15',20.00,28.00,200.00,280.00,8,80),(449,'8436014441041',0,1,'صغري',28,0.00,'2022-04-15',20.00,28.00,200.00,280.00,8,80),(451,'6223006530188',0,1,'صغري',20,0.00,'2022-06-15',15.84,20.00,95.00,120.00,4,25),(452,'6223006530171',0,1,'صغري',20,0.00,'2022-06-15',15.84,20.00,95.00,120.00,4,25),(456,'8801073211223',0,1,'صغري',45,0.00,'2021-09-01',40.00,45.00,400.00,450.00,5,50),(462,'8691720026900',0,1,'صغري',5,0.00,'2021-02-10',2.50,5.00,60.00,105.00,3,45),(463,'8690997080127',0,1,'صغري',3,0.00,'2021-01-08',0.85,3.00,20.00,70.00,1,28),(464,'8690997080134',0,1,'صغري',3,0.00,'2021-01-08',0.85,3.00,20.00,70.00,1,28),(465,'8690997080110',0,1,'صغري',3,0.00,'2021-01-08',0.85,3.00,20.00,70.00,1,28),(466,'7622210758392',0,1,'صغري',40,0.00,'2021-07-12',35.00,40.00,35.00,40.00,5,5),(467,'7622210758385',0,1,'صغري',40,0.00,'2021-07-12',35.00,40.00,35.00,40.00,5,5),(468,'7622210609915',0,1,'صغري',40,0.00,'2021-07-12',35.00,40.00,35.00,40.00,5,5),(469,'6223003803308',0,1,'صغري',2,0.00,'2021-11-11',1.67,2.00,20.00,24.00,0,4),(470,'8691720041958',0,1,'صغري',5,0.00,'2021-11-11',2.50,5.00,60.00,120.00,3,60),(473,'6223001879909',0,1,'صغري',15,0.00,'2021-05-31',13.50,15.00,162.00,175.00,2,13),(474,'8718800012247',0,1,'صغري',15,0.00,'2022-08-01',11.50,15.00,575.00,700.00,4,125),(475,'8718800002897',0,1,'صغري',15,0.00,'2022-08-01',11.50,15.00,575.00,700.00,4,125),(476,'8718800002248',0,1,'صغري',15,0.00,'2022-08-01',11.50,15.00,575.00,700.00,4,125),(477,'8718800002248',0,1,'صغري',15,0.00,'2022-08-01',11.50,15.00,575.00,700.00,4,125),(478,'8718800017754',0,1,'صغري',15,0.00,'2022-08-01',11.50,15.00,575.00,700.00,4,125),(479,'6223001876366',0,1,'صغري',5,0.00,'2021-06-01',3.97,5.00,108.00,130.00,1,22),(480,'6223001874294',0,1,'صغري',17,0.00,'2021-06-08',15.50,17.00,167.50,200.00,2,14),(481,'6223001874294',0,1,'كبري',200,0.00,'2021-06-08',15.50,17.00,167.50,200.00,2,14),(482,'6223001874294',2,1,'كبري',200,12.00,'2021-06-08',15.50,17.00,167.50,200.00,2,14),(483,'6223001876366',2,1,'كبري',130,2.00,'2021-06-01',3.97,5.00,108.00,130.00,1,22),(484,'6223001878018',0,1,'صغري',23,0.00,'2020-12-15',21.45,23.00,128.70,138.00,2,9),(485,'6223001878018',0,1,'صغري',23,0.00,'2021-06-08',21.45,23.00,128.70,138.00,2,9),(486,'6223001878018',2,1,'كبري',138,2.00,'2021-06-08',21.45,23.00,128.70,138.00,2,9),(487,'6223001876861',2,1,'كبري',135,9.00,'2021-05-07',4.07,5.00,110.00,135.00,1,25),(488,'6223001876854',2,1,'كبري',135,8.00,'2021-05-15',4.07,5.00,110.00,135.00,2,0),(489,'6223001876908',2,1,'كبري',130,5.00,'2021-05-15',4.07,5.00,110.00,130.00,1,20),(490,'6223001876915',0,1,'صغري',5,0.00,'2021-12-08',2.83,5.00,77.00,130.00,2,53),(491,'6223001876915',2,1,'كبري',130,2.00,'2021-12-08',2.83,5.00,77.00,130.00,2,53),(492,'6223001875253',2,1,'كبري',130,1.00,'2021-12-13',2.83,5.00,77.00,130.00,2,53),(493,'6223001875215',2,1,'كبري',130,1.00,'2021-10-07',4.07,5.00,76.00,130.00,1,54),(494,'6223001875208',2,1,'كبري',130,8.00,'2021-10-13',2.83,5.00,76.00,130.00,2,54),(495,'6223001875192',0,1,'صغري',5,0.00,'2021-11-29',2.82,5.00,77.00,130.00,2,53),(496,'6223001875192',2,1,'كبري',130,8.00,'2021-10-13',2.82,5.00,77.00,130.00,2,53),(497,'6223001875239',2,1,'كبري',130,2.00,'2021-11-11',2.82,5.00,77.00,130.00,2,53),(498,'6223001875246',2,1,'كبري',130,6.00,'2021-10-21',2.82,5.00,77.00,130.00,2,53),(499,'6223001870050',0,1,'صغري',5,0.00,'2021-12-02',1.66,5.00,45.00,130.00,3,85),(500,'6223001870050',0,1,'صغري',5,0.00,'2021-12-02',2.82,5.00,77.00,130.00,2,53),(501,'6223001875222',0,1,'صغري',5,0.00,'2021-11-14',2.83,5.00,77.00,130.00,2,53),(502,'6223001879114',0,1,'صغري',12,0.00,'2021-11-22',8.63,12.00,102.71,140.00,3,37),(503,'6223001879138',0,1,'صغري',12,0.00,'2021-11-22',8.63,12.00,102.71,144.00,3,41),(504,'6223001879138',2,1,'كبري',144,1.00,'2021-10-31',8.63,12.00,102.71,144.00,3,41),(505,'6221134009545',0,1,'صغري',5,0.00,'2021-07-08',4.16,5.00,50.00,60.00,1,10),(506,'6223001872948',0,1,'صغري',3,0.00,'2020-12-24',1.82,2.50,87.00,95.00,1,8),(507,'6223001878803',0,1,'صغري',6,0.00,'2021-12-30',5.22,6.00,62.64,72.00,1,9),(508,'6223001878643',0,1,'صغري',12,0.00,'2020-12-27',9.58,12.00,115.00,140.00,2,25),(510,'6221031491122',0,1,'صغري',5,0.00,'2021-12-27',4.17,5.00,50.00,60.00,1,10),(511,'8718800056883',0,1,'صغري',50,0.00,'2022-08-08',40.00,50.00,480.00,600.00,10,120),(512,'6223001360186',0,1,'صغري',5,0.00,'2021-12-17',4.59,5.00,110.00,120.00,0,10),(513,'5281027000357',0,1,'صغري',3,0.00,'2021-12-12',1.35,3.00,27.00,35.00,2,8),(514,'5818885641',0,1,'صغري',10,0.00,'2021-12-31',5.00,10.00,180.00,220.00,5,40),(515,'3349467899',0,1,'صغري',12,0.00,'2021-12-18',7.00,12.00,180.00,300.00,6,40),(517,'4448621353',0,1,'صغري',10,0.00,'2021-12-31',5.00,10.00,180.00,220.00,5,40),(518,'8781273266',0,1,'صغري',15,0.00,'2021-12-30',8.00,15.00,180.00,220.00,7,40),(519,'1922642726',0,1,'صغري',5,0.00,'2021-12-31',3.00,5.00,180.00,220.00,2,40),(520,'5245952262',0,1,'صغري',5,0.00,'2021-12-31',3.00,5.00,100.00,150.00,2,50),(521,'7334967289',0,1,'صغري',15,0.00,'2021-12-31',10.00,15.00,100.00,150.00,5,50),(522,'1328764417',0,1,'صغري',20,0.00,'2021-12-31',12.00,20.00,100.00,150.00,8,50),(523,'6155987831',0,1,'صغري',20,0.00,'2021-12-31',12.00,20.00,100.00,150.00,8,50),(524,'6992179425',0,1,'صغري',20,0.00,'2021-12-31',12.00,20.00,100.00,150.00,8,50),(525,'3113141463',0,1,'صغري',15,0.00,'2020-12-18',8.00,15.00,100.00,150.00,7,50),(526,'7129974126',0,1,'صغري',20,0.00,'2020-12-19',12.00,20.00,180.00,220.00,8,40),(527,'3235355584',0,1,'صغري',20,0.00,'2020-12-19',12.00,20.00,180.00,220.00,8,40),(528,'7171667978',0,1,'صغري',15,0.00,'2020-12-19',8.00,15.00,100.00,150.00,7,50),(529,'1823441312',0,1,'صغري',5,0.00,'2020-12-19',3.00,5.00,20.00,30.00,2,10),(530,'2696363242',0,1,'صغري',5,0.00,'2021-12-30',3.00,5.00,20.00,30.00,2,10),(531,'6531938149',0,1,'صغري',5,0.00,'2021-12-31',3.00,5.00,20.00,30.00,2,10),(532,'6459659597',0,1,'صغري',15,0.00,'2021-12-31',8.00,15.00,100.00,150.00,7,50),(533,'1985333311',0,1,'صغري',15,0.00,'2021-12-31',8.00,15.00,100.00,150.00,7,50),(534,'7436639445',0,1,'صغري',15,0.00,'2021-12-31',8.00,15.00,100.00,150.00,7,50),(536,'2711765174',0,1,'صغري',10,0.00,'2021-12-31',5.00,10.00,100.00,150.00,5,50),(537,'8801073113800',0,1,'صغري',50,0.00,'2021-08-31',45.00,50.00,450.00,500.00,5,50),(538,'074603003287',0,1,'صغري',50,0.00,'2021-08-31',45.00,50.00,450.00,500.00,5,50),(539,'8801073113893',0,1,'صغري',50,0.00,'2021-08-31',45.00,50.00,450.00,500.00,5,50),(540,'6624000443618',0,1,'صغري',5,0.00,'2021-10-31',3.75,5.00,45.00,60.00,1,15),(541,'6223000491294',0,1,'صغري',3,0.00,'2021-02-25',2.50,3.00,60.00,72.00,1,12),(545,'8000380157440',0,1,'صغري',30,0.00,'2021-06-30',21.00,30.00,210.00,300.00,9,90),(546,'8000380156849',0,1,'صغري',30,0.00,'2021-06-30',21.00,30.00,210.00,300.00,9,90),(547,'6624000293053',0,1,'صغري',45,0.00,'2021-06-30',37.50,45.00,75.00,90.00,8,15),(548,'6624000293053',0,1,'صغري',45,0.00,'2021-06-30',37.50,45.00,75.00,90.00,8,15),(549,'8850412371500',0,1,'صغري',40,0.00,'2022-10-30',28.50,40.00,171.00,240.00,12,69),(550,'8850412371494',0,1,'صغري',40,0.00,'2022-10-30',28.50,40.00,171.00,240.00,12,69),(551,'8850412371036',0,1,'صغري',40,0.00,'2022-10-30',28.50,40.00,171.00,240.00,12,69),(552,'8850412370800',0,1,'صغري',40,0.00,'2022-10-30',28.50,40.00,171.00,240.00,12,69),(553,'5730800925009',0,1,'صغري',35,0.00,'2021-03-12',25.00,35.00,200.00,280.00,10,80),(554,'76222276',0,1,'صغري',8,0.00,'2021-02-09',5.00,8.00,160.00,250.00,3,90),(555,'5410126006353',0,1,'صغري',85,0.00,'2021-06-12',75.00,85.00,750.00,850.00,8,75),(556,'5410126006377',0,1,'صغري',85,0.00,'2021-06-12',75.00,85.00,750.00,850.00,5,75),(557,'7613036099387',0,1,'صغري',80,0.00,'2021-04-12',50.00,80.00,500.00,800.00,30,300),(558,'8000500267035',0,1,'صغري',10,0.00,'2021-02-12',7.00,10.00,70.00,100.00,3,30),(559,'04051806',0,1,'صغري',22,0.00,'2021-03-14',17.50,22.00,350.00,400.00,5,50),(560,'8992760221028',0,1,'صغري',25,0.00,'2021-06-14',18.50,25.00,440.00,600.00,7,160),(561,'7622210708434',0,1,'صغري',25,0.00,'2021-06-14',18.50,25.00,440.00,600.00,7,160),(562,'8801073210776',0,1,'صغري',50,0.00,'2021-02-28',39.00,50.00,1150.00,1500.00,11,350),(563,'8801073839830',0,1,'صغري',50,0.00,'2021-02-28',39.00,50.00,1150.00,1500.00,11,350),(564,'8000500227848',0,1,'صغري',90,0.00,'2021-03-20',70.00,90.00,700.00,900.00,20,200),(565,'80764021',0,1,'صغري',12,0.00,'2022-02-20',8.00,12.00,160.00,200.00,4,40),(566,'7622201425654',0,1,'صغري',45,0.00,'2021-01-31',36.00,45.00,360.00,450.00,9,90),(567,'6233914214',0,1,'صغري',150,0.00,'2021-08-25',120.00,150.00,1200.00,1500.00,30,300),(568,'9556995203724',0,1,'صغري',35,0.00,'2022-10-25',22.00,35.00,220.00,350.00,13,130),(569,'9556995203700',0,1,'صغري',35,0.00,'2022-10-25',22.00,35.00,220.00,350.00,13,130),(570,'9556995203687',0,1,'صغري',35,0.00,'2022-10-25',22.00,35.00,220.00,350.00,13,130),(571,'8997212600031',0,1,'صغري',55,0.00,'2021-09-25',39.00,55.00,390.00,550.00,16,160),(572,'8997212600048',0,1,'صغري',55,0.00,'2021-09-25',39.00,55.00,390.00,550.00,16,160),(573,'8997212600017',0,1,'صغري',55,0.00,'2021-09-25',39.00,55.00,390.00,550.00,16,160),(574,'8992741945271',0,1,'صغري',6,0.00,'2021-08-25',4.40,6.00,105.00,125.00,2,20),(575,'8992741904902',0,1,'صغري',6,0.00,'2021-08-25',4.40,6.00,105.00,125.00,2,20),(577,'5000159516211',0,1,'صغري',45,0.00,'2021-04-24',38.00,45.00,380.00,450.00,7,70),(578,'5000159516198',0,1,'صغري',45,0.00,'2021-04-24',38.00,45.00,380.00,450.00,7,70),(584,'4014400400007',0,1,'صغري',45,0.00,'2021-07-23',37.00,45.00,500.00,675.00,12,180),(585,'5000159533577',0,1,'صغري',65,0.00,'2021-06-20',55.00,65.00,550.00,650.00,10,100),(586,'5000159533638',0,1,'صغري',65,0.00,'2021-06-20',55.00,65.00,550.00,650.00,10,100),(587,'5900951288296',0,1,'صغري',65,0.00,'2021-06-20',55.00,65.00,550.00,650.00,10,100),(588,'5201127030818',0,1,'صغري',25,0.00,'2022-04-01',17.50,25.00,175.00,250.00,8,75),(589,'5201127029867',0,1,'صغري',25,0.00,'2021-08-17',17.50,25.00,175.00,250.00,8,75),(590,'5201127029867',0,1,'صغري',25,0.00,'2021-08-17',17.50,25.00,175.00,250.00,8,75),(591,'5201127049865',0,1,'صغري',25,0.00,'2021-08-17',17.50,25.00,175.00,250.00,8,75),(592,'5201127013866',0,1,'صغري',25,0.00,'2022-04-17',17.50,25.00,175.00,250.00,8,75),(593,'5060402905346',0,1,'صغري',75,0.00,'2021-03-26',67.00,75.00,670.00,750.00,13,130),(594,'5060402907906',0,1,'صغري',75,0.00,'2021-04-21',67.00,75.00,670.00,750.00,13,130),(595,'5060122039321',0,1,'صغري',75,0.00,'2021-04-21',67.00,75.00,670.00,750.00,13,130),(596,'9556474126025',0,1,'صغري',40,0.00,'2021-12-21',30.00,40.00,300.00,400.00,10,100),(597,'9556474125981',0,1,'صغري',40,0.00,'2021-12-21',30.00,40.00,300.00,400.00,10,100),(598,'1898831148',0,1,'صغري',20,0.00,'2020-12-20',9.17,20.00,110.00,240.00,11,130),(599,'5410126056198',0,1,'صغري',75,0.00,'2021-04-19',70.00,75.00,700.00,750.00,5,50),(600,'6223001930082',0,1,'صغري',3,0.00,'2021-12-30',1.40,3.00,28.00,35.00,2,7),(601,'6223001930082',2,1,'كبري',35,81.00,'2021-12-30',1.40,3.00,28.00,35.00,2,7),(604,'6223001361749',2,1,'كبري',120,6.00,'2021-12-30',3.59,5.00,88.00,120.00,1,0),(605,'6223001361732',2,1,'كبري',120,5.00,'2021-12-30',3.59,5.00,88.00,120.00,1,0),(608,'5449000289193',2,1,'كبري',120,2.00,'2021-12-30',4.30,5.00,105.00,120.00,1,0),(610,'6740419998621',0,1,'صغري',3,0.00,'2021-12-30',1.00,3.00,120.00,300.00,2,180),(611,'2665998861224',0,1,'صغري',30,0.00,'2021-12-30',23.34,30.00,210.00,270.00,6,50),(612,'2663224568824',0,1,'صغري',5,0.00,'2021-11-30',2.50,5.00,60.00,120.00,3,60),(613,'8859128600492',0,1,'صغري',30,0.00,'2021-12-30',21.00,30.00,490.00,720.00,9,230),(614,'074603005922',0,1,'صغري',55,0.00,'2021-12-23',48.00,55.00,480.00,500.00,7,20),(615,'074603006684',0,1,'صغري',55,0.00,'2021-12-23',48.00,55.00,480.00,500.00,7,20),(616,'8801073113428',0,1,'صغري',55,0.00,'2021-12-23',48.00,55.00,480.00,500.00,7,20),(617,'8801073110502',0,1,'صغري',55,0.00,'2021-12-23',48.00,55.00,480.00,500.00,7,20),(618,'8801073113312',0,1,'صغري',55,0.00,'2021-12-23',48.00,55.00,480.00,500.00,7,20),(619,'718791808223',0,1,'صغري',6,0.00,'2022-05-03',4.59,6.00,55.00,70.00,1,15),(620,'4000539770708',0,1,'صغري',95,0.00,'2021-03-03',82.50,95.00,820.00,950.00,13,130),(621,'4000539793806',0,1,'صغري',95,0.00,'2021-03-03',75.00,95.00,820.00,950.00,20,130),(622,'8000500024065',0,1,'صغري',245,0.00,'2021-05-30',220.00,245.00,2200.00,2450.00,25,250),(623,'5410126003802',0,1,'صغري',135,0.00,'2021-07-30',120.00,135.00,1200.00,1400.00,20,200),(624,'5410126003703',0,1,'صغري',135,0.00,'2021-07-30',120.00,135.00,1200.00,1400.00,20,200),(625,'5410126006216',0,1,'صغري',95,0.00,'2021-08-30',85.00,95.00,850.00,950.00,10,100),(626,'5410126006322',0,1,'صغري',90,0.00,'2021-08-30',75.00,90.00,750.00,900.00,15,150),(627,'6294001830108',0,1,'صغري',35,0.00,'2021-01-12',25.00,35.00,250.00,350.00,10,100),(628,'2377322722',0,1,'صغري',5,0.00,'2020-12-30',1.50,5.00,25.00,75.00,4,50),(629,'4671837198',0,1,'صغري',5,0.00,'2020-12-30',2.85,5.00,65.00,115.00,2,50),(630,'8000500278482',0,1,'صغري',35,0.00,'2021-06-30',24.00,35.00,240.00,350.00,11,110),(631,'7622201148270',0,1,'صغري',140,0.00,'2021-03-31',120.00,140.00,1200.00,1400.00,20,200),(632,'4677182336',0,1,'صغري',85,0.00,'2021-12-31',72.00,85.00,720.00,850.00,13,130),(633,'5000159469326',0,1,'صغري',22,0.00,'2021-04-30',20.00,22.00,200.00,220.00,2,20),(634,'8000300401073',0,1,'صغري',22,0.00,'2021-04-30',20.00,22.00,200.00,220.00,2,20),(635,'5187743587',0,1,'صغري',85,0.00,'2021-12-24',75.00,85.00,750.00,850.00,10,100),(636,'4747966459',0,1,'صغري',55,0.00,'2021-12-24',45.00,55.00,450.00,550.00,10,100),(637,'7622210638021',0,1,'صغري',65,0.00,'2021-04-30',60.00,65.00,600.00,650.00,5,50),(638,'7614500010617',0,1,'صغري',35,0.00,'2021-02-28',30.00,35.00,300.00,350.00,5,50),(640,'7613035510128',0,1,'صغري',10,0.00,'2020-12-31',5.00,10.00,200.00,250.00,5,50),(641,'8691720021509',0,1,'صغري',20,0.00,'2021-07-31',10.00,20.00,100.00,200.00,10,100),(642,'8690120092997',0,1,'صغري',10,0.00,'2021-10-31',4.00,10.00,40.00,100.00,6,60),(643,'80001737',0,1,'صغري',20,0.00,'2021-04-30',12.50,20.00,125.00,200.00,8,75),(644,'80001256',0,1,'صغري',20,0.00,'2021-04-30',12.50,20.00,125.00,200.00,8,75),(647,'80001027',0,1,'صغري',13,0.00,'2021-11-30',8.42,13.00,195.00,300.00,5,105),(648,'80001799',0,1,'صغري',13,0.00,'2021-11-30',8.42,13.00,195.00,300.00,5,105),(649,'80854357',0,1,'صغري',13,0.00,'2021-11-30',8.42,13.00,195.00,300.00,5,105),(650,'6223001361725',0,1,'كبري',120,0.00,'2021-12-30',3.59,5.00,89.00,120.00,0,0),(651,'6223001361725',2,1,'كبري',120,3.00,'2022-03-01',3.59,5.00,89.00,120.00,1,0),(652,'6223003806644',0,1,'صغري',2,0.00,'2021-12-25',1.67,2.00,20.00,24.00,0,4),(653,'40111216',0,1,'صغري',10,0.00,'2021-06-25',8.00,10.00,80.00,100.00,2,20),(654,'6223005404336',0,1,'صغري',2,0.00,'2021-09-16',0.84,2.00,10.00,24.00,1,14),(655,'6223005405760',0,1,'صغري',2,0.00,'2021-09-13',0.84,2.00,10.00,24.00,1,14),(656,'6223005400178',0,1,'صغري',2,0.00,'2021-05-27',1.67,2.00,20.00,24.00,0,4),(657,'6224010079021',0,1,'صغري',20,0.00,'2021-12-19',13.00,20.00,312.00,480.00,7,168),(658,'8595737347',0,1,'صغري',5,0.00,'2021-12-27',3.50,5.00,35.00,50.00,2,15),(659,'6294003568269',0,1,'صغري',135,0.00,'2021-08-30',110.00,135.00,1100.00,1350.00,25,250),(660,'6223006530300',0,1,'صغري',20,0.00,'2021-12-27',14.59,20.00,88.00,120.00,5,32),(663,'6221031491825',0,1,'صغري',5,0.00,'2021-12-31',4.50,5.00,45.00,50.00,1,5),(664,'7464693177',0,1,'صغري',5,0.00,'2020-12-26',0.55,5.00,28.00,100.00,4,72),(665,'5053990107315',0,1,'صغري',15,0.00,'2021-11-30',10.00,15.00,120.00,180.00,5,60),(668,'5053990107322',0,1,'صغري',15,0.00,'2021-11-30',10.00,15.00,120.00,180.00,5,60),(670,'6639351233',0,1,'صغري',20,0.00,'2025-12-31',10.00,20.00,100.00,200.00,10,100),(671,'8268556136',0,1,'صغري',20,0.00,'2021-12-31',10.00,20.00,100.00,200.00,10,100),(672,'6223001930044',0,1,'كبري',40,0.00,'2021-12-30',0.00,5.00,0.00,40.00,0,0),(673,'7187916283444',0,1,'كبري',80,0.00,'2021-12-30',0.00,3.00,0.00,80.00,0,0),(674,'7187916283444',2,1,'كبري',80,6.00,'2021-12-30',2.56,3.00,68.00,80.00,0,12),(675,'7187916184543',0,1,'كبري',80,0.00,'2021-12-30',0.00,4.00,0.00,80.00,0,0),(676,'7187916184543',2,1,'كبري',80,8.00,'2021-12-30',2.56,4.00,68.00,80.00,1,12),(677,'6223001930044',2,1,'كبري',40,53.00,'2021-12-30',2.09,5.00,28.00,40.00,3,12),(679,'7622210957375',0,1,'صغري',20,0.00,'2021-04-14',15.00,20.00,150.00,200.00,10,100),(680,'7622210957375',0,1,'صغري',20,0.00,'2021-04-14',15.00,20.00,150.00,200.00,10,100),(681,'6221134005394',0,1,'صغري',17,0.00,'2021-06-30',10.00,17.00,120.00,200.00,7,80),(682,'6291003087769',0,1,'صغري',5,0.00,'2021-04-30',3.00,5.00,30.00,50.00,2,20),(683,'6291003087707',0,1,'صغري',5,0.00,'2021-04-30',3.00,5.00,30.00,50.00,2,20),(684,'4014400902495',0,1,'صغري',30,0.00,'2021-04-30',15.00,30.00,150.00,300.00,15,150),(685,'5272222186',0,1,'صغري',15,0.00,'2021-12-28',10.00,15.00,60.00,90.00,5,30),(686,'6221031490170',0,1,'كبري',50,0.00,'2021-12-30',0.00,5.00,0.00,50.00,0,0),(687,'012000801655',0,1,'صغري',10,0.00,'2021-08-11',8.00,10.00,110.00,150.00,4,40),(688,'8000500032237',0,1,'صغري',175,0.00,'2021-05-23',145.00,175.00,580.00,700.00,30,120),(689,'6451283772',0,1,'صغري',25,0.00,'2021-10-10',18.50,25.00,185.00,250.00,7,65),(690,'1129623847',0,1,'صغري',45,0.00,'2021-09-20',40.00,45.00,480.00,540.00,5,60),(691,'9131676886',0,1,'صغري',17,0.00,'2021-12-31',10.00,17.00,270.00,300.00,7,30),(694,'7622210386410',0,1,'صغري',55,0.00,'2021-12-31',45.00,55.00,450.00,550.00,10,100),(695,'4011100037915',0,1,'صغري',45,0.00,'2021-08-01',40.00,45.00,400.00,450.00,5,50),(696,'4011100023925',0,1,'صغري',45,0.00,'2021-08-01',40.00,45.00,400.00,450.00,5,50),(697,'5000159309332',0,1,'صغري',45,0.00,'2021-08-01',40.00,45.00,400.00,450.00,5,50),(698,'4011100023710',0,1,'صغري',45,0.00,'2021-08-01',40.00,45.00,400.00,450.00,5,50),(699,'2928934748',0,1,'صغري',20,0.00,'2021-12-31',10.00,20.00,100.00,200.00,10,100),(700,'76222276',0,1,'صغري',8,0.00,'2021-12-30',5.00,8.00,160.00,250.00,3,90),(701,'8000380005918',0,1,'صغري',40,0.00,'2021-01-03',28.00,40.00,280.00,400.00,12,120),(702,'7622300491215',0,1,'صغري',75,0.00,'2021-09-30',60.00,75.00,600.00,750.00,15,150),(703,'4352351427',0,1,'صغري',20,0.00,'2021-08-31',10.00,20.00,290.00,400.00,5,110),(705,'5146423311',0,1,'صغري',30,0.00,'2021-10-15',21.00,30.00,210.00,300.00,9,90),(706,'80874652',0,1,'صغري',15,0.00,'2021-03-20',13.50,15.00,405.00,450.00,2,45),(707,'6624000293053',0,1,'صغري',45,0.00,'2021-12-31',37.50,45.00,75.00,90.00,8,15),(708,'6223000495124',0,1614,'كبري',50,0.00,'2021-04-17',4.17,5.00,50.00,60.00,1,10),(709,'6223000494264',0,1614,'كبري',50,0.00,'2021-03-30',4.17,5.00,50.00,60.00,1,10),(710,'8690705002793',0,1,'صغري',5,0.00,'2021-02-17',1.89,5.00,45.00,120.00,3,75),(711,'7613035195950',0,1,'صغري',23,0.00,'2021-05-30',19.00,23.00,450.00,550.00,4,100),(712,'5000159504706',0,1,'صغري',25,0.00,'2021-06-27',21.00,25.00,500.00,600.00,4,100),(713,'8534221825',0,1,'صغري',35,0.00,'2021-07-30',25.50,35.00,306.00,350.00,10,44),(714,'6538519163',0,1,'صغري',35,0.00,'2021-07-30',26.50,35.00,265.00,350.00,9,85),(715,'5423388569',0,1,'صغري',30,0.00,'2021-07-30',22.50,30.00,265.00,350.00,8,85),(716,'8000500267035',0,1,'صغري',10,0.00,'2021-02-28',7.00,10.00,70.00,100.00,3,30),(717,'9943343184',0,1,'صغري',25,0.00,'2021-03-31',15.50,25.00,235.00,375.00,10,140),(718,'5410126003703',0,1,'صغري',135,0.00,'2021-08-05',120.00,135.00,1200.00,1400.00,15,200),(719,'5410126003802',0,1,'صغري',135,0.00,'2021-08-04',120.00,135.00,1200.00,1400.00,15,200),(720,'5410126006216',0,1,'صغري',95,0.00,'2021-07-26',85.00,95.00,850.00,950.00,10,100),(721,'4014400400007',0,1,'صغري',45,0.00,'2021-06-30',37.00,45.00,500.00,675.00,12,180),(722,'7622210205728',0,1,'صغري',15,0.00,'2021-04-15',8.00,15.00,192.00,360.00,7,168),(723,'8000500023976',0,1,'صغري',80,0.00,'2021-08-04',65.00,80.00,650.00,800.00,15,100),(724,'7622201425654',0,1,'صغري',45,0.00,'2021-01-31',36.00,45.00,360.00,450.00,9,90),(725,'6224000000011',0,1,'صغري',15,0.00,'2021-04-01',9.00,15.00,50.00,90.00,6,40),(726,'6224000000011',0,1,'صغري',15,0.00,'2021-04-01',9.00,15.00,50.00,90.00,6,40),(727,'6291003084256',0,1,'صغري',60,0.00,'2021-12-31',43.75,60.00,437.50,600.00,23,230),(728,'8992741905718',0,1,'صغري',12,0.00,'2021-06-01',7.92,12.00,190.00,280.00,4,90),(729,'8992741905602',0,1,'صغري',12,0.00,'2021-06-01',7.92,12.00,190.00,280.00,4,90),(730,'4014400900880',0,1,'صغري',40,0.00,'2022-06-01',30.00,40.00,300.00,480.00,10,180),(731,'6223001872948',0,1,'صغري',3,0.00,'2021-01-11',1.82,2.50,87.00,95.00,1,8),(732,'7622210358400',0,1,'صغري',5,0.00,'2021-10-19',3.90,5.00,46.00,60.00,1,14),(733,'2643327644',0,1,'صغري',19,0.00,'2021-12-30',14.50,18.50,290.00,400.00,4,110),(734,'8411500117129',0,1,'صغري',20,0.00,'2021-12-31',13.00,20.00,130.00,200.00,7,70),(735,'7622201147952',0,1,'صغري',60,0.00,'2021-12-31',45.00,60.00,450.00,600.00,15,150),(736,'8690997083982',0,1,'صغري',2,0.00,'2021-12-31',0.65,2.00,80.00,110.00,1,30),(737,'5000159020312',0,1,'صغري',13,0.00,'2021-09-14',10.00,13.00,250.00,325.00,3,75),(738,'40111490',0,1,'صغري',13,0.00,'2021-10-10',10.00,13.00,240.00,310.00,3,70),(739,'6294001821670',0,1,'صغري',10,0.00,'2021-07-03',8.90,10.00,107.00,120.00,1,13),(740,'4011100037915',0,1,'صغري',45,0.00,'2021-09-12',40.00,45.00,400.00,450.00,5,50),(741,'5000159461122',0,1,'صغري',10,0.00,'2021-07-08',8.90,10.00,212.00,240.00,2,0),(742,'5000159407236',0,1,'صغري',10,0.00,'2021-07-08',8.90,10.00,212.00,240.00,1,28),(743,'4677182336',0,1,'صغري',85,0.00,'2021-01-28',72.00,85.00,720.00,850.00,13,130),(744,'6222014332807',0,1772,'كبري',163,0.00,'2021-12-31',6.04,7.00,163.00,185.00,1,22),(745,'6222014330643',0,1772,'كبري',163,0.00,'2021-12-31',6.04,7.00,163.00,185.00,1,22),(746,'6222014330650',0,1772,'كبري',163,0.00,'2021-12-31',6.04,7.00,163.00,185.00,1,22),(747,'6222014330667',0,1772,'كبري',163,0.00,'2021-12-31',6.04,7.00,163.00,185.00,1,22),(748,'6222014310881',0,1772,'كبري',109,0.00,'2021-12-31',4.04,5.00,109.00,135.00,1,26),(765,'80050278',0,1785,'',235,0.00,'2021-09-12',14.70,20.00,235.00,300.00,0,0),(766,'123456',0,1785,'',240,0.00,'2021-12-31',1.60,3.00,240.00,300.00,0,0),(767,'8692806080298',0,1785,'',60,0.00,'2021-12-31',3.00,5.00,60.00,120.00,0,0),(768,'8996001301715',0,1785,'',100,0.00,'2021-12-31',5.56,7.00,100.00,125.00,0,0),(769,'6294003532956',0,1785,'',145,0.00,'2021-12-31',3.46,5.00,145.00,175.00,0,0),(770,'6294003532987',0,1785,'',170,0.00,'2021-12-31',6.10,10.00,170.00,250.00,0,0),(779,'6291003088193',0,1802,'',44,0.00,'2021-12-31',1.90,3.00,44.31,72.00,0,0),(780,'6291003084256',0,1802,'',438,0.00,'2021-12-31',43.75,60.00,437.50,600.00,0,0),(781,'6291003081903',0,1802,'',51,0.00,'2021-12-31',4.25,5.00,51.00,60.00,0,0),(782,'6291003204999',0,1802,'',51,0.00,'2021-12-31',4.25,5.00,51.00,60.00,0,0),(783,'6291003203527',0,1802,'',51,0.00,'2021-12-31',3.65,5.00,51.00,65.00,0,0),(784,'8690146139881',0,1802,'',64,0.00,'2021-12-31',0.80,2.00,64.00,160.00,0,0),(785,'6291003087769',0,1802,'',0,0.00,'2021-12-31',3.00,5.00,30.00,50.00,0,0),(786,'6291003087707',0,1802,'',0,0.00,'2021-12-31',3.00,5.00,30.00,50.00,0,0),(787,'4757689136',0,1,'صغري',35,0.00,'2022-06-01',29.00,35.00,115.00,140.00,6,25),(788,'4757689136',0,1838,'كبري',115,0.00,'2021-09-12',29.00,35.00,115.00,140.00,6,25),(789,'6224008513490',0,1,'صغري',5,0.00,'2022-01-03',1.45,5.00,29.00,45.00,4,16),(790,'6224008513490',2,1,'كبري',45,125.00,'2022-01-03',1.45,5.00,29.00,45.00,4,16),(791,'6223003803940',0,1,'صغري',2,0.00,'2021-08-21',1.00,2.00,0.00,0.00,1,0),(792,'6223003806453',0,1,'صغري',2,0.00,'2021-09-26',1.67,2.00,20.00,24.00,0,4),(793,'8935001706588',0,1,'صغري',35,0.00,'2021-12-31',25.70,35.00,155.00,210.00,10,0),(795,'5900353244104',0,1,'صغري',3,0.00,'2021-10-15',1.60,3.00,115.00,210.00,1,95),(796,'8795873172',0,1,'صغري',12,0.00,'2021-12-31',7.00,12.00,70.00,120.00,5,50),(797,'1633652222',0,1,'صغري',15,0.00,'2021-12-31',9.00,15.00,90.00,150.00,6,60),(798,'6261648568',0,1,'صغري',10,0.00,'2021-12-31',6.00,10.00,60.00,100.00,4,40),(799,'4763491739',0,1,'صغري',25,0.00,'2021-12-31',16.00,25.00,160.00,250.00,9,90),(800,'8858933933',0,1,'صغري',25,0.00,'2021-12-31',15.00,25.00,150.00,250.00,10,100),(801,'3236394654',0,1,'صغري',30,0.00,'2021-12-31',20.00,30.00,200.00,300.00,10,100),(802,'6224010322011',0,1,'صغري',25,0.00,'2021-12-31',17.00,25.00,102.00,150.00,8,48),(803,'8000380005918',0,1,'صغري',40,0.00,'2022-02-28',28.00,40.00,280.00,400.00,12,120),(804,'7689533593',0,1,'صغري',3,0.00,'2021-12-31',1.20,3.00,20.00,72.00,2,52),(807,'8693029604339',0,1,'صغري',85,0.00,'2021-01-21',80.00,85.00,800.00,850.00,5,50),(808,'8693029604339',0,1,'صغري',85,0.00,'2021-02-05',80.00,85.00,800.00,850.00,5,50),(809,'8693029604339',0,1,'صغري',85,0.00,'2021-01-29',80.00,85.00,800.00,850.00,5,50),(810,'8693029604339',0,1,'صغري',85,0.00,'2021-01-29',80.00,85.00,800.00,850.00,5,50),(890,'80930303',0,2284,'كبري',150,0.00,'2021-09-12',6.00,8.00,150.00,180.00,0,0),(891,'5410126006049',0,2284,'كبري',420,0.00,'2021-09-12',20.00,25.00,420.00,500.00,0,0),(902,'6223000495124',0,2286,'كبري',50,0.00,'2021-09-12',4.17,5.00,50.00,60.00,0,0),(903,'5410126256017',0,2286,'كبري',420,0.00,'2021-09-12',42.00,48.00,420.00,480.00,0,0),(904,'5410126006049',0,2286,'كبري',420,0.00,'2021-09-12',20.00,25.00,420.00,500.00,0,0),(905,'6291003088193',0,2286,'كبري',44,0.00,'2020-11-11',1.90,3.00,44.31,72.00,0,0),(909,'5410126256017',0,2288,'كبري',420,0.00,'2021-09-12',42.00,48.00,420.00,480.00,0,0),(910,'6223000494264',0,2288,'كبري',50,0.00,'2021-09-12',4.17,5.00,50.00,60.00,0,0),(911,'6291003081903',0,2288,'كبري',51,0.00,'2021-09-12',4.25,5.00,51.00,60.00,0,0),(934,'5410126006049',0,2289,'كبري',420,0.00,'2021-01-20',20.00,25.00,420.00,500.00,0,0),(935,'6223000495124',0,2289,'كبري',50,0.00,'2021-01-19',4.17,5.00,50.00,60.00,0,0),(936,'5410126716016',0,2290,'كبري',480,0.00,'2022-02-07',48.00,50.00,480.00,500.00,2,20),(937,'5410126716016',0,2292,'كبري',480,0.00,'2021-08-20',48.00,50.00,480.00,500.00,2,20),(938,'6291003204999',0,2294,'كبري',51,0.00,'2021-01-26',4.25,5.00,51.00,60.00,1,9),(940,'7741635561',0,1,'شريط',6,0.00,'2021-01-30',5.00,6.00,10.00,12.00,1,2),(941,'7741635561',0,1,'علبة',12,0.00,'2021-06-09',5.00,6.00,10.00,12.00,1,2),(942,'7741635561',0,2299,'علبة',10,0.00,'2021-08-19',5.00,6.00,10.00,12.00,1,2),(943,'5900353244104',0,2301,'صغري',2,0.00,'2021-01-30',1.60,3.00,115.00,210.00,1,95),(944,'4958234917',0,1,'سم',2,0.00,'2021-05-13',1.00,2.00,20.00,40.00,1,20),(945,'4958234917',0,1,'عبوة',40,0.00,'2021-05-14',1.00,2.00,20.00,40.00,1,20),(948,'4260237350200',2,2323,'كبري',2700,2.00,'2021-02-13',270.00,300.00,2700.00,2900.00,30,200),(949,'5410126256017',2,2323,'كبري',420,3.00,'2021-02-13',42.00,48.00,420.00,480.00,6,60),(950,'8000300401073',2,2323,'كبري',200,6.00,'2021-02-13',20.00,22.00,200.00,220.00,2,20),(951,'5410126256017',0,1,'صغري',48,0.00,'2021-02-25',42.00,48.00,420.00,480.00,6,60),(952,'3046920029759',0,2325,'كبري',450,0.00,'2021-02-15',45.00,60.00,450.00,600.00,15,150),(953,'6291003203527',0,2325,'كبري',51,0.00,'2021-02-15',3.65,5.00,51.00,65.00,1,14),(954,'8534221825',0,2325,'كبري',306,0.00,'2021-02-15',25.50,35.00,306.00,350.00,10,44),(956,'5410126256017',0,2309,'صغري',40,0.00,'2021-06-11',42.00,48.00,420.00,480.00,0,0),(957,'6223001878643',0,2328,'كبري',115,0.00,'2021-05-23',9.58,12.00,115.00,140.00,2,25),(958,'012000801655',0,2330,'كبري',110,0.00,'2021-09-16',8.00,10.00,110.00,150.00,2,40),(959,'6221031490170',0,2330,'كبري',45,0.00,'2021-09-10',4.50,5.00,45.00,50.00,1,5),(960,'6221031490170',0,1,'صغري',5,0.00,'2022-02-24',4.50,5.00,45.00,50.00,1,5),(961,'7613035510128',0,1,'صغري',10,0.00,'12/29/2023',5.00,10.00,200.00,250.00,5,50),(962,'6155987831',0,2332,'كبري',100,0.00,'9/24/2023',12.00,20.00,100.00,150.00,8,50),(963,'6221031490170',0,2332,'كبري',45,0.00,'9/24/2023',4.50,5.00,45.00,50.00,1,5),(965,'009800800056',0,2333,'صغري',15,0.00,'11/28/2024',15.00,20.00,0.00,0.00,0,0);
/*!40000 ALTER TABLE `store_info` ENABLE KEYS */;
UNLOCK TABLES;

--
-- Table structure for table `unit`
--

DROP TABLE IF EXISTS `unit`;
/*!40101 SET @saved_cs_client     = @@character_set_client */;
/*!50503 SET character_set_client = utf8mb4 */;
CREATE TABLE `unit` (
  `id` int NOT NULL AUTO_INCREMENT,
  `name` varchar(50) NOT NULL,
  PRIMARY KEY (`id`)
) ENGINE=InnoDB DEFAULT CHARSET=utf8mb4 COLLATE=utf8mb4_0900_ai_ci;
/*!40101 SET character_set_client = @saved_cs_client */;

--
-- Dumping data for table `unit`
--

LOCK TABLES `unit` WRITE;
/*!40000 ALTER TABLE `unit` DISABLE KEYS */;
/*!40000 ALTER TABLE `unit` ENABLE KEYS */;
UNLOCK TABLES;

--
-- Table structure for table `users`
--

DROP TABLE IF EXISTS `users`;
/*!40101 SET @saved_cs_client     = @@character_set_client */;
/*!50503 SET character_set_client = utf8mb4 */;
CREATE TABLE `users` (
  `id` int NOT NULL,
  `username` varchar(50) DEFAULT NULL,
  `userpassword` varchar(50) DEFAULT NULL,
  `salary` int DEFAULT NULL,
  `type` varchar(20) NOT NULL,
  `debt` decimal(10,0) DEFAULT '0',
  PRIMARY KEY (`id`),
  UNIQUE KEY `username` (`username`),
  CONSTRAINT `users_ibfk_1` FOREIGN KEY (`id`) REFERENCES `person` (`id`) ON DELETE CASCADE ON UPDATE CASCADE
) ENGINE=InnoDB DEFAULT CHARSET=utf8mb4 COLLATE=utf8mb4_0900_ai_ci;
/*!40101 SET character_set_client = @saved_cs_client */;

--
-- Dumping data for table `users`
--

LOCK TABLES `users` WRITE;
/*!40000 ALTER TABLE `users` DISABLE KEYS */;
INSERT INTO `users` VALUES (1,'1','1',0,'مالك',0),(54957,'2','2',500,'كاشير',20);
/*!40000 ALTER TABLE `users` ENABLE KEYS */;
UNLOCK TABLES;

--
-- Table structure for table `walet`
--

DROP TABLE IF EXISTS `walet`;
/*!40101 SET @saved_cs_client     = @@character_set_client */;
/*!50503 SET character_set_client = utf8mb4 */;
CREATE TABLE `walet` (
  `amount` decimal(10,0) NOT NULL
) ENGINE=InnoDB DEFAULT CHARSET=utf8mb4 COLLATE=utf8mb4_0900_ai_ci;
/*!40101 SET character_set_client = @saved_cs_client */;

--
-- Dumping data for table `walet`
--

LOCK TABLES `walet` WRITE;
/*!40000 ALTER TABLE `walet` DISABLE KEYS */;
INSERT INTO `walet` VALUES (35);
/*!40000 ALTER TABLE `walet` ENABLE KEYS */;
UNLOCK TABLES;
/*!40103 SET TIME_ZONE=@OLD_TIME_ZONE */;

/*!40101 SET SQL_MODE=@OLD_SQL_MODE */;
/*!40014 SET FOREIGN_KEY_CHECKS=@OLD_FOREIGN_KEY_CHECKS */;
/*!40014 SET UNIQUE_CHECKS=@OLD_UNIQUE_CHECKS */;
/*!40101 SET CHARACTER_SET_CLIENT=@OLD_CHARACTER_SET_CLIENT */;
/*!40101 SET CHARACTER_SET_RESULTS=@OLD_CHARACTER_SET_RESULTS */;
/*!40101 SET COLLATION_CONNECTION=@OLD_COLLATION_CONNECTION */;
/*!40111 SET SQL_NOTES=@OLD_SQL_NOTES */;

-- Dump completed on 2023-08-31 11:22:02
